"DatGeracaoConjuntoDados";"SigAgente";"NumCPFCNPJ";"DscTipoOutorga";"SigUF";"DscRegiao";"AnoReferencia";"DscTipoObra";"DscTipoObraClasse";"VlrTotalRealizado";"VlrTotalPlanejado"
"2026-06-26 13:43:48.523000000";"Amazonas Energia";"02341467000120";"Concessão";"AM";"Norte";"2016";"Expansão";"";",00";"415539,72"
"2026-06-26 13:43:48.523000000";"Amazonas Energia";"02341467000120";"Concessão";"AM";"Norte";"2016";"Expansão";"Luz Para Todos";"86483553,00";"231326341,00"
"2026-06-26 13:43:48.523000000";"Amazonas Energia";"02341467000120";"Concessão";"AM";"Norte";"2016";"Expansão";"Planejamento Setorial";"53663520,01";"97364822,20"
"2026-06-26 13:43:48.523000000";"Amazonas Energia";"02341467000120";"Concessão";"AM";"Norte";"2016";"Melhoria";"";"1954890,10";"1801558,20"
"2026-06-26 13:43:48.523000000";"Amazonas Energia";"02341467000120";"Concessão";"AM";"Norte";"2016";"Melhoria";"Planejamento Setorial";"13913389,02";"10083539,48"
"2026-06-26 13:43:48.523000000";"Amazonas Energia";"02341467000120";"Concessão";"AM";"Norte";"2016";"Renovação";"Planejamento Setorial";"4439821,99";"9746004,08"
"2026-06-26 13:43:48.523000000";"Amazonas Energia";"02341467000120";"Concessão";"AM";"Norte";"2017";"Expansão";"Luz Para Todos";"112816256,00";"225401169,33"
"2026-06-26 13:43:48.523000000";"Amazonas Energia";"02341467000120";"Concessão";"AM";"Norte";"2017";"Expansão";"Planejamento Setorial";"25363092,92";"63042501,88"
"2026-06-26 13:43:48.523000000";"Amazonas Energia";"02341467000120";"Concessão";"AM";"Norte";"2017";"Melhoria";"Planejamento Setorial";"48029806,17";"55924558,08"
"2026-06-26 13:43:48.523000000";"Amazonas Energia";"02341467000120";"Concessão";"AM";"Norte";"2017";"Renovação";"Planejamento Setorial";"8005639,00";"13785721,03"
"2026-06-26 13:43:48.523000000";"Amazonas Energia";"02341467000120";"Concessão";"AM";"Norte";"2018";"Expansão";"";"5835358,30";"6309032,07"
"2026-06-26 13:43:48.523000000";"Amazonas Energia";"02341467000120";"Concessão";"AM";"Norte";"2018";"Expansão";"Luz Para Todos";",00";"276478140,42"
"2026-06-26 13:43:48.523000000";"Amazonas Energia";"02341467000120";"Concessão";"AM";"Norte";"2018";"Expansão";"Planejamento Setorial";"39661945,44";"38245583,29"
"2026-06-26 13:43:48.523000000";"Amazonas Energia";"02341467000120";"Concessão";"AM";"Norte";"2018";"Melhoria";"";"3818888,85";"8294554,88"
"2026-06-26 13:43:48.523000000";"Amazonas Energia";"02341467000120";"Concessão";"AM";"Norte";"2018";"Melhoria";"Planejamento Setorial";"46847053,56";"37976556,93"
"2026-06-26 13:43:48.523000000";"Amazonas Energia";"02341467000120";"Concessão";"AM";"Norte";"2019";"Expansão";"";"6434284,02";"8806320,88"
"2026-06-26 13:43:48.523000000";"Amazonas Energia";"02341467000120";"Concessão";"AM";"Norte";"2019";"Expansão";"Luz Para Todos";"49952829,00";"179040852,91"
"2026-06-26 13:43:48.523000000";"Amazonas Energia";"02341467000120";"Concessão";"AM";"Norte";"2019";"Expansão";"Planejamento Setorial";"64785362,19";"84786390,11"
"2026-06-26 13:43:48.523000000";"Amazonas Energia";"02341467000120";"Concessão";"AM";"Norte";"2019";"Melhoria";"";"6965645,78";"12034551,37"
"2026-06-26 13:43:48.523000000";"Amazonas Energia";"02341467000120";"Concessão";"AM";"Norte";"2019";"Melhoria";"Planejamento Setorial";"38287117,44";"71538363,55"
"2026-06-26 13:43:48.523000000";"Amazonas Energia";"02341467000120";"Concessão";"AM";"Norte";"2020";"Expansão";"";"9950182,64";"6766913,68"
"2026-06-26 13:43:48.523000000";"Amazonas Energia";"02341467000120";"Concessão";"AM";"Norte";"2020";"Expansão";"Luz Para Todos";"123635854,48";"268089635,81"
"2026-06-26 13:43:48.523000000";"Amazonas Energia";"02341467000120";"Concessão";"AM";"Norte";"2020";"Expansão";"Planejamento Setorial";"209902609,16";"338075512,39"
"2026-06-26 13:43:48.523000000";"Amazonas Energia";"02341467000120";"Concessão";"AM";"Norte";"2020";"Melhoria";"";"4738000,00";"8179243,69"
"2026-06-26 13:43:48.523000000";"Amazonas Energia";"02341467000120";"Concessão";"AM";"Norte";"2020";"Melhoria";"Planejamento Setorial";"46183012,55";"49067506,44"
"2026-06-26 13:43:48.523000000";"Amazonas Energia";"02341467000120";"Concessão";"AM";"Norte";"2021";"Expansão";"";"10380552,73";"17032844,47"
"2026-06-26 13:43:48.523000000";"Amazonas Energia";"02341467000120";"Concessão";"AM";"Norte";"2021";"Expansão";"Luz Para Todos";"49756878,75";"113426173,01"
"2026-06-26 13:43:48.523000000";"Amazonas Energia";"02341467000120";"Concessão";"AM";"Norte";"2021";"Expansão";"Planejamento Setorial";"91331041,60";"94364191,02"
"2026-06-26 13:43:48.523000000";"Amazonas Energia";"02341467000120";"Concessão";"AM";"Norte";"2021";"Melhoria";"";"34206348,03";"93180912,67"
"2026-06-26 13:43:48.523000000";"Amazonas Energia";"02341467000120";"Concessão";"AM";"Norte";"2021";"Melhoria";"Planejamento Setorial";"70336056,00";"145048517,94"
"2026-06-26 13:43:48.523000000";"Amazonas Energia";"02341467000120";"Concessão";"AM";"Norte";"2021";"Renovação";"Planejamento Setorial";"24380795,83";"35299888,54"
"2026-06-26 13:43:48.523000000";"Amazonas Energia";"02341467000120";"Concessão";"AM";"Norte";"2022";"Expansão";"";"33807687,24";"33624260,07"
"2026-06-26 13:43:48.523000000";"Amazonas Energia";"02341467000120";"Concessão";"AM";"Norte";"2022";"Expansão";"Luz Para Todos";"107989498,00";"183520397,71"
"2026-06-26 13:43:48.523000000";"Amazonas Energia";"02341467000120";"Concessão";"AM";"Norte";"2022";"Expansão";"Planejamento Setorial";"279612610,77";"289177799,38"
"2026-06-26 13:43:48.523000000";"Amazonas Energia";"02341467000120";"Concessão";"AM";"Norte";"2022";"Melhoria";"";"41187059,27";"253168119,44"
"2026-06-26 13:43:48.523000000";"Amazonas Energia";"02341467000120";"Concessão";"AM";"Norte";"2022";"Melhoria";"Planejamento Setorial";"72680340,99";"209744203,52"
"2026-06-26 13:43:48.523000000";"Amazonas Energia";"02341467000120";"Concessão";"AM";"Norte";"2022";"Renovação";"Planejamento Setorial";"36213895,92";"58118710,87"
"2026-06-26 13:43:48.523000000";"Amazonas Energia";"02341467000120";"Concessão";"AM";"Norte";"2023";"Expansão";"";"17962839,86";"34132170,72"
"2026-06-26 13:43:48.523000000";"Amazonas Energia";"02341467000120";"Concessão";"AM";"Norte";"2023";"Expansão";"Luz Para Todos";"173023997,09";"183520397,71"
"2026-06-26 13:43:48.523000000";"Amazonas Energia";"02341467000120";"Concessão";"AM";"Norte";"2023";"Expansão";"Planejamento Setorial";"148902632,66";"302973510,21"
"2026-06-26 13:43:48.523000000";"Amazonas Energia";"02341467000120";"Concessão";"AM";"Norte";"2023";"Melhoria";"";"79953678,17";"253399786,59"
"2026-06-26 13:43:48.523000000";"Amazonas Energia";"02341467000120";"Concessão";"AM";"Norte";"2023";"Melhoria";"Planejamento Setorial";"68957733,23";"167160183,71"
"2026-06-26 13:43:48.523000000";"Amazonas Energia";"02341467000120";"Concessão";"AM";"Norte";"2023";"Renovação";"Planejamento Setorial";"81291482,72";"101951074,58"
"2026-06-26 13:43:48.523000000";"Amazonas Energia";"02341467000120";"Concessão";"AM";"Norte";"2024";"Expansão";"";"35933380,35";"43333266,22"
"2026-06-26 13:43:48.523000000";"Amazonas Energia";"02341467000120";"Concessão";"AM";"Norte";"2024";"Expansão";"Luz Para Todos";"24599812,68";"451112807,56"
"2026-06-26 13:43:48.523000000";"Amazonas Energia";"02341467000120";"Concessão";"AM";"Norte";"2024";"Expansão";"Planejamento Setorial";"46087132,92";"37493156,88"
"2026-06-26 13:43:48.523000000";"Amazonas Energia";"02341467000120";"Concessão";"AM";"Norte";"2024";"Melhoria";"";"76660203,01";"245775415,93"
"2026-06-26 13:43:48.523000000";"Amazonas Energia";"02341467000120";"Concessão";"AM";"Norte";"2024";"Melhoria";"Planejamento Setorial";"42882136,22";"47882722,77"
"2026-06-26 13:43:48.523000000";"Amazonas Energia";"02341467000120";"Concessão";"AM";"Norte";"2024";"Renovação";"Planejamento Setorial";"27119654,06";"69792852,11"
"2026-06-26 13:43:48.523000000";"Amazonas Energia";"02341467000120";"Concessão";"AM";"Norte";"2025";"Expansão";"";"9361261,77";"29892052,89"
"2026-06-26 13:43:48.523000000";"Amazonas Energia";"02341467000120";"Concessão";"AM";"Norte";"2025";"Expansão";"Luz Para Todos";",00";"208845487,40"
"2026-06-26 13:43:48.523000000";"Amazonas Energia";"02341467000120";"Concessão";"AM";"Norte";"2025";"Expansão";"Planejamento Setorial";"180621509,13";"804394505,95"
"2026-06-26 13:43:48.523000000";"Amazonas Energia";"02341467000120";"Concessão";"AM";"Norte";"2025";"Melhoria";"";"47963174,87";"149518801,17"
"2026-06-26 13:43:48.523000000";"Amazonas Energia";"02341467000120";"Concessão";"AM";"Norte";"2025";"Melhoria";"Planejamento Setorial";"41053891,19";"45180375,13"
"2026-06-26 13:43:48.523000000";"Amazonas Energia";"02341467000120";"Concessão";"AM";"Norte";"2025";"Renovação";"Planejamento Setorial";"77726860,35";"69770905,25"
"2026-06-26 13:43:48.523000000";"Amazonas Energia";"02341467000120";"Concessão";"AM";"Norte";"2026";"Expansão";"";",00";"28672596,44"
"2026-06-26 13:43:48.523000000";"Amazonas Energia";"02341467000120";"Concessão";"AM";"Norte";"2026";"Expansão";"Planejamento Setorial";",00";"40320629,68"
"2026-06-26 13:43:48.523000000";"Amazonas Energia";"02341467000120";"Concessão";"AM";"Norte";"2026";"Melhoria";"";",00";"353352040,55"
"2026-06-26 13:43:48.523000000";"Amazonas Energia";"02341467000120";"Concessão";"AM";"Norte";"2026";"Melhoria";"Planejamento Setorial";",00";"83408193,67"
"2026-06-26 13:43:48.523000000";"Amazonas Energia";"02341467000120";"Concessão";"AM";"Norte";"2026";"Renovação";"Planejamento Setorial";",00";"123742097,74"
"2026-06-26 13:43:48.523000000";"Amazonas Energia";"02341467000120";"Concessão";"AM";"Norte";"2027";"Expansão";"";",00";"44676299,84"
"2026-06-26 13:43:48.523000000";"Amazonas Energia";"02341467000120";"Concessão";"AM";"Norte";"2027";"Expansão";"Planejamento Setorial";",00";"385716512,51"
"2026-06-26 13:43:48.523000000";"Amazonas Energia";"02341467000120";"Concessão";"AM";"Norte";"2027";"Melhoria";"";",00";"418772088,36"
"2026-06-26 13:43:48.523000000";"Amazonas Energia";"02341467000120";"Concessão";"AM";"Norte";"2027";"Melhoria";"Planejamento Setorial";",00";"96688526,46"
"2026-06-26 13:43:48.523000000";"Amazonas Energia";"02341467000120";"Concessão";"AM";"Norte";"2027";"Renovação";"Planejamento Setorial";",00";"137423928,59"
"2026-06-26 13:43:48.523000000";"Amazonas Energia";"02341467000120";"Concessão";"AM";"Norte";"2028";"Expansão";"";",00";"49317673,89"
"2026-06-26 13:43:48.523000000";"Amazonas Energia";"02341467000120";"Concessão";"AM";"Norte";"2028";"Expansão";"Planejamento Setorial";",00";"1743989875,10"
"2026-06-26 13:43:48.523000000";"Amazonas Energia";"02341467000120";"Concessão";"AM";"Norte";"2028";"Melhoria";"";",00";"422450552,16"
"2026-06-26 13:43:48.523000000";"Amazonas Energia";"02341467000120";"Concessão";"AM";"Norte";"2028";"Melhoria";"Planejamento Setorial";",00";"92476578,76"
"2026-06-26 13:43:48.523000000";"Amazonas Energia";"02341467000120";"Concessão";"AM";"Norte";"2028";"Renovação";"Planejamento Setorial";",00";"123809251,07"
"2026-06-26 13:43:48.523000000";"Amazonas Energia";"02341467000120";"Concessão";"AM";"Norte";"2029";"Expansão";"";",00";"43920426,82"
"2026-06-26 13:43:48.523000000";"Amazonas Energia";"02341467000120";"Concessão";"AM";"Norte";"2029";"Expansão";"Planejamento Setorial";",00";"33692926,19"
"2026-06-26 13:43:48.523000000";"Amazonas Energia";"02341467000120";"Concessão";"AM";"Norte";"2029";"Melhoria";"";",00";"429282956,07"
"2026-06-26 13:43:48.523000000";"Amazonas Energia";"02341467000120";"Concessão";"AM";"Norte";"2029";"Melhoria";"Planejamento Setorial";",00";"88204826,40"
"2026-06-26 13:43:48.523000000";"Amazonas Energia";"02341467000120";"Concessão";"AM";"Norte";"2029";"Renovação";"Planejamento Setorial";",00";"124605211,07"
"2026-06-26 13:43:48.523000000";"Amazonas Energia";"02341467000120";"Concessão";"AM";"Norte";"2030";"Expansão";"";",00";"34094240,17"
"2026-06-26 13:43:48.523000000";"Amazonas Energia";"02341467000120";"Concessão";"AM";"Norte";"2030";"Expansão";"Planejamento Setorial";",00";"144499877,22"
"2026-06-26 13:43:48.523000000";"Amazonas Energia";"02341467000120";"Concessão";"AM";"Norte";"2030";"Melhoria";"";",00";"428896295,84"
"2026-06-26 13:43:48.523000000";"Amazonas Energia";"02341467000120";"Concessão";"AM";"Norte";"2030";"Melhoria";"Planejamento Setorial";",00";"89057250,80"
"2026-06-26 13:43:48.523000000";"Amazonas Energia";"02341467000120";"Concessão";"AM";"Norte";"2030";"Renovação";"Planejamento Setorial";",00";"144455210,82"
"2026-06-26 13:43:48.523000000";"Castro-Dis";"30460297000139";"Permissão";"PR";"Sul";"2023";"Expansão";"Planejamento Setorial";"662105,59";"587245,66"
"2026-06-26 13:43:48.523000000";"Castro-Dis";"30460297000139";"Permissão";"PR";"Sul";"2023";"Melhoria";"Planejamento Setorial";"150939,34";"142740,00"
"2026-06-26 13:43:48.523000000";"Castro-Dis";"30460297000139";"Permissão";"PR";"Sul";"2023";"Renovação";"Planejamento Setorial";"178087,59";"167290,00"
"2026-06-26 13:43:48.523000000";"Castro-Dis";"30460297000139";"Permissão";"PR";"Sul";"2024";"Expansão";"Planejamento Setorial";"400797,12";"432947,60"
"2026-06-26 13:43:48.523000000";"Castro-Dis";"30460297000139";"Permissão";"PR";"Sul";"2024";"Melhoria";"Planejamento Setorial";"94460,00";"94460,00"
"2026-06-26 13:43:48.523000000";"Castro-Dis";"30460297000139";"Permissão";"PR";"Sul";"2024";"Renovação";"Planejamento Setorial";"200090,00";"210128,80"
"2026-06-26 13:43:48.523000000";"Castro-Dis";"30460297000139";"Permissão";"PR";"Sul";"2025";"Expansão";"Planejamento Setorial";"558026,25";"443582,00"
"2026-06-26 13:43:48.523000000";"Castro-Dis";"30460297000139";"Permissão";"PR";"Sul";"2025";"Melhoria";"Planejamento Setorial";"182350,25";"123350,00"
"2026-06-26 13:43:48.523000000";"Castro-Dis";"30460297000139";"Permissão";"PR";"Sul";"2025";"Renovação";"Planejamento Setorial";"472535,33";"347022,00"
"2026-06-26 13:43:48.523000000";"Castro-Dis";"30460297000139";"Permissão";"PR";"Sul";"2026";"Expansão";"Planejamento Setorial";",00";"506990,00"
"2026-06-26 13:43:48.523000000";"Castro-Dis";"30460297000139";"Permissão";"PR";"Sul";"2026";"Melhoria";"Planejamento Setorial";",00";"140600,00"
"2026-06-26 13:43:48.523000000";"Castro-Dis";"30460297000139";"Permissão";"PR";"Sul";"2026";"Renovação";"Planejamento Setorial";",00";"350989,00"
"2026-06-26 13:43:48.523000000";"Castro-Dis";"30460297000139";"Permissão";"PR";"Sul";"2027";"Expansão";"Planejamento Setorial";",00";"554850,00"
"2026-06-26 13:43:48.523000000";"Castro-Dis";"30460297000139";"Permissão";"PR";"Sul";"2027";"Renovação";"Planejamento Setorial";",00";"555250,00"
"2026-06-26 13:43:48.523000000";"Castro-Dis";"30460297000139";"Permissão";"PR";"Sul";"2028";"Expansão";"Planejamento Setorial";",00";"540400,00"
"2026-06-26 13:43:48.523000000";"Castro-Dis";"30460297000139";"Permissão";"PR";"Sul";"2028";"Renovação";"Planejamento Setorial";",00";"577000,00"
"2026-06-26 13:43:48.523000000";"Castro-Dis";"30460297000139";"Permissão";"PR";"Sul";"2029";"Expansão";"Planejamento Setorial";",00";"559750,00"
"2026-06-26 13:43:48.523000000";"Castro-Dis";"30460297000139";"Permissão";"PR";"Sul";"2029";"Renovação";"Planejamento Setorial";",00";"597450,00"
"2026-06-26 13:43:48.523000000";"Castro-Dis";"30460297000139";"Permissão";"PR";"Sul";"2030";"Expansão";"Planejamento Setorial";",00";"609700,00"
"2026-06-26 13:43:48.523000000";"Castro-Dis";"30460297000139";"Permissão";"PR";"Sul";"2030";"Renovação";"Planejamento Setorial";",00";"580950,00"
"2026-06-26 13:43:48.523000000";"CEA Equatorial";"05965546000109";"Concessão";"AP";"Norte";"2016";"Expansão";"Planejamento Setorial";"2005608,56";",00"
"2026-06-26 13:43:48.523000000";"CEA Equatorial";"05965546000109";"Concessão";"AP";"Norte";"2016";"Melhoria";"Planejamento Setorial";"39062,72";",00"
"2026-06-26 13:43:48.523000000";"CEA Equatorial";"05965546000109";"Concessão";"AP";"Norte";"2016";"Renovação";"Planejamento Setorial";"49273,60";",00"
"2026-06-26 13:43:48.523000000";"CEA Equatorial";"05965546000109";"Concessão";"AP";"Norte";"2017";"Expansão";"Luz Para Todos";",00";"21564481,91"
"2026-06-26 13:43:48.523000000";"CEA Equatorial";"05965546000109";"Concessão";"AP";"Norte";"2017";"Expansão";"Planejamento Setorial";"3187026,83";"50016086,94"
"2026-06-26 13:43:48.523000000";"CEA Equatorial";"05965546000109";"Concessão";"AP";"Norte";"2017";"Melhoria";"Planejamento Setorial";"592856,32";"421744,88"
"2026-06-26 13:43:48.523000000";"CEA Equatorial";"05965546000109";"Concessão";"AP";"Norte";"2017";"Renovação";"Planejamento Setorial";",00";"410346,48"
"2026-06-26 13:43:48.523000000";"CEA Equatorial";"05965546000109";"Concessão";"AP";"Norte";"2018";"Expansão";"Luz Para Todos";",00";"17061762,64"
"2026-06-26 13:43:48.523000000";"CEA Equatorial";"05965546000109";"Concessão";"AP";"Norte";"2018";"Expansão";"Planejamento Setorial";"518611,06";"28914050,59"
"2026-06-26 13:43:48.523000000";"CEA Equatorial";"05965546000109";"Concessão";"AP";"Norte";"2018";"Melhoria";"Planejamento Setorial";",00";"421744,88"
"2026-06-26 13:43:48.523000000";"CEA Equatorial";"05965546000109";"Concessão";"AP";"Norte";"2018";"Renovação";"Planejamento Setorial";",00";"410346,48"
"2026-06-26 13:43:48.523000000";"CEA Equatorial";"05965546000109";"Concessão";"AP";"Norte";"2019";"Expansão";"Luz Para Todos";"7755104,74";"8263730,00"
"2026-06-26 13:43:48.523000000";"CEA Equatorial";"05965546000109";"Concessão";"AP";"Norte";"2019";"Expansão";"Planejamento Setorial";"1769315,03";"39109096,06"
"2026-06-26 13:43:48.523000000";"CEA Equatorial";"05965546000109";"Concessão";"AP";"Norte";"2019";"Melhoria";"Planejamento Setorial";"200485,23";"1216417,82"
"2026-06-26 13:43:48.523000000";"CEA Equatorial";"05965546000109";"Concessão";"AP";"Norte";"2019";"Renovação";"Planejamento Setorial";",00";"410346,48"
"2026-06-26 13:43:48.523000000";"CEA Equatorial";"05965546000109";"Concessão";"AP";"Norte";"2020";"Expansão";"Luz Para Todos";"8263730,00";"8263730,00"
"2026-06-26 13:43:48.523000000";"CEA Equatorial";"05965546000109";"Concessão";"AP";"Norte";"2020";"Expansão";"Planejamento Setorial";"652815,03";"31828761,92"
"2026-06-26 13:43:48.523000000";"CEA Equatorial";"05965546000109";"Concessão";"AP";"Norte";"2020";"Melhoria";"Planejamento Setorial";"200485,23";"1216417,82"
"2026-06-26 13:43:48.523000000";"CEA Equatorial";"05965546000109";"Concessão";"AP";"Norte";"2020";"Renovação";"Planejamento Setorial";",00";"410346,48"
"2026-06-26 13:43:48.523000000";"CEA Equatorial";"05965546000109";"Concessão";"AP";"Norte";"2021";"Expansão";"Planejamento Setorial";"6583412,87";"41934900,95"
"2026-06-26 13:43:48.523000000";"CEA Equatorial";"05965546000109";"Concessão";"AP";"Norte";"2021";"Melhoria";"Planejamento Setorial";"16866,43";"1216417,82"
"2026-06-26 13:43:48.523000000";"CEA Equatorial";"05965546000109";"Concessão";"AP";"Norte";"2021";"Renovação";"Planejamento Setorial";"179041,74";"410346,48"
"2026-06-26 13:43:48.523000000";"CEA Equatorial";"05965546000109";"Concessão";"AP";"Norte";"2022";"Expansão";"";"1345985,02";"45508705,92"
"2026-06-26 13:43:48.523000000";"CEA Equatorial";"05965546000109";"Concessão";"AP";"Norte";"2022";"Expansão";"Luz Para Todos";",00";"68775596,62"
"2026-06-26 13:43:48.523000000";"CEA Equatorial";"05965546000109";"Concessão";"AP";"Norte";"2022";"Expansão";"Obra com Participação Financeira";"28124,49";"8393845,51"
"2026-06-26 13:43:48.523000000";"CEA Equatorial";"05965546000109";"Concessão";"AP";"Norte";"2022";"Melhoria";"";"12049065,79";"84915653,37"
"2026-06-26 13:43:48.523000000";"CEA Equatorial";"05965546000109";"Concessão";"AP";"Norte";"2022";"Renovação";"";"1374129,35";"65027244,83"
"2026-06-26 13:43:48.523000000";"CEA Equatorial";"05965546000109";"Concessão";"AP";"Norte";"2023";"Expansão";"";"107623105,43";"50925623,76"
"2026-06-26 13:43:48.523000000";"CEA Equatorial";"05965546000109";"Concessão";"AP";"Norte";"2023";"Expansão";"Luz Para Todos";"26608457,37";"151301601,18"
"2026-06-26 13:43:48.523000000";"CEA Equatorial";"05965546000109";"Concessão";"AP";"Norte";"2023";"Expansão";"Obra com Participação Financeira";"751397,36";"1179062,24"
"2026-06-26 13:43:48.523000000";"CEA Equatorial";"05965546000109";"Concessão";"AP";"Norte";"2023";"Melhoria";"";"146546845,18";"150785867,94"
"2026-06-26 13:43:48.523000000";"CEA Equatorial";"05965546000109";"Concessão";"AP";"Norte";"2023";"Renovação";"";"113519977,87";"95504608,22"
"2026-06-26 13:43:48.523000000";"CEA Equatorial";"05965546000109";"Concessão";"AP";"Norte";"2024";"Expansão";"";"20770643,02";"63260915,51"
"2026-06-26 13:43:48.523000000";"CEA Equatorial";"05965546000109";"Concessão";"AP";"Norte";"2024";"Expansão";"Luz Para Todos";"89306748,07";"99746918,54"
"2026-06-26 13:43:48.523000000";"CEA Equatorial";"05965546000109";"Concessão";"AP";"Norte";"2024";"Expansão";"Obra com Participação Financeira";"2114525,56";"2894503,94"
"2026-06-26 13:43:48.523000000";"CEA Equatorial";"05965546000109";"Concessão";"AP";"Norte";"2024";"Expansão";"Planejamento Setorial";"279426,99";"921603,40"
"2026-06-26 13:43:48.523000000";"CEA Equatorial";"05965546000109";"Concessão";"AP";"Norte";"2024";"Melhoria";"";"33060948,67";"122700648,70"
"2026-06-26 13:43:48.523000000";"CEA Equatorial";"05965546000109";"Concessão";"AP";"Norte";"2024";"Renovação";"";"23200943,32";"24738319,50"
"2026-06-26 13:43:48.523000000";"CEA Equatorial";"05965546000109";"Concessão";"AP";"Norte";"2025";"Expansão";"";"72033743,95";"54518255,60"
"2026-06-26 13:43:48.523000000";"CEA Equatorial";"05965546000109";"Concessão";"AP";"Norte";"2025";"Expansão";"Luz Para Todos";"144924050,08";"219401140,73"
"2026-06-26 13:43:48.523000000";"CEA Equatorial";"05965546000109";"Concessão";"AP";"Norte";"2025";"Expansão";"Obra com Participação Financeira";"6412155,11";"8060642,88"
"2026-06-26 13:43:48.523000000";"CEA Equatorial";"05965546000109";"Concessão";"AP";"Norte";"2025";"Melhoria";"";"255225120,85";"170824694,33"
"2026-06-26 13:43:48.523000000";"CEA Equatorial";"05965546000109";"Concessão";"AP";"Norte";"2025";"Renovação";"";"35678998,42";"45783585,10"
"2026-06-26 13:43:48.523000000";"CEA Equatorial";"05965546000109";"Concessão";"AP";"Norte";"2026";"Expansão";"";",00";"76673132,46"
"2026-06-26 13:43:48.523000000";"CEA Equatorial";"05965546000109";"Concessão";"AP";"Norte";"2026";"Expansão";"Luz Para Todos";",00";"76005505,47"
"2026-06-26 13:43:48.523000000";"CEA Equatorial";"05965546000109";"Concessão";"AP";"Norte";"2026";"Expansão";"Obra com Participação Financeira";",00";"6424670,49"
"2026-06-26 13:43:48.523000000";"CEA Equatorial";"05965546000109";"Concessão";"AP";"Norte";"2026";"Melhoria";"";",00";"97945275,63"
"2026-06-26 13:43:48.523000000";"CEA Equatorial";"05965546000109";"Concessão";"AP";"Norte";"2026";"Renovação";"";",00";"30291624,70"
"2026-06-26 13:43:48.523000000";"CEA Equatorial";"05965546000109";"Concessão";"AP";"Norte";"2027";"Expansão";"";",00";"27951534,47"
"2026-06-26 13:43:48.523000000";"CEA Equatorial";"05965546000109";"Concessão";"AP";"Norte";"2027";"Expansão";"Luz Para Todos";",00";"40955141,73"
"2026-06-26 13:43:48.523000000";"CEA Equatorial";"05965546000109";"Concessão";"AP";"Norte";"2027";"Expansão";"Obra com Participação Financeira";",00";"6424670,49"
"2026-06-26 13:43:48.523000000";"CEA Equatorial";"05965546000109";"Concessão";"AP";"Norte";"2027";"Melhoria";"";",00";"45932022,40"
"2026-06-26 13:43:48.523000000";"CEA Equatorial";"05965546000109";"Concessão";"AP";"Norte";"2027";"Renovação";"";",00";"16381261,85"
"2026-06-26 13:43:48.523000000";"CEA Equatorial";"05965546000109";"Concessão";"AP";"Norte";"2028";"Expansão";"";",00";"54661964,84"
"2026-06-26 13:43:48.523000000";"CEA Equatorial";"05965546000109";"Concessão";"AP";"Norte";"2028";"Expansão";"Obra com Participação Financeira";",00";"6424670,49"
"2026-06-26 13:43:48.523000000";"CEA Equatorial";"05965546000109";"Concessão";"AP";"Norte";"2028";"Melhoria";"";",00";"59683954,50"
"2026-06-26 13:43:48.523000000";"CEA Equatorial";"05965546000109";"Concessão";"AP";"Norte";"2028";"Renovação";"";",00";"15095937,92"
"2026-06-26 13:43:48.523000000";"CEA Equatorial";"05965546000109";"Concessão";"AP";"Norte";"2029";"Expansão";"";",00";"79730768,39"
"2026-06-26 13:43:48.523000000";"CEA Equatorial";"05965546000109";"Concessão";"AP";"Norte";"2029";"Expansão";"Luz Para Todos";",00";"78625269,00"
"2026-06-26 13:43:48.523000000";"CEA Equatorial";"05965546000109";"Concessão";"AP";"Norte";"2029";"Expansão";"Obra com Participação Financeira";",00";"5727160,75"
"2026-06-26 13:43:48.523000000";"CEA Equatorial";"05965546000109";"Concessão";"AP";"Norte";"2029";"Melhoria";"";",00";"43369224,63"
"2026-06-26 13:43:48.523000000";"CEA Equatorial";"05965546000109";"Concessão";"AP";"Norte";"2029";"Renovação";"";",00";"18921681,60"
"2026-06-26 13:43:48.523000000";"CEA Equatorial";"05965546000109";"Concessão";"AP";"Norte";"2030";"Expansão";"";",00";"58559755,21"
"2026-06-26 13:43:48.523000000";"CEA Equatorial";"05965546000109";"Concessão";"AP";"Norte";"2030";"Expansão";"Luz Para Todos";",00";"78625269,00"
"2026-06-26 13:43:48.523000000";"CEA Equatorial";"05965546000109";"Concessão";"AP";"Norte";"2030";"Expansão";"Obra com Participação Financeira";",00";"5727160,75"
"2026-06-26 13:43:48.523000000";"CEA Equatorial";"05965546000109";"Concessão";"AP";"Norte";"2030";"Melhoria";"";",00";"47474403,49"
"2026-06-26 13:43:48.523000000";"CEA Equatorial";"05965546000109";"Concessão";"AP";"Norte";"2030";"Renovação";"";",00";"35322618,21"
"2026-06-26 13:43:48.523000000";"Cedrap";"60196987000193";"Permissão";"SP";"Sudeste";"2016";"Expansão";"";"319200,94";"385691,10"
"2026-06-26 13:43:48.523000000";"Cedrap";"60196987000193";"Permissão";"SP";"Sudeste";"2016";"Expansão";"Obra com Participação Financeira";"1944620,23";"1944224,49"
"2026-06-26 13:43:48.523000000";"Cedrap";"60196987000193";"Permissão";"SP";"Sudeste";"2016";"Expansão";"Planejamento Setorial";"166835,73";",00"
"2026-06-26 13:43:48.523000000";"Cedrap";"60196987000193";"Permissão";"SP";"Sudeste";"2016";"Melhoria";"";"269275,91";"287620,66"
"2026-06-26 13:43:48.523000000";"Cedrap";"60196987000193";"Permissão";"SP";"Sudeste";"2016";"Renovação";"";"343835,70";"473515,34"
"2026-06-26 13:43:48.523000000";"Cedrap";"60196987000193";"Permissão";"SP";"Sudeste";"2017";"Expansão";"";"445952,36";"233108,20"
"2026-06-26 13:43:48.523000000";"Cedrap";"60196987000193";"Permissão";"SP";"Sudeste";"2017";"Expansão";"Obra com Participação Financeira";"571920,33";",00"
"2026-06-26 13:43:48.523000000";"Cedrap";"60196987000193";"Permissão";"SP";"Sudeste";"2017";"Melhoria";"";"565063,66";"254502,46"
"2026-06-26 13:43:48.523000000";"Cedrap";"60196987000193";"Permissão";"SP";"Sudeste";"2017";"Renovação";"";"491290,45";"133144,36"
"2026-06-26 13:43:48.523000000";"Cedrap";"60196987000193";"Permissão";"SP";"Sudeste";"2018";"Expansão";"";"418547,72";"675975,00"
"2026-06-26 13:43:48.523000000";"Cedrap";"60196987000193";"Permissão";"SP";"Sudeste";"2018";"Expansão";"Obra com Participação Financeira";"284870,48";",00"
"2026-06-26 13:43:48.523000000";"Cedrap";"60196987000193";"Permissão";"SP";"Sudeste";"2018";"Melhoria";"";"344573,14";"334550,70"
"2026-06-26 13:43:48.523000000";"Cedrap";"60196987000193";"Permissão";"SP";"Sudeste";"2018";"Melhoria";"Obra com Participação Financeira";"310168,10";",00"
"2026-06-26 13:43:48.523000000";"Cedrap";"60196987000193";"Permissão";"SP";"Sudeste";"2018";"Renovação";"";"469533,30";"160121,23"
"2026-06-26 13:43:48.523000000";"Cedrap";"60196987000193";"Permissão";"SP";"Sudeste";"2019";"Expansão";"";"465868,86";"501728,50"
"2026-06-26 13:43:48.523000000";"Cedrap";"60196987000193";"Permissão";"SP";"Sudeste";"2019";"Expansão";"Obra com Participação Financeira";"137242,60";"137724,38"
"2026-06-26 13:43:48.523000000";"Cedrap";"60196987000193";"Permissão";"SP";"Sudeste";"2019";"Melhoria";"";"512317,09";"473301,12"
"2026-06-26 13:43:48.523000000";"Cedrap";"60196987000193";"Permissão";"SP";"Sudeste";"2019";"Renovação";"";"256299,13";"192857,28"
"2026-06-26 13:43:48.523000000";"Cedrap";"60196987000193";"Permissão";"SP";"Sudeste";"2020";"Expansão";"";"201695,78";"277809,08"
"2026-06-26 13:43:48.523000000";"Cedrap";"60196987000193";"Permissão";"SP";"Sudeste";"2020";"Expansão";"Obra com Participação Financeira";",00";"700000,00"
"2026-06-26 13:43:48.523000000";"Cedrap";"60196987000193";"Permissão";"SP";"Sudeste";"2020";"Expansão";"Planejamento Setorial";"13897,71";"33462,26"
"2026-06-26 13:43:48.523000000";"Cedrap";"60196987000193";"Permissão";"SP";"Sudeste";"2020";"Melhoria";"";"151267,20";"117133,42"
"2026-06-26 13:43:48.523000000";"Cedrap";"60196987000193";"Permissão";"SP";"Sudeste";"2020";"Renovação";"";"400489,83";"458809,38"
"2026-06-26 13:43:48.523000000";"Cedrap";"60196987000193";"Permissão";"SP";"Sudeste";"2021";"Expansão";"";"375299,34";"338477,44"
"2026-06-26 13:43:48.523000000";"Cedrap";"60196987000193";"Permissão";"SP";"Sudeste";"2021";"Expansão";"Obra com Participação Financeira";"708391,97";",00"
"2026-06-26 13:43:48.523000000";"Cedrap";"60196987000193";"Permissão";"SP";"Sudeste";"2021";"Expansão";"Planejamento Setorial";"47177,23";"43289,29"
"2026-06-26 13:43:48.523000000";"Cedrap";"60196987000193";"Permissão";"SP";"Sudeste";"2021";"Melhoria";"";"310576,71";"456393,60"
"2026-06-26 13:43:48.523000000";"Cedrap";"60196987000193";"Permissão";"SP";"Sudeste";"2021";"Renovação";"";"405873,90";"371281,76"
"2026-06-26 13:43:48.523000000";"Cedrap";"60196987000193";"Permissão";"SP";"Sudeste";"2022";"Expansão";"";"286310,79";"422678,27"
"2026-06-26 13:43:48.523000000";"Cedrap";"60196987000193";"Permissão";"SP";"Sudeste";"2022";"Expansão";"Planejamento Setorial";"50068,25";"50068,25"
"2026-06-26 13:43:48.523000000";"Cedrap";"60196987000193";"Permissão";"SP";"Sudeste";"2022";"Melhoria";"";"185248,57";"155702,41"
"2026-06-26 13:43:48.523000000";"Cedrap";"60196987000193";"Permissão";"SP";"Sudeste";"2022";"Melhoria";"Planejamento Setorial";"26843,28";",00"
"2026-06-26 13:43:48.523000000";"Cedrap";"60196987000193";"Permissão";"SP";"Sudeste";"2022";"Renovação";"";"370924,45";"446839,96"
"2026-06-26 13:43:48.523000000";"Cedrap";"60196987000193";"Permissão";"SP";"Sudeste";"2023";"Expansão";"";"195900,00";"240228,52"
"2026-06-26 13:43:48.523000000";"Cedrap";"60196987000193";"Permissão";"SP";"Sudeste";"2023";"Expansão";"Planejamento Setorial";"278741,50";"354104,02"
"2026-06-26 13:43:48.523000000";"Cedrap";"60196987000193";"Permissão";"SP";"Sudeste";"2023";"Melhoria";"";"107009,35";"100758,16"
"2026-06-26 13:43:48.523000000";"Cedrap";"60196987000193";"Permissão";"SP";"Sudeste";"2023";"Renovação";"";"506608,56";"544246,21"
"2026-06-26 13:43:48.523000000";"Cedrap";"60196987000193";"Permissão";"SP";"Sudeste";"2024";"Expansão";"Planejamento Setorial";"1052767,70";"94411,95"
"2026-06-26 13:43:48.523000000";"Cedrap";"60196987000193";"Permissão";"SP";"Sudeste";"2024";"Melhoria";"Planejamento Setorial";"691448,53";"974744,40"
"2026-06-26 13:43:48.523000000";"Cedrap";"60196987000193";"Permissão";"SP";"Sudeste";"2024";"Renovação";"Planejamento Setorial";"432486,73";"437486,73"
"2026-06-26 13:43:48.523000000";"Cedrap";"60196987000193";"Permissão";"SP";"Sudeste";"2025";"Expansão";"Planejamento Setorial";"94411,00";"94411,95"
"2026-06-26 13:43:48.523000000";"Cedrap";"60196987000193";"Permissão";"SP";"Sudeste";"2025";"Melhoria";"Planejamento Setorial";"980037,11";"1135125,56"
"2026-06-26 13:43:48.523000000";"Cedrap";"60196987000193";"Permissão";"SP";"Sudeste";"2025";"Renovação";"Planejamento Setorial";"567114,36";"532486,73"
"2026-06-26 13:43:48.523000000";"Cedrap";"60196987000193";"Permissão";"SP";"Sudeste";"2026";"Expansão";"Planejamento Setorial";",00";"1178160,00"
"2026-06-26 13:43:48.523000000";"Cedrap";"60196987000193";"Permissão";"SP";"Sudeste";"2026";"Melhoria";"Planejamento Setorial";",00";"320202,36"
"2026-06-26 13:43:48.523000000";"Cedrap";"60196987000193";"Permissão";"SP";"Sudeste";"2026";"Renovação";"Planejamento Setorial";",00";"118993,24"
"2026-06-26 13:43:48.523000000";"Cedrap";"60196987000193";"Permissão";"SP";"Sudeste";"2027";"Expansão";"Planejamento Setorial";",00";"101127,95"
"2026-06-26 13:43:48.523000000";"Cedrap";"60196987000193";"Permissão";"SP";"Sudeste";"2027";"Melhoria";"Planejamento Setorial";",00";"890416,83"
"2026-06-26 13:43:48.523000000";"Cedrap";"60196987000193";"Permissão";"SP";"Sudeste";"2027";"Renovação";"Planejamento Setorial";",00";"646216,14"
"2026-06-26 13:43:48.523000000";"Cedrap";"60196987000193";"Permissão";"SP";"Sudeste";"2028";"Expansão";"Planejamento Setorial";",00";"113313,15"
"2026-06-26 13:43:48.523000000";"Cedrap";"60196987000193";"Permissão";"SP";"Sudeste";"2028";"Melhoria";"Planejamento Setorial";",00";"964518,79"
"2026-06-26 13:43:48.523000000";"Cedrap";"60196987000193";"Permissão";"SP";"Sudeste";"2028";"Renovação";"Planejamento Setorial";",00";"607331,63"
"2026-06-26 13:43:48.523000000";"Cedrap";"60196987000193";"Permissão";"SP";"Sudeste";"2029";"Expansão";"Planejamento Setorial";",00";"111511,95"
"2026-06-26 13:43:48.523000000";"Cedrap";"60196987000193";"Permissão";"SP";"Sudeste";"2029";"Melhoria";"Planejamento Setorial";",00";"805492,18"
"2026-06-26 13:43:48.523000000";"Cedrap";"60196987000193";"Permissão";"SP";"Sudeste";"2029";"Renovação";"Planejamento Setorial";",00";"794267,12"
"2026-06-26 13:43:48.523000000";"Cedrap";"60196987000193";"Permissão";"SP";"Sudeste";"2030";"Expansão";"Planejamento Setorial";",00";"79876,95"
"2026-06-26 13:43:48.523000000";"Cedrap";"60196987000193";"Permissão";"SP";"Sudeste";"2030";"Melhoria";"Planejamento Setorial";",00";"1088482,46"
"2026-06-26 13:43:48.523000000";"Cedrap";"60196987000193";"Permissão";"SP";"Sudeste";"2030";"Renovação";"Planejamento Setorial";",00";"616248,13"
"2026-06-26 13:43:48.523000000";"Cedri";"50105865000190";"Permissão";"SP";"Sudeste";"2016";"Expansão";"Luz Para Todos";"864861,98";"883114,60"
"2026-06-26 13:43:48.523000000";"Cedri";"50105865000190";"Permissão";"SP";"Sudeste";"2016";"Expansão";"Planejamento Setorial";"124608,06";"136948,00"
"2026-06-26 13:43:48.523000000";"Cedri";"50105865000190";"Permissão";"SP";"Sudeste";"2016";"Melhoria";"Planejamento Setorial";"107601,89";"189823,00"
"2026-06-26 13:43:48.523000000";"Cedri";"50105865000190";"Permissão";"SP";"Sudeste";"2016";"Renovação";"Planejamento Setorial";"107326,17";"77079,00"
"2026-06-26 13:43:48.523000000";"Cedri";"50105865000190";"Permissão";"SP";"Sudeste";"2017";"Expansão";"Planejamento Setorial";"142563,26";"204167,00"
"2026-06-26 13:43:48.523000000";"Cedri";"50105865000190";"Permissão";"SP";"Sudeste";"2017";"Melhoria";"Planejamento Setorial";"627054,34";"768586,00"
"2026-06-26 13:43:48.523000000";"Cedri";"50105865000190";"Permissão";"SP";"Sudeste";"2017";"Renovação";"Planejamento Setorial";"95894,36";"86653,00"
"2026-06-26 13:43:48.523000000";"Cedri";"50105865000190";"Permissão";"SP";"Sudeste";"2018";"Expansão";"Planejamento Setorial";"60737,57";"151041,00"
"2026-06-26 13:43:48.523000000";"Cedri";"50105865000190";"Permissão";"SP";"Sudeste";"2018";"Melhoria";"Planejamento Setorial";"366333,31";"613856,84"
"2026-06-26 13:43:48.523000000";"Cedri";"50105865000190";"Permissão";"SP";"Sudeste";"2018";"Renovação";"Planejamento Setorial";"71589,65";"90203,00"
"2026-06-26 13:43:48.523000000";"Cedri";"50105865000190";"Permissão";"SP";"Sudeste";"2019";"Expansão";"Planejamento Setorial";"115079,67";"151041,00"
"2026-06-26 13:43:48.523000000";"Cedri";"50105865000190";"Permissão";"SP";"Sudeste";"2019";"Melhoria";"Planejamento Setorial";"455370,88";"735856,84"
"2026-06-26 13:43:48.523000000";"Cedri";"50105865000190";"Permissão";"SP";"Sudeste";"2019";"Renovação";"Planejamento Setorial";"164669,04";"103780,00"
"2026-06-26 13:43:48.523000000";"Cedri";"50105865000190";"Permissão";"SP";"Sudeste";"2020";"Expansão";"Planejamento Setorial";"233737,50";"145602,40"
"2026-06-26 13:43:48.523000000";"Cedri";"50105865000190";"Permissão";"SP";"Sudeste";"2020";"Melhoria";"Planejamento Setorial";"350967,85";"471373,00"
"2026-06-26 13:43:48.523000000";"Cedri";"50105865000190";"Permissão";"SP";"Sudeste";"2020";"Renovação";"Planejamento Setorial";"120988,46";"111097,00"
"2026-06-26 13:43:48.523000000";"Cedri";"50105865000190";"Permissão";"SP";"Sudeste";"2021";"Expansão";"Planejamento Setorial";"232488,50";"226240,20"
"2026-06-26 13:43:48.523000000";"Cedri";"50105865000190";"Permissão";"SP";"Sudeste";"2021";"Melhoria";"Planejamento Setorial";"243948,60";"380992,00"
"2026-06-26 13:43:48.523000000";"Cedri";"50105865000190";"Permissão";"SP";"Sudeste";"2021";"Renovação";"Planejamento Setorial";"238831,31";"107093,00"
"2026-06-26 13:43:48.523000000";"Cedri";"50105865000190";"Permissão";"SP";"Sudeste";"2022";"Expansão";"Planejamento Setorial";"127212,00";"183938,90"
"2026-06-26 13:43:48.523000000";"Cedri";"50105865000190";"Permissão";"SP";"Sudeste";"2022";"Melhoria";"Planejamento Setorial";"445878,27";"402667,00"
"2026-06-26 13:43:48.523000000";"Cedri";"50105865000190";"Permissão";"SP";"Sudeste";"2022";"Renovação";"Planejamento Setorial";"165527,12";"124341,00"
"2026-06-26 13:43:48.523000000";"Cedri";"50105865000190";"Permissão";"SP";"Sudeste";"2023";"Expansão";"Planejamento Setorial";"279819,21";"247180,20"
"2026-06-26 13:43:48.523000000";"Cedri";"50105865000190";"Permissão";"SP";"Sudeste";"2023";"Melhoria";"";"546213,83";"524022,40"
"2026-06-26 13:43:48.523000000";"Cedri";"50105865000190";"Permissão";"SP";"Sudeste";"2023";"Melhoria";"Planejamento Setorial";",00";"74500,00"
"2026-06-26 13:43:48.523000000";"Cedri";"50105865000190";"Permissão";"SP";"Sudeste";"2023";"Renovação";"Planejamento Setorial";"105795,23";"102554,00"
"2026-06-26 13:43:48.523000000";"Cedri";"50105865000190";"Permissão";"SP";"Sudeste";"2024";"Expansão";"Planejamento Setorial";",00";"250265,46"
"2026-06-26 13:43:48.523000000";"Cedri";"50105865000190";"Permissão";"SP";"Sudeste";"2024";"Melhoria";"";",00";"596758,00"
"2026-06-26 13:43:48.523000000";"Cedri";"50105865000190";"Permissão";"SP";"Sudeste";"2024";"Melhoria";"Planejamento Setorial";",00";"74500,00"
"2026-06-26 13:43:48.523000000";"Cedri";"50105865000190";"Permissão";"SP";"Sudeste";"2024";"Renovação";"Planejamento Setorial";",00";"102554,00"
"2026-06-26 13:43:48.523000000";"Cedri";"50105865000190";"Permissão";"SP";"Sudeste";"2025";"Expansão";"Planejamento Setorial";"230231,60";",00"
"2026-06-26 13:43:48.523000000";"Cedri";"50105865000190";"Permissão";"SP";"Sudeste";"2025";"Melhoria";"";"540400,00";",00"
"2026-06-26 13:43:48.523000000";"Cedri";"50105865000190";"Permissão";"SP";"Sudeste";"2025";"Renovação";"Planejamento Setorial";"119100,00";",00"
"2026-06-26 13:43:48.523000000";"Cedri";"50105865000190";"Permissão";"SP";"Sudeste";"2026";"Expansão";"Planejamento Setorial";",00";"251492,45"
"2026-06-26 13:43:48.523000000";"Cedri";"50105865000190";"Permissão";"SP";"Sudeste";"2026";"Melhoria";"";",00";"601847,67"
"2026-06-26 13:43:48.523000000";"Cedri";"50105865000190";"Permissão";"SP";"Sudeste";"2026";"Renovação";"Planejamento Setorial";",00";"143137,00"
"2026-06-26 13:43:48.523000000";"Cedri";"50105865000190";"Permissão";"SP";"Sudeste";"2027";"Expansão";"Planejamento Setorial";",00";"257021,75"
"2026-06-26 13:43:48.523000000";"Cedri";"50105865000190";"Permissão";"SP";"Sudeste";"2027";"Melhoria";"";",00";"613148,36"
"2026-06-26 13:43:48.523000000";"Cedri";"50105865000190";"Permissão";"SP";"Sudeste";"2027";"Renovação";"Planejamento Setorial";",00";"131812,00"
"2026-06-26 13:43:48.523000000";"Cedri";"50105865000190";"Permissão";"SP";"Sudeste";"2028";"Expansão";"Planejamento Setorial";",00";"265353,57"
"2026-06-26 13:43:48.523000000";"Cedri";"50105865000190";"Permissão";"SP";"Sudeste";"2028";"Melhoria";"";",00";"629785,80"
"2026-06-26 13:43:48.523000000";"Cedri";"50105865000190";"Permissão";"SP";"Sudeste";"2028";"Renovação";"Planejamento Setorial";",00";"126123,00"
"2026-06-26 13:43:48.523000000";"Cedri";"50105865000190";"Permissão";"SP";"Sudeste";"2029";"Expansão";"Planejamento Setorial";",00";"274212,53"
"2026-06-26 13:43:48.523000000";"Cedri";"50105865000190";"Permissão";"SP";"Sudeste";"2029";"Melhoria";"";",00";"634289,54"
"2026-06-26 13:43:48.523000000";"Cedri";"50105865000190";"Permissão";"SP";"Sudeste";"2029";"Renovação";"Planejamento Setorial";",00";"131138,00"
"2026-06-26 13:43:48.523000000";"Cedri";"50105865000190";"Permissão";"SP";"Sudeste";"2030";"Expansão";"Planejamento Setorial";",00";"296503,53"
"2026-06-26 13:43:48.523000000";"Cedri";"50105865000190";"Permissão";"SP";"Sudeste";"2030";"Melhoria";"";",00";"640554,89"
"2026-06-26 13:43:48.523000000";"Cedri";"50105865000190";"Permissão";"SP";"Sudeste";"2030";"Renovação";"Planejamento Setorial";",00";"145319,00"
"2026-06-26 13:43:48.523000000";"CEEE";"92715812000131";"";"RS";"Sul";"2016";"Expansão";"";"253138046,65";",00"
"2026-06-26 13:43:48.523000000";"CEEE";"92715812000131";"";"RS";"Sul";"2016";"Melhoria";"";"32524211,36";",00"
"2026-06-26 13:43:48.523000000";"CEEE";"92715812000131";"";"RS";"Sul";"2016";"Renovação";"";"35117572,37";",00"
"2026-06-26 13:43:48.523000000";"CEEE";"92715812000131";"";"RS";"Sul";"2017";"Expansão";"";",00";"110997976,68"
"2026-06-26 13:43:48.523000000";"CEEE";"92715812000131";"";"RS";"Sul";"2017";"Expansão";"Obra com Participação Financeira";",00";"15982944,78"
"2026-06-26 13:43:48.523000000";"CEEE";"92715812000131";"";"RS";"Sul";"2017";"Melhoria";"";",00";"45444878,98"
"2026-06-26 13:43:48.523000000";"CEEE";"92715812000131";"";"RS";"Sul";"2017";"Renovação";"";",00";"39601576,95"
"2026-06-26 13:43:48.523000000";"CEEE Equatorial";"08467115000100";"Concessão";"RS";"Sul";"2016";"Expansão";"";"253138046,65";"185859693,92"
"2026-06-26 13:43:48.523000000";"CEEE Equatorial";"08467115000100";"Concessão";"RS";"Sul";"2016";"Expansão";"Obra com Participação Financeira";",00";"18086803,44"
"2026-06-26 13:43:48.523000000";"CEEE Equatorial";"08467115000100";"Concessão";"RS";"Sul";"2016";"Melhoria";"";"32524211,36";"57223201,80"
"2026-06-26 13:43:48.523000000";"CEEE Equatorial";"08467115000100";"Concessão";"RS";"Sul";"2016";"Renovação";"";"35117572,37";"47047354,04"
"2026-06-26 13:43:48.523000000";"CEEE Equatorial";"08467115000100";"Concessão";"RS";"Sul";"2017";"Expansão";"";",00";"110997976,65"
"2026-06-26 13:43:48.523000000";"CEEE Equatorial";"08467115000100";"Concessão";"RS";"Sul";"2017";"Expansão";"Obra com Participação Financeira";",00";"15982944,78"
"2026-06-26 13:43:48.523000000";"CEEE Equatorial";"08467115000100";"Concessão";"RS";"Sul";"2017";"Melhoria";"";",00";"45444878,98"
"2026-06-26 13:43:48.523000000";"CEEE Equatorial";"08467115000100";"Concessão";"RS";"Sul";"2017";"Renovação";"";",00";"39601577,20"
"2026-06-26 13:43:48.523000000";"CEEE Equatorial";"08467115000100";"Concessão";"RS";"Sul";"2018";"Expansão";"";"40577003,80";"223090446,47"
"2026-06-26 13:43:48.523000000";"CEEE Equatorial";"08467115000100";"Concessão";"RS";"Sul";"2018";"Expansão";"Obra com Participação Financeira";",00";"38326533,05"
"2026-06-26 13:43:48.523000000";"CEEE Equatorial";"08467115000100";"Concessão";"RS";"Sul";"2018";"Melhoria";"";"8981264,55";"39386892,32"
"2026-06-26 13:43:48.523000000";"CEEE Equatorial";"08467115000100";"Concessão";"RS";"Sul";"2018";"Renovação";"";"36931151,12";"44542846,08"
"2026-06-26 13:43:48.523000000";"CEEE Equatorial";"08467115000100";"Concessão";"RS";"Sul";"2019";"Expansão";"";"222133137,08";"235148473,71"
"2026-06-26 13:43:48.523000000";"CEEE Equatorial";"08467115000100";"Concessão";"RS";"Sul";"2019";"Expansão";"Obra com Participação Financeira";"9592842,48";"45033149,45"
"2026-06-26 13:43:48.523000000";"CEEE Equatorial";"08467115000100";"Concessão";"RS";"Sul";"2019";"Expansão";"Planejamento Setorial";",00";"2450000,00"
"2026-06-26 13:43:48.523000000";"CEEE Equatorial";"08467115000100";"Concessão";"RS";"Sul";"2019";"Melhoria";"";"18456359,53";"21260529,44"
"2026-06-26 13:43:48.523000000";"CEEE Equatorial";"08467115000100";"Concessão";"RS";"Sul";"2019";"Renovação";"";"67353243,24";"53667651,06"
"2026-06-26 13:43:48.523000000";"CEEE Equatorial";"08467115000100";"Concessão";"RS";"Sul";"2020";"Expansão";"";"101853007,35";"131334405,43"
"2026-06-26 13:43:48.523000000";"CEEE Equatorial";"08467115000100";"Concessão";"RS";"Sul";"2020";"Expansão";"Obra com Participação Financeira";",00";"50198353,45"
"2026-06-26 13:43:48.523000000";"CEEE Equatorial";"08467115000100";"Concessão";"RS";"Sul";"2020";"Expansão";"Planejamento Setorial";"820000,00";"2450000,00"
"2026-06-26 13:43:48.523000000";"CEEE Equatorial";"08467115000100";"Concessão";"RS";"Sul";"2020";"Melhoria";"";"17454624,95";"18576521,73"
"2026-06-26 13:43:48.523000000";"CEEE Equatorial";"08467115000100";"Concessão";"RS";"Sul";"2020";"Renovação";"";"58101857,60";"56843433,74"
"2026-06-26 13:43:48.523000000";"CEEE Equatorial";"08467115000100";"Concessão";"RS";"Sul";"2021";"Expansão";"";"282942296,13";"149495601,00"
"2026-06-26 13:43:48.523000000";"CEEE Equatorial";"08467115000100";"Concessão";"RS";"Sul";"2021";"Expansão";"Obra com Participação Financeira";"37394104,00";"55075511,59"
"2026-06-26 13:43:48.523000000";"CEEE Equatorial";"08467115000100";"Concessão";"RS";"Sul";"2021";"Expansão";"Planejamento Setorial";"4471638,00";"3220528,19"
"2026-06-26 13:43:48.523000000";"CEEE Equatorial";"08467115000100";"Concessão";"RS";"Sul";"2021";"Melhoria";"";"63581253,93";"28815506,61"
"2026-06-26 13:43:48.523000000";"CEEE Equatorial";"08467115000100";"Concessão";"RS";"Sul";"2021";"Renovação";"";"170383595,93";"85622854,63"
"2026-06-26 13:43:48.523000000";"CEEE Equatorial";"08467115000100";"Concessão";"RS";"Sul";"2022";"Expansão";"";"139147958,57";"251089778,24"
"2026-06-26 13:43:48.523000000";"CEEE Equatorial";"08467115000100";"Concessão";"RS";"Sul";"2022";"Expansão";"Obra com Participação Financeira";"18089349,88";"28266036,54"
"2026-06-26 13:43:48.523000000";"CEEE Equatorial";"08467115000100";"Concessão";"RS";"Sul";"2022";"Expansão";"Planejamento Setorial";",00";"18965880,45"
"2026-06-26 13:43:48.523000000";"CEEE Equatorial";"08467115000100";"Concessão";"RS";"Sul";"2022";"Melhoria";"";"16206396,33";"72643943,06"
"2026-06-26 13:43:48.523000000";"CEEE Equatorial";"08467115000100";"Concessão";"RS";"Sul";"2022";"Renovação";"";"43781689,40";"80619688,05"
"2026-06-26 13:43:48.523000000";"CEEE Equatorial";"08467115000100";"Concessão";"RS";"Sul";"2023";"Expansão";"";"113431280,40";"419091040,23"
"2026-06-26 13:43:48.523000000";"CEEE Equatorial";"08467115000100";"Concessão";"RS";"Sul";"2023";"Expansão";"Obra com Participação Financeira";"4645917,56";"46717664,35"
"2026-06-26 13:43:48.523000000";"CEEE Equatorial";"08467115000100";"Concessão";"RS";"Sul";"2023";"Expansão";"Planejamento Setorial";"13347103,29";"17157887,58"
"2026-06-26 13:43:48.523000000";"CEEE Equatorial";"08467115000100";"Concessão";"RS";"Sul";"2023";"Melhoria";"";"25686384,70";"105065191,39"
"2026-06-26 13:43:48.523000000";"CEEE Equatorial";"08467115000100";"Concessão";"RS";"Sul";"2023";"Renovação";"";"44712538,53";"95086944,02"
"2026-06-26 13:43:48.523000000";"CEEE Equatorial";"08467115000100";"Concessão";"RS";"Sul";"2024";"Expansão";"";"366000119,54";"397716165,50"
"2026-06-26 13:43:48.523000000";"CEEE Equatorial";"08467115000100";"Concessão";"RS";"Sul";"2024";"Expansão";"Obra com Participação Financeira";"22008744,27";"22064655,59"
"2026-06-26 13:43:48.523000000";"CEEE Equatorial";"08467115000100";"Concessão";"RS";"Sul";"2024";"Expansão";"Planejamento Setorial";"3102385,37";"7711633,77"
"2026-06-26 13:43:48.523000000";"CEEE Equatorial";"08467115000100";"Concessão";"RS";"Sul";"2024";"Melhoria";"";"145189237,83";"212674010,77"
"2026-06-26 13:43:48.523000000";"CEEE Equatorial";"08467115000100";"Concessão";"RS";"Sul";"2024";"Renovação";"";"151125791,87";"123758096,57"
"2026-06-26 13:43:48.523000000";"CEEE Equatorial";"08467115000100";"Concessão";"RS";"Sul";"2025";"Expansão";"";"387633800,28";"272952915,36"
"2026-06-26 13:43:48.523000000";"CEEE Equatorial";"08467115000100";"Concessão";"RS";"Sul";"2025";"Expansão";"Obra com Participação Financeira";"77964030,09";"43456199,99"
"2026-06-26 13:43:48.523000000";"CEEE Equatorial";"08467115000100";"Concessão";"RS";"Sul";"2025";"Expansão";"Planejamento Setorial";"5747571,75";"5879524,01"
"2026-06-26 13:43:48.523000000";"CEEE Equatorial";"08467115000100";"Concessão";"RS";"Sul";"2025";"Melhoria";"";"478063171,98";"443435426,35"
"2026-06-26 13:43:48.523000000";"CEEE Equatorial";"08467115000100";"Concessão";"RS";"Sul";"2025";"Renovação";"";"257742207,11";"214029259,95"
"2026-06-26 13:43:48.523000000";"CEEE Equatorial";"08467115000100";"Concessão";"RS";"Sul";"2026";"Expansão";"";",00";"424377776,01"
"2026-06-26 13:43:48.523000000";"CEEE Equatorial";"08467115000100";"Concessão";"RS";"Sul";"2026";"Expansão";"Obra com Participação Financeira";",00";"48408505,16"
"2026-06-26 13:43:48.523000000";"CEEE Equatorial";"08467115000100";"Concessão";"RS";"Sul";"2026";"Melhoria";"";",00";"243446581,26"
"2026-06-26 13:43:48.523000000";"CEEE Equatorial";"08467115000100";"Concessão";"RS";"Sul";"2026";"Renovação";"";",00";"177857692,60"
"2026-06-26 13:43:48.523000000";"CEEE Equatorial";"08467115000100";"Concessão";"RS";"Sul";"2027";"Expansão";"";",00";"359869433,12"
"2026-06-26 13:43:48.523000000";"CEEE Equatorial";"08467115000100";"Concessão";"RS";"Sul";"2027";"Expansão";"Obra com Participação Financeira";",00";"53022692,64"
"2026-06-26 13:43:48.523000000";"CEEE Equatorial";"08467115000100";"Concessão";"RS";"Sul";"2027";"Melhoria";"";",00";"270169319,65"
"2026-06-26 13:43:48.523000000";"CEEE Equatorial";"08467115000100";"Concessão";"RS";"Sul";"2027";"Renovação";"";",00";"130617958,81"
"2026-06-26 13:43:48.523000000";"CEEE Equatorial";"08467115000100";"Concessão";"RS";"Sul";"2028";"Expansão";"";",00";"258340247,46"
"2026-06-26 13:43:48.523000000";"CEEE Equatorial";"08467115000100";"Concessão";"RS";"Sul";"2028";"Expansão";"Obra com Participação Financeira";",00";"53022692,64"
"2026-06-26 13:43:48.523000000";"CEEE Equatorial";"08467115000100";"Concessão";"RS";"Sul";"2028";"Melhoria";"";",00";"234006386,43"
"2026-06-26 13:43:48.523000000";"CEEE Equatorial";"08467115000100";"Concessão";"RS";"Sul";"2028";"Renovação";"";",00";"138299544,39"
"2026-06-26 13:43:48.523000000";"CEEE Equatorial";"08467115000100";"Concessão";"RS";"Sul";"2029";"Expansão";"";",00";"330983456,55"
"2026-06-26 13:43:48.523000000";"CEEE Equatorial";"08467115000100";"Concessão";"RS";"Sul";"2029";"Expansão";"Obra com Participação Financeira";",00";"54317166,38"
"2026-06-26 13:43:48.523000000";"CEEE Equatorial";"08467115000100";"Concessão";"RS";"Sul";"2029";"Melhoria";"";",00";"177511925,57"
"2026-06-26 13:43:48.523000000";"CEEE Equatorial";"08467115000100";"Concessão";"RS";"Sul";"2029";"Renovação";"";",00";"176905430,69"
"2026-06-26 13:43:48.523000000";"CEEE Equatorial";"08467115000100";"Concessão";"RS";"Sul";"2030";"Expansão";"";",00";"285596554,63"
"2026-06-26 13:43:48.523000000";"CEEE Equatorial";"08467115000100";"Concessão";"RS";"Sul";"2030";"Expansão";"Obra com Participação Financeira";",00";"54317166,38"
"2026-06-26 13:43:48.523000000";"CEEE Equatorial";"08467115000100";"Concessão";"RS";"Sul";"2030";"Melhoria";"";",00";"174149314,41"
"2026-06-26 13:43:48.523000000";"CEEE Equatorial";"08467115000100";"Concessão";"RS";"Sul";"2030";"Renovação";"";",00";"143851911,10"
"2026-06-26 13:43:48.523000000";"Cegero";"86444163000189";"Permissão";"SC";"Sul";"2023";"Expansão";"";"1073287,29";"4347878,70"
"2026-06-26 13:43:48.523000000";"Cegero";"86444163000189";"Permissão";"SC";"Sul";"2023";"Melhoria";"";"863037,47";"1890000,00"
"2026-06-26 13:43:48.523000000";"Cegero";"86444163000189";"Permissão";"SC";"Sul";"2023";"Renovação";"";"428481,83";"600000,00"
"2026-06-26 13:43:48.523000000";"Cegero";"86444163000189";"Permissão";"SC";"Sul";"2024";"Expansão";"";"1567468,51";"1417461,63"
"2026-06-26 13:43:48.523000000";"Cegero";"86444163000189";"Permissão";"SC";"Sul";"2024";"Melhoria";"";"230312,00";"630000,00"
"2026-06-26 13:43:48.523000000";"Cegero";"86444163000189";"Permissão";"SC";"Sul";"2024";"Renovação";"";"60667,00";"150000,00"
"2026-06-26 13:43:48.523000000";"Cegero";"86444163000189";"Permissão";"SC";"Sul";"2025";"Expansão";"";"33052334,37";"34569601,37"
"2026-06-26 13:43:48.523000000";"Cegero";"86444163000189";"Permissão";"SC";"Sul";"2025";"Melhoria";"";"1648115,90";"558000,00"
"2026-06-26 13:43:48.523000000";"Cegero";"86444163000189";"Permissão";"SC";"Sul";"2025";"Renovação";"";"238384,58";"100000,00"
"2026-06-26 13:43:48.523000000";"Cegero";"86444163000189";"Permissão";"SC";"Sul";"2026";"Expansão";"";",00";"4599601,37"
"2026-06-26 13:43:48.523000000";"Cegero";"86444163000189";"Permissão";"SC";"Sul";"2026";"Melhoria";"";",00";"418000,00"
"2026-06-26 13:43:48.523000000";"Cegero";"86444163000189";"Permissão";"SC";"Sul";"2026";"Renovação";"";",00";"100000,00"
"2026-06-26 13:43:48.523000000";"Cegero";"86444163000189";"Permissão";"SC";"Sul";"2027";"Expansão";"";",00";"1166933,97"
"2026-06-26 13:43:48.523000000";"Cegero";"86444163000189";"Permissão";"SC";"Sul";"2027";"Melhoria";"";",00";"925000,00"
"2026-06-26 13:43:48.523000000";"Cegero";"86444163000189";"Permissão";"SC";"Sul";"2027";"Renovação";"";",00";"400000,00"
"2026-06-26 13:43:48.523000000";"Cegero";"86444163000189";"Permissão";"SC";"Sul";"2028";"Expansão";"";",00";"1380980,61"
"2026-06-26 13:43:48.523000000";"Cegero";"86444163000189";"Permissão";"SC";"Sul";"2028";"Melhoria";"";",00";"500000,00"
"2026-06-26 13:43:48.523000000";"Cegero";"86444163000189";"Permissão";"SC";"Sul";"2028";"Renovação";"";",00";"200000,00"
"2026-06-26 13:43:48.523000000";"Cegero";"86444163000189";"Permissão";"SC";"Sul";"2029";"Expansão";"";",00";"1160980,61"
"2026-06-26 13:43:48.523000000";"Cegero";"86444163000189";"Permissão";"SC";"Sul";"2029";"Melhoria";"";",00";"800000,00"
"2026-06-26 13:43:48.523000000";"Cegero";"86444163000189";"Permissão";"SC";"Sul";"2029";"Renovação";"";",00";"200000,00"
"2026-06-26 13:43:48.523000000";"Cegero";"86444163000189";"Permissão";"SC";"Sul";"2030";"Expansão";"";",00";"1380980,61"
"2026-06-26 13:43:48.523000000";"Cegero";"86444163000189";"Permissão";"SC";"Sul";"2030";"Melhoria";"";",00";"500000,00"
"2026-06-26 13:43:48.523000000";"Cegero";"86444163000189";"Permissão";"SC";"Sul";"2030";"Renovação";"";",00";"200000,00"
"2026-06-26 13:43:48.523000000";"Cejama";"85665990000130";"Permissão";"SC";"Sul";"2016";"Expansão";"";"331001,89";"408908,00"
"2026-06-26 13:43:48.523000000";"Cejama";"85665990000130";"Permissão";"SC";"Sul";"2016";"Melhoria";"";"262867,90";"216080,50"
"2026-06-26 13:43:48.523000000";"Cejama";"85665990000130";"Permissão";"SC";"Sul";"2016";"Renovação";"";"146159,29";"102400,00"
"2026-06-26 13:43:48.523000000";"Cejama";"85665990000130";"Permissão";"SC";"Sul";"2017";"Expansão";"";"238116,27";"440449,50"
"2026-06-26 13:43:48.523000000";"Cejama";"85665990000130";"Permissão";"SC";"Sul";"2017";"Expansão";"Planejamento Setorial";"7674,94";",00"
"2026-06-26 13:43:48.523000000";"Cejama";"85665990000130";"Permissão";"SC";"Sul";"2017";"Melhoria";"";"242728,68";"243455,00"
"2026-06-26 13:43:48.523000000";"Cejama";"85665990000130";"Permissão";"SC";"Sul";"2017";"Renovação";"";"219544,91";"107300,00"
"2026-06-26 13:43:48.523000000";"Cejama";"85665990000130";"Permissão";"SC";"Sul";"2018";"Expansão";"";"304231,13";"328930,00"
"2026-06-26 13:43:48.523000000";"Cejama";"85665990000130";"Permissão";"SC";"Sul";"2018";"Melhoria";"";"315037,24";"239015,00"
"2026-06-26 13:43:48.523000000";"Cejama";"85665990000130";"Permissão";"SC";"Sul";"2018";"Renovação";"";"51679,02";"152000,00"
"2026-06-26 13:43:48.523000000";"Cejama";"85665990000130";"Permissão";"SC";"Sul";"2019";"Expansão";"";"408991,19";"343500,00"
"2026-06-26 13:43:48.523000000";"Cejama";"85665990000130";"Permissão";"SC";"Sul";"2019";"Melhoria";"";"248696,16";"267515,00"
"2026-06-26 13:43:48.523000000";"Cejama";"85665990000130";"Permissão";"SC";"Sul";"2019";"Renovação";"";"78899,90";"155800,00"
"2026-06-26 13:43:48.523000000";"Cejama";"85665990000130";"Permissão";"SC";"Sul";"2020";"Expansão";"";"1700551,28";"357570,00"
"2026-06-26 13:43:48.523000000";"Cejama";"85665990000130";"Permissão";"SC";"Sul";"2020";"Expansão";"Obra com Participação Financeira";"31511,22";",00"
"2026-06-26 13:43:48.523000000";"Cejama";"85665990000130";"Permissão";"SC";"Sul";"2020";"Melhoria";"";"317586,04";"252215,00"
"2026-06-26 13:43:48.523000000";"Cejama";"85665990000130";"Permissão";"SC";"Sul";"2020";"Renovação";"";"339677,37";"159600,00"
"2026-06-26 13:43:48.523000000";"Cejama";"85665990000130";"Permissão";"SC";"Sul";"2021";"Expansão";"";"1023222,23";"371900,00"
"2026-06-26 13:43:48.523000000";"Cejama";"85665990000130";"Permissão";"SC";"Sul";"2021";"Melhoria";"";"441283,00";"259415,00"
"2026-06-26 13:43:48.523000000";"Cejama";"85665990000130";"Permissão";"SC";"Sul";"2021";"Renovação";"";"81276,21";"163400,00"
"2026-06-26 13:43:48.523000000";"Cejama";"85665990000130";"Permissão";"SC";"Sul";"2022";"Expansão";"";"1724131,03";"386210,00"
"2026-06-26 13:43:48.523000000";"Cejama";"85665990000130";"Permissão";"SC";"Sul";"2022";"Melhoria";"";"279381,15";"266615,00"
"2026-06-26 13:43:48.523000000";"Cejama";"85665990000130";"Permissão";"SC";"Sul";"2022";"Renovação";"";"83684,53";"167200,00"
"2026-06-26 13:43:48.523000000";"Cejama";"85665990000130";"Permissão";"SC";"Sul";"2023";"Expansão";"";"962787,19";"420105,00"
"2026-06-26 13:43:48.523000000";"Cejama";"85665990000130";"Permissão";"SC";"Sul";"2023";"Melhoria";"";"411427,52";"289980,00"
"2026-06-26 13:43:48.523000000";"Cejama";"85665990000130";"Permissão";"SC";"Sul";"2023";"Renovação";"";"206190,40";"171600,00"
"2026-06-26 13:43:48.523000000";"Cejama";"85665990000130";"Permissão";"SC";"Sul";"2024";"Expansão";"";"905026,93";"420105,00"
"2026-06-26 13:43:48.523000000";"Cejama";"85665990000130";"Permissão";"SC";"Sul";"2024";"Melhoria";"";"434048,05";"289980,00"
"2026-06-26 13:43:48.523000000";"Cejama";"85665990000130";"Permissão";"SC";"Sul";"2024";"Renovação";"";"119088,40";"171600,00"
"2026-06-26 13:43:48.523000000";"Cejama";"85665990000130";"Permissão";"SC";"Sul";"2025";"Expansão";"";"2128689,56";"420105,00"
"2026-06-26 13:43:48.523000000";"Cejama";"85665990000130";"Permissão";"SC";"Sul";"2025";"Expansão";"Obra com Participação Financeira";"67182,85";",00"
"2026-06-26 13:43:48.523000000";"Cejama";"85665990000130";"Permissão";"SC";"Sul";"2025";"Melhoria";"";"373695,54";"289980,00"
"2026-06-26 13:43:48.523000000";"Cejama";"85665990000130";"Permissão";"SC";"Sul";"2025";"Renovação";"";"155360,83";"171600,00"
"2026-06-26 13:43:48.523000000";"Cejama";"85665990000130";"Permissão";"SC";"Sul";"2026";"Expansão";"";",00";"420105,00"
"2026-06-26 13:43:48.523000000";"Cejama";"85665990000130";"Permissão";"SC";"Sul";"2026";"Melhoria";"";",00";"289980,00"
"2026-06-26 13:43:48.523000000";"Cejama";"85665990000130";"Permissão";"SC";"Sul";"2026";"Renovação";"";",00";"171600,00"
"2026-06-26 13:43:48.523000000";"Cejama";"85665990000130";"Permissão";"SC";"Sul";"2027";"Expansão";"";",00";"425530,00"
"2026-06-26 13:43:48.523000000";"Cejama";"85665990000130";"Permissão";"SC";"Sul";"2027";"Melhoria";"";",00";"295230,00"
"2026-06-26 13:43:48.523000000";"Cejama";"85665990000130";"Permissão";"SC";"Sul";"2027";"Renovação";"";",00";"176000,00"
"2026-06-26 13:43:48.523000000";"Cejama";"85665990000130";"Permissão";"SC";"Sul";"2028";"Expansão";"";",00";"430955,00"
"2026-06-26 13:43:48.523000000";"Cejama";"85665990000130";"Permissão";"SC";"Sul";"2028";"Melhoria";"";",00";"300480,00"
"2026-06-26 13:43:48.523000000";"Cejama";"85665990000130";"Permissão";"SC";"Sul";"2028";"Renovação";"";",00";"180400,00"
"2026-06-26 13:43:48.523000000";"Cejama";"85665990000130";"Permissão";"SC";"Sul";"2029";"Expansão";"";",00";"459860,00"
"2026-06-26 13:43:48.523000000";"Cejama";"85665990000130";"Permissão";"SC";"Sul";"2029";"Melhoria";"";",00";"317810,00"
"2026-06-26 13:43:48.523000000";"Cejama";"85665990000130";"Permissão";"SC";"Sul";"2029";"Renovação";"";",00";"191400,00"
"2026-06-26 13:43:48.523000000";"Cejama";"85665990000130";"Permissão";"SC";"Sul";"2030";"Expansão";"";",00";"459860,00"
"2026-06-26 13:43:48.523000000";"Cejama";"85665990000130";"Permissão";"SC";"Sul";"2030";"Melhoria";"";",00";"317810,00"
"2026-06-26 13:43:48.523000000";"Cejama";"85665990000130";"Permissão";"SC";"Sul";"2030";"Renovação";"";",00";"191400,00"
"2026-06-26 13:43:48.523000000";"Celesc-Dis";"08336783000190";"Concessão";"SC";"Sul";"2016";"Expansão";"";"171046202,38";"214564576,65"
"2026-06-26 13:43:48.523000000";"Celesc-Dis";"08336783000190";"Concessão";"SC";"Sul";"2016";"Expansão";"Obra com Participação Financeira";"122138353,41";"72650435,86"
"2026-06-26 13:43:48.523000000";"Celesc-Dis";"08336783000190";"Concessão";"SC";"Sul";"2016";"Expansão";"Planejamento Setorial";"9222460,77";"7852827,47"
"2026-06-26 13:43:48.523000000";"Celesc-Dis";"08336783000190";"Concessão";"SC";"Sul";"2016";"Melhoria";"";"2446082,42";"9926481,50"
"2026-06-26 13:43:48.523000000";"Celesc-Dis";"08336783000190";"Concessão";"SC";"Sul";"2016";"Melhoria";"Obra com Participação Financeira";"46200842,63";"25483213,98"
"2026-06-26 13:43:48.523000000";"Celesc-Dis";"08336783000190";"Concessão";"SC";"Sul";"2016";"Renovação";"";"60524094,65";"34356378,27"
"2026-06-26 13:43:48.523000000";"Celesc-Dis";"08336783000190";"Concessão";"SC";"Sul";"2017";"Expansão";"";"5214009,97";"220248836,36"
"2026-06-26 13:43:48.523000000";"Celesc-Dis";"08336783000190";"Concessão";"SC";"Sul";"2017";"Expansão";"Obra com Participação Financeira";"2911852,33";"109511379,34"
"2026-06-26 13:43:48.523000000";"Celesc-Dis";"08336783000190";"Concessão";"SC";"Sul";"2017";"Melhoria";"";",00";"10875078,52"
"2026-06-26 13:43:48.523000000";"Celesc-Dis";"08336783000190";"Concessão";"SC";"Sul";"2017";"Melhoria";"Obra com Participação Financeira";",00";"29075063,52"
"2026-06-26 13:43:48.523000000";"Celesc-Dis";"08336783000190";"Concessão";"SC";"Sul";"2017";"Renovação";"";",00";"35685791,24"
"2026-06-26 13:43:48.523000000";"Celesc-Dis";"08336783000190";"Concessão";"SC";"Sul";"2018";"Expansão";"";"135731878,92";"214469921,90"
"2026-06-26 13:43:48.523000000";"Celesc-Dis";"08336783000190";"Concessão";"SC";"Sul";"2018";"Expansão";"Obra com Participação Financeira";"133771839,84";"111644116,00"
"2026-06-26 13:43:48.523000000";"Celesc-Dis";"08336783000190";"Concessão";"SC";"Sul";"2018";"Melhoria";"";"1419940,78";"10425811,59"
"2026-06-26 13:43:48.523000000";"Celesc-Dis";"08336783000190";"Concessão";"SC";"Sul";"2018";"Melhoria";"Obra com Participação Financeira";"46495369,01";"34109518,22"
"2026-06-26 13:43:48.523000000";"Celesc-Dis";"08336783000190";"Concessão";"SC";"Sul";"2018";"Renovação";"";"85438908,91";"41476784,37"
"2026-06-26 13:43:48.523000000";"Celesc-Dis";"08336783000190";"Concessão";"SC";"Sul";"2019";"Expansão";"";"151473664,99";"288814975,86"
"2026-06-26 13:43:48.523000000";"Celesc-Dis";"08336783000190";"Concessão";"SC";"Sul";"2019";"Expansão";"Obra com Participação Financeira";"153263872,06";"126412481,81"
"2026-06-26 13:43:48.523000000";"Celesc-Dis";"08336783000190";"Concessão";"SC";"Sul";"2019";"Melhoria";"";"6874672,83";"13140572,47"
"2026-06-26 13:43:48.523000000";"Celesc-Dis";"08336783000190";"Concessão";"SC";"Sul";"2019";"Melhoria";"Obra com Participação Financeira";"62221835,93";"34130576,54"
"2026-06-26 13:43:48.523000000";"Celesc-Dis";"08336783000190";"Concessão";"SC";"Sul";"2019";"Renovação";"";"81077353,32";"64592696,02"
"2026-06-26 13:43:48.523000000";"Celesc-Dis";"08336783000190";"Concessão";"SC";"Sul";"2020";"Expansão";"";"171410870,65";"332968563,98"
"2026-06-26 13:43:48.523000000";"Celesc-Dis";"08336783000190";"Concessão";"SC";"Sul";"2020";"Expansão";"Obra com Participação Financeira";"195635290,56";"162147369,05"
"2026-06-26 13:43:48.523000000";"Celesc-Dis";"08336783000190";"Concessão";"SC";"Sul";"2020";"Melhoria";"";"1196032,96";"8972264,87"
"2026-06-26 13:43:48.523000000";"Celesc-Dis";"08336783000190";"Concessão";"SC";"Sul";"2020";"Melhoria";"Obra com Participação Financeira";"63672340,54";"26746994,58"
"2026-06-26 13:43:48.523000000";"Celesc-Dis";"08336783000190";"Concessão";"SC";"Sul";"2020";"Renovação";"";"94756553,46";"96689784,64"
"2026-06-26 13:43:48.523000000";"Celesc-Dis";"08336783000190";"Concessão";"SC";"Sul";"2021";"Expansão";"";"195555159,44";"291507432,27"
"2026-06-26 13:43:48.523000000";"Celesc-Dis";"08336783000190";"Concessão";"SC";"Sul";"2021";"Expansão";"Obra com Participação Financeira";"202866251,86";"133990913,06"
"2026-06-26 13:43:48.523000000";"Celesc-Dis";"08336783000190";"Concessão";"SC";"Sul";"2021";"Expansão";"Planejamento Setorial";",00";"12030386,59"
"2026-06-26 13:43:48.523000000";"Celesc-Dis";"08336783000190";"Concessão";"SC";"Sul";"2021";"Melhoria";"";"1837037,86";"4141315,93"
"2026-06-26 13:43:48.523000000";"Celesc-Dis";"08336783000190";"Concessão";"SC";"Sul";"2021";"Melhoria";"Obra com Participação Financeira";"89503499,09";"23014787,59"
"2026-06-26 13:43:48.523000000";"Celesc-Dis";"08336783000190";"Concessão";"SC";"Sul";"2021";"Renovação";"";"118357392,12";"80309883,81"
"2026-06-26 13:43:48.523000000";"Celesc-Dis";"08336783000190";"Concessão";"SC";"Sul";"2022";"Expansão";"";"281574850,48";"498670509,04"
"2026-06-26 13:43:48.523000000";"Celesc-Dis";"08336783000190";"Concessão";"SC";"Sul";"2022";"Expansão";"Obra com Participação Financeira";"333761540,62";"300056561,05"
"2026-06-26 13:43:48.523000000";"Celesc-Dis";"08336783000190";"Concessão";"SC";"Sul";"2022";"Expansão";"Planejamento Setorial";"136149596,33";"119728572,00"
"2026-06-26 13:43:48.523000000";"Celesc-Dis";"08336783000190";"Concessão";"SC";"Sul";"2022";"Melhoria";"";"3058873,72";"2090767,74"
"2026-06-26 13:43:48.523000000";"Celesc-Dis";"08336783000190";"Concessão";"SC";"Sul";"2022";"Melhoria";"Obra com Participação Financeira";"89913795,30";"70783109,58"
"2026-06-26 13:43:48.523000000";"Celesc-Dis";"08336783000190";"Concessão";"SC";"Sul";"2022";"Renovação";"";"138775544,68";"139324296,83"
"2026-06-26 13:43:48.523000000";"Celesc-Dis";"08336783000190";"Concessão";"SC";"Sul";"2023";"Expansão";"";"319920676,40";"555325944,59"
"2026-06-26 13:43:48.523000000";"Celesc-Dis";"08336783000190";"Concessão";"SC";"Sul";"2023";"Expansão";"Obra com Participação Financeira";"338053601,18";"242470928,02"
"2026-06-26 13:43:48.523000000";"Celesc-Dis";"08336783000190";"Concessão";"SC";"Sul";"2023";"Expansão";"Planejamento Setorial";"6971017,48";"77475655,94"
"2026-06-26 13:43:48.523000000";"Celesc-Dis";"08336783000190";"Concessão";"SC";"Sul";"2023";"Melhoria";"";"125553136,42";"104678225,23"
"2026-06-26 13:43:48.523000000";"Celesc-Dis";"08336783000190";"Concessão";"SC";"Sul";"2023";"Renovação";"";"183077762,01";"104668918,40"
"2026-06-26 13:43:48.523000000";"Celesc-Dis";"08336783000190";"Concessão";"SC";"Sul";"2024";"Expansão";"";"282942870,97";"589116345,35"
"2026-06-26 13:43:48.523000000";"Celesc-Dis";"08336783000190";"Concessão";"SC";"Sul";"2024";"Expansão";"Obra com Participação Financeira";"400336908,68";"426660053,36"
"2026-06-26 13:43:48.523000000";"Celesc-Dis";"08336783000190";"Concessão";"SC";"Sul";"2024";"Expansão";"Planejamento Setorial";"71917843,99";"79144779,00"
"2026-06-26 13:43:48.523000000";"Celesc-Dis";"08336783000190";"Concessão";"SC";"Sul";"2024";"Melhoria";"";"150331325,02";"74102608,47"
"2026-06-26 13:43:48.523000000";"Celesc-Dis";"08336783000190";"Concessão";"SC";"Sul";"2024";"Renovação";"";"211247655,20";"107269985,60"
"2026-06-26 13:43:48.523000000";"Celesc-Dis";"08336783000190";"Concessão";"SC";"Sul";"2025";"Expansão";"";"483238598,23";"548500126,20"
"2026-06-26 13:43:48.523000000";"Celesc-Dis";"08336783000190";"Concessão";"SC";"Sul";"2025";"Expansão";"Obra com Participação Financeira";"414895639,84";"466674633,28"
"2026-06-26 13:43:48.523000000";"Celesc-Dis";"08336783000190";"Concessão";"SC";"Sul";"2025";"Expansão";"Planejamento Setorial";"20815982,19";"122874964,41"
"2026-06-26 13:43:48.523000000";"Celesc-Dis";"08336783000190";"Concessão";"SC";"Sul";"2025";"Melhoria";"";"111837092,37";"101685998,33"
"2026-06-26 13:43:48.523000000";"Celesc-Dis";"08336783000190";"Concessão";"SC";"Sul";"2025";"Renovação";"";"209549263,65";"191637693,80"
"2026-06-26 13:43:48.523000000";"Celesc-Dis";"08336783000190";"Concessão";"SC";"Sul";"2026";"Expansão";"";",00";"600724821,37"
"2026-06-26 13:43:48.523000000";"Celesc-Dis";"08336783000190";"Concessão";"SC";"Sul";"2026";"Expansão";"Obra com Participação Financeira";",00";"545802125,42"
"2026-06-26 13:43:48.523000000";"Celesc-Dis";"08336783000190";"Concessão";"SC";"Sul";"2026";"Expansão";"Planejamento Setorial";",00";"201171321,73"
"2026-06-26 13:43:48.523000000";"Celesc-Dis";"08336783000190";"Concessão";"SC";"Sul";"2026";"Melhoria";"Obra com Participação Financeira";",00";"23694961,61"
"2026-06-26 13:43:48.523000000";"Celesc-Dis";"08336783000190";"Concessão";"SC";"Sul";"2026";"Renovação";"";",00";"108903225,82"
"2026-06-26 13:43:48.523000000";"Celesc-Dis";"08336783000190";"Concessão";"SC";"Sul";"2027";"Expansão";"";",00";"856949726,89"
"2026-06-26 13:43:48.523000000";"Celesc-Dis";"08336783000190";"Concessão";"SC";"Sul";"2027";"Expansão";"Obra com Participação Financeira";",00";"681156196,00"
"2026-06-26 13:43:48.523000000";"Celesc-Dis";"08336783000190";"Concessão";"SC";"Sul";"2027";"Expansão";"Planejamento Setorial";",00";"18724161,96"
"2026-06-26 13:43:48.523000000";"Celesc-Dis";"08336783000190";"Concessão";"SC";"Sul";"2027";"Melhoria";"";",00";"25412917,86"
"2026-06-26 13:43:48.523000000";"Celesc-Dis";"08336783000190";"Concessão";"SC";"Sul";"2027";"Melhoria";"Obra com Participação Financeira";",00";"139137234,71"
"2026-06-26 13:43:48.523000000";"Celesc-Dis";"08336783000190";"Concessão";"SC";"Sul";"2027";"Renovação";"";",00";"119319737,68"
"2026-06-26 13:43:48.523000000";"Celesc-Dis";"08336783000190";"Concessão";"SC";"Sul";"2028";"Expansão";"";",00";"1178283263,80"
"2026-06-26 13:43:48.523000000";"Celesc-Dis";"08336783000190";"Concessão";"SC";"Sul";"2028";"Expansão";"Obra com Participação Financeira";",00";"401956618,65"
"2026-06-26 13:43:48.523000000";"Celesc-Dis";"08336783000190";"Concessão";"SC";"Sul";"2028";"Melhoria";"";",00";"19176031,31"
"2026-06-26 13:43:48.523000000";"Celesc-Dis";"08336783000190";"Concessão";"SC";"Sul";"2028";"Melhoria";"Obra com Participação Financeira";",00";"145169870,42"
"2026-06-26 13:43:48.523000000";"Celesc-Dis";"08336783000190";"Concessão";"SC";"Sul";"2028";"Renovação";"";",00";"131251711,45"
"2026-06-26 13:43:48.523000000";"Celesc-Dis";"08336783000190";"Concessão";"SC";"Sul";"2029";"Expansão";"";",00";"907427527,53"
"2026-06-26 13:43:48.523000000";"Celesc-Dis";"08336783000190";"Concessão";"SC";"Sul";"2029";"Expansão";"Obra com Participação Financeira";",00";"416877563,81"
"2026-06-26 13:43:48.523000000";"Celesc-Dis";"08336783000190";"Concessão";"SC";"Sul";"2029";"Melhoria";"";",00";"14344553,19"
"2026-06-26 13:43:48.523000000";"Celesc-Dis";"08336783000190";"Concessão";"SC";"Sul";"2029";"Melhoria";"Obra com Participação Financeira";",00";"151214191,87"
"2026-06-26 13:43:48.523000000";"Celesc-Dis";"08336783000190";"Concessão";"SC";"Sul";"2029";"Renovação";"";",00";"144376882,60"
"2026-06-26 13:43:48.523000000";"Celesc-Dis";"08336783000190";"Concessão";"SC";"Sul";"2030";"Expansão";"";",00";"965791000,37"
"2026-06-26 13:43:48.523000000";"Celesc-Dis";"08336783000190";"Concessão";"SC";"Sul";"2030";"Expansão";"Obra com Participação Financeira";",00";"431756841,69"
"2026-06-26 13:43:48.523000000";"Celesc-Dis";"08336783000190";"Concessão";"SC";"Sul";"2030";"Melhoria";"";",00";"3387626,10"
"2026-06-26 13:43:48.523000000";"Celesc-Dis";"08336783000190";"Concessão";"SC";"Sul";"2030";"Melhoria";"Obra com Participação Financeira";",00";"157310160,05"
"2026-06-26 13:43:48.523000000";"Celesc-Dis";"08336783000190";"Concessão";"SC";"Sul";"2030";"Renovação";"";",00";"158814570,84"
"2026-06-26 13:43:48.523000000";"Celesc-Dis";"83878892000155";"Concessão";"SC";"Sul";"2016";"Expansão";"";"171046202,38";",00"
"2026-06-26 13:43:48.523000000";"Celesc-Dis";"83878892000155";"Concessão";"SC";"Sul";"2016";"Expansão";"Obra com Participação Financeira";"122138353,41";",00"
"2026-06-26 13:43:48.523000000";"Celesc-Dis";"83878892000155";"Concessão";"SC";"Sul";"2016";"Expansão";"Planejamento Setorial";"9222460,77";",00"
"2026-06-26 13:43:48.523000000";"Celesc-Dis";"83878892000155";"Concessão";"SC";"Sul";"2016";"Melhoria";"";"2446082,42";",00"
"2026-06-26 13:43:48.523000000";"Celesc-Dis";"83878892000155";"Concessão";"SC";"Sul";"2016";"Melhoria";"Obra com Participação Financeira";"46200842,63";",00"
"2026-06-26 13:43:48.523000000";"Celesc-Dis";"83878892000155";"Concessão";"SC";"Sul";"2016";"Renovação";"";"60524094,65";",00"
"2026-06-26 13:43:48.523000000";"Celesc-Dis";"83878892000155";"Concessão";"SC";"Sul";"2017";"Expansão";"";",00";"220248836,36"
"2026-06-26 13:43:48.523000000";"Celesc-Dis";"83878892000155";"Concessão";"SC";"Sul";"2017";"Expansão";"Obra com Participação Financeira";",00";"109511379,34"
"2026-06-26 13:43:48.523000000";"Celesc-Dis";"83878892000155";"Concessão";"SC";"Sul";"2017";"Melhoria";"";",00";"10875078,52"
"2026-06-26 13:43:48.523000000";"Celesc-Dis";"83878892000155";"Concessão";"SC";"Sul";"2017";"Melhoria";"Obra com Participação Financeira";",00";"29075063,52"
"2026-06-26 13:43:48.523000000";"Celesc-Dis";"83878892000155";"Concessão";"SC";"Sul";"2017";"Renovação";"";",00";"35685791,24"
"2026-06-26 13:43:48.523000000";"Celetro";"87776043000141";"Permissão";"RS";"Sul";"2025";"Expansão";"Obra com Participação Financeira";",00";"1002476,24"
"2026-06-26 13:43:48.523000000";"Celetro";"87776043000141";"Permissão";"RS";"Sul";"2025";"Expansão";"Planejamento Setorial";"169771,82";"1847687,34"
"2026-06-26 13:43:48.523000000";"Celetro";"87776043000141";"Permissão";"RS";"Sul";"2025";"Melhoria";"Planejamento Setorial";"1027248,16";"12451788,00"
"2026-06-26 13:43:48.523000000";"Celetro";"87776043000141";"Permissão";"RS";"Sul";"2025";"Renovação";"Planejamento Setorial";",00";"5656741,90"
"2026-06-26 13:43:48.523000000";"Celg-D";"01543032000104";"Concessão";"GO";"Centro Oeste";"2016";"Expansão";"Luz Para Todos";"5743198,25";",00"
"2026-06-26 13:43:48.523000000";"Celg-D";"01543032000104";"Concessão";"GO";"Centro Oeste";"2016";"Expansão";"Planejamento Setorial";"228976473,97";",00"
"2026-06-26 13:43:48.523000000";"Celg-D";"01543032000104";"Concessão";"GO";"Centro Oeste";"2016";"Melhoria";"";"1604411,83";",00"
"2026-06-26 13:43:48.523000000";"Celg-D";"01543032000104";"Concessão";"GO";"Centro Oeste";"2016";"Melhoria";"Planejamento Setorial";"37993598,00";",00"
"2026-06-26 13:43:48.523000000";"Celg-D";"01543032000104";"Concessão";"GO";"Centro Oeste";"2016";"Renovação";"Planejamento Setorial";"3264604,00";",00"
"2026-06-26 13:43:48.523000000";"Celg-D";"01543032000104";"Concessão";"GO";"Centro Oeste";"2017";"Expansão";"Luz Para Todos";",00";"53576812,73"
"2026-06-26 13:43:48.523000000";"Celg-D";"01543032000104";"Concessão";"GO";"Centro Oeste";"2017";"Expansão";"Planejamento Setorial";",00";"176210602,44"
"2026-06-26 13:43:48.523000000";"Celg-D";"01543032000104";"Concessão";"GO";"Centro Oeste";"2017";"Melhoria";"Planejamento Setorial";",00";"71436694,50"
"2026-06-26 13:43:48.523000000";"Celg-D";"01543032000104";"Concessão";"GO";"Centro Oeste";"2017";"Renovação";"Planejamento Setorial";",00";"4923960,00"
"2026-06-26 13:43:48.523000000";"Cemig-D";"06981180000116";"Concessão";"MG";"Sudeste";"2016";"Expansão";"";"347267966,18";"791970445,49"
"2026-06-26 13:43:48.523000000";"Cemig-D";"06981180000116";"Concessão";"MG";"Sudeste";"2016";"Expansão";"Obra com Participação Financeira";"255959124,96";"327609062,52"
"2026-06-26 13:43:48.523000000";"Cemig-D";"06981180000116";"Concessão";"MG";"Sudeste";"2016";"Melhoria";"";"82376031,50";"100426607,92"
"2026-06-26 13:43:48.523000000";"Cemig-D";"06981180000116";"Concessão";"MG";"Sudeste";"2016";"Melhoria";"Planejamento Setorial";"10000,00";"5000,00"
"2026-06-26 13:43:48.523000000";"Cemig-D";"06981180000116";"Concessão";"MG";"Sudeste";"2016";"Renovação";"";"128698113,98";"206942203,52"
"2026-06-26 13:43:48.523000000";"Cemig-D";"06981180000116";"Concessão";"MG";"Sudeste";"2017";"Expansão";"";"945502781,43";"848069509,96"
"2026-06-26 13:43:48.523000000";"Cemig-D";"06981180000116";"Concessão";"MG";"Sudeste";"2017";"Expansão";"Obra com Participação Financeira";"747125711,65";"472305219,68"
"2026-06-26 13:43:48.523000000";"Cemig-D";"06981180000116";"Concessão";"MG";"Sudeste";"2017";"Expansão";"Planejamento Setorial";"116993573,00";"3614000,00"
"2026-06-26 13:43:48.523000000";"Cemig-D";"06981180000116";"Concessão";"MG";"Sudeste";"2017";"Melhoria";"";"68502670,63";"34196848,52"
"2026-06-26 13:43:48.523000000";"Cemig-D";"06981180000116";"Concessão";"MG";"Sudeste";"2017";"Melhoria";"Planejamento Setorial";"5527551,00";"18704000,00"
"2026-06-26 13:43:48.523000000";"Cemig-D";"06981180000116";"Concessão";"MG";"Sudeste";"2017";"Renovação";"";"460405560,26";"190862654,19"
"2026-06-26 13:43:48.523000000";"Cemig-D";"06981180000116";"Concessão";"MG";"Sudeste";"2017";"Renovação";"Planejamento Setorial";"17895141,62";"8146000,00"
"2026-06-26 13:43:48.523000000";"Cemig-D";"06981180000116";"Concessão";"MG";"Sudeste";"2018";"Expansão";"";"410596217,71";"511531510,64"
"2026-06-26 13:43:48.523000000";"Cemig-D";"06981180000116";"Concessão";"MG";"Sudeste";"2018";"Expansão";"Obra com Participação Financeira";"246170250,00";"219880896,29"
"2026-06-26 13:43:48.523000000";"Cemig-D";"06981180000116";"Concessão";"MG";"Sudeste";"2018";"Expansão";"Planejamento Setorial";"328429,53";"9709000,00"
"2026-06-26 13:43:48.523000000";"Cemig-D";"06981180000116";"Concessão";"MG";"Sudeste";"2018";"Melhoria";"";"40249110,08";"83588038,90"
"2026-06-26 13:43:48.523000000";"Cemig-D";"06981180000116";"Concessão";"MG";"Sudeste";"2018";"Melhoria";"Planejamento Setorial";",00";"59000,00"
"2026-06-26 13:43:48.523000000";"Cemig-D";"06981180000116";"Concessão";"MG";"Sudeste";"2018";"Renovação";"";"124853709,30";"185099009,90"
"2026-06-26 13:43:48.523000000";"Cemig-D";"06981180000116";"Concessão";"MG";"Sudeste";"2018";"Renovação";"Planejamento Setorial";"6125,50";"80000,00"
"2026-06-26 13:43:48.523000000";"Cemig-D";"06981180000116";"Concessão";"MG";"Sudeste";"2019";"Expansão";"";"357496420,40";"450580874,65"
"2026-06-26 13:43:48.523000000";"Cemig-D";"06981180000116";"Concessão";"MG";"Sudeste";"2019";"Expansão";"Obra com Participação Financeira";"243962849,88";"333305283,35"
"2026-06-26 13:43:48.523000000";"Cemig-D";"06981180000116";"Concessão";"MG";"Sudeste";"2019";"Expansão";"Planejamento Setorial";"11932119,99";",00"
"2026-06-26 13:43:48.523000000";"Cemig-D";"06981180000116";"Concessão";"MG";"Sudeste";"2019";"Melhoria";"";"53533985,07";"112284648,19"
"2026-06-26 13:43:48.523000000";"Cemig-D";"06981180000116";"Concessão";"MG";"Sudeste";"2019";"Renovação";"";"143367943,55";"203115929,76"
"2026-06-26 13:43:48.523000000";"Cemig-D";"06981180000116";"Concessão";"MG";"Sudeste";"2019";"Renovação";"Planejamento Setorial";"408039,99";",00"
"2026-06-26 13:43:48.523000000";"Cemig-D";"06981180000116";"Concessão";"MG";"Sudeste";"2020";"Expansão";"";"285489137,79";"363191856,08"
"2026-06-26 13:43:48.523000000";"Cemig-D";"06981180000116";"Concessão";"MG";"Sudeste";"2020";"Expansão";"Obra com Participação Financeira";"198412745,22";"325526089,04"
"2026-06-26 13:43:48.523000000";"Cemig-D";"06981180000116";"Concessão";"MG";"Sudeste";"2020";"Expansão";"Planejamento Setorial";"32767897,02";"71316802,16"
"2026-06-26 13:43:48.523000000";"Cemig-D";"06981180000116";"Concessão";"MG";"Sudeste";"2020";"Melhoria";"";"122276447,30";"266889828,95"
"2026-06-26 13:43:48.523000000";"Cemig-D";"06981180000116";"Concessão";"MG";"Sudeste";"2020";"Renovação";"";"251349242,88";"260679193,97"
"2026-06-26 13:43:48.523000000";"Cemig-D";"06981180000116";"Concessão";"MG";"Sudeste";"2021";"Expansão";"";"298865392,78";"618011079,31"
"2026-06-26 13:43:48.523000000";"Cemig-D";"06981180000116";"Concessão";"MG";"Sudeste";"2021";"Expansão";"Obra com Participação Financeira";"235034657,42";"364441043,28"
"2026-06-26 13:43:48.523000000";"Cemig-D";"06981180000116";"Concessão";"MG";"Sudeste";"2021";"Expansão";"Planejamento Setorial";"47656794,54";"81655022,15"
"2026-06-26 13:43:48.523000000";"Cemig-D";"06981180000116";"Concessão";"MG";"Sudeste";"2021";"Melhoria";"";"122648552,03";"125350836,93"
"2026-06-26 13:43:48.523000000";"Cemig-D";"06981180000116";"Concessão";"MG";"Sudeste";"2021";"Melhoria";"Planejamento Setorial";"191990,41";",00"
"2026-06-26 13:43:48.523000000";"Cemig-D";"06981180000116";"Concessão";"MG";"Sudeste";"2021";"Renovação";"";"216070409,51";"222228955,18"
"2026-06-26 13:43:48.523000000";"Cemig-D";"06981180000116";"Concessão";"MG";"Sudeste";"2022";"Expansão";"";"1233502647,78";"1644264420,24"
"2026-06-26 13:43:48.523000000";"Cemig-D";"06981180000116";"Concessão";"MG";"Sudeste";"2022";"Expansão";"Obra com Participação Financeira";"513758312,16";"513390003,56"
"2026-06-26 13:43:48.523000000";"Cemig-D";"06981180000116";"Concessão";"MG";"Sudeste";"2022";"Expansão";"Planejamento Setorial";"573950679,75";"938328242,90"
"2026-06-26 13:43:48.523000000";"Cemig-D";"06981180000116";"Concessão";"MG";"Sudeste";"2022";"Melhoria";"";"204386769,20";"264980115,86"
"2026-06-26 13:43:48.523000000";"Cemig-D";"06981180000116";"Concessão";"MG";"Sudeste";"2022";"Melhoria";"Planejamento Setorial";"24265978,88";"82651181,40"
"2026-06-26 13:43:48.523000000";"Cemig-D";"06981180000116";"Concessão";"MG";"Sudeste";"2022";"Renovação";"";"353583955,90";"369215122,24"
"2026-06-26 13:43:48.523000000";"Cemig-D";"06981180000116";"Concessão";"MG";"Sudeste";"2022";"Renovação";"Planejamento Setorial";"227376674,00";"175338288,32"
"2026-06-26 13:43:48.523000000";"Cemig-D";"06981180000116";"Concessão";"MG";"Sudeste";"2023";"Expansão";"";"813359130,42";"1195564919,84"
"2026-06-26 13:43:48.523000000";"Cemig-D";"06981180000116";"Concessão";"MG";"Sudeste";"2023";"Expansão";"Obra com Participação Financeira";"582536686,33";"719777472,29"
"2026-06-26 13:43:48.523000000";"Cemig-D";"06981180000116";"Concessão";"MG";"Sudeste";"2023";"Expansão";"Planejamento Setorial";"81236428,21";"451138673,42"
"2026-06-26 13:43:48.523000000";"Cemig-D";"06981180000116";"Concessão";"MG";"Sudeste";"2023";"Melhoria";"";"137166658,58";"236470640,05"
"2026-06-26 13:43:48.523000000";"Cemig-D";"06981180000116";"Concessão";"MG";"Sudeste";"2023";"Melhoria";"Planejamento Setorial";"19188485,01";"128457053,75"
"2026-06-26 13:43:48.523000000";"Cemig-D";"06981180000116";"Concessão";"MG";"Sudeste";"2023";"Renovação";"";"248294098,33";"250713691,08"
"2026-06-26 13:43:48.523000000";"Cemig-D";"06981180000116";"Concessão";"MG";"Sudeste";"2023";"Renovação";"Planejamento Setorial";"154766105,00";"199328467,51"
"2026-06-26 13:43:48.523000000";"Cemig-D";"06981180000116";"Concessão";"MG";"Sudeste";"2024";"Expansão";"";"1728700018,88";"2157992628,19"
"2026-06-26 13:43:48.523000000";"Cemig-D";"06981180000116";"Concessão";"MG";"Sudeste";"2024";"Expansão";"Obra com Participação Financeira";"743051974,58";"757837792,31"
"2026-06-26 13:43:48.523000000";"Cemig-D";"06981180000116";"Concessão";"MG";"Sudeste";"2024";"Expansão";"Planejamento Setorial";"317614558,14";"1174930125,22"
"2026-06-26 13:43:48.523000000";"Cemig-D";"06981180000116";"Concessão";"MG";"Sudeste";"2024";"Melhoria";"";"261875458,28";"350020303,20"
"2026-06-26 13:43:48.523000000";"Cemig-D";"06981180000116";"Concessão";"MG";"Sudeste";"2024";"Melhoria";"Planejamento Setorial";"42029699,48";"137289251,53"
"2026-06-26 13:43:48.523000000";"Cemig-D";"06981180000116";"Concessão";"MG";"Sudeste";"2024";"Renovação";"";"537954584,99";"325222121,19"
"2026-06-26 13:43:48.523000000";"Cemig-D";"06981180000116";"Concessão";"MG";"Sudeste";"2024";"Renovação";"Planejamento Setorial";"173767565,24";"222292051,08"
"2026-06-26 13:43:48.523000000";"Cemig-D";"06981180000116";"Concessão";"MG";"Sudeste";"2025";"Expansão";"";"1985278158,17";"2936681494,35"
"2026-06-26 13:43:48.523000000";"Cemig-D";"06981180000116";"Concessão";"MG";"Sudeste";"2025";"Expansão";"Obra com Participação Financeira";"730540108,39";"802619134,72"
"2026-06-26 13:43:48.523000000";"Cemig-D";"06981180000116";"Concessão";"MG";"Sudeste";"2025";"Melhoria";"";"291930890,56";"469213688,54"
"2026-06-26 13:43:48.523000000";"Cemig-D";"06981180000116";"Concessão";"MG";"Sudeste";"2025";"Melhoria";"Obra com Participação Financeira";"627293,27";"516000,00"
"2026-06-26 13:43:48.523000000";"Cemig-D";"06981180000116";"Concessão";"MG";"Sudeste";"2025";"Melhoria";"Planejamento Setorial";"2106478,82";",00"
"2026-06-26 13:43:48.523000000";"Cemig-D";"06981180000116";"Concessão";"MG";"Sudeste";"2025";"Renovação";"";"646049447,26";"785587926,34"
"2026-06-26 13:43:48.523000000";"Cemig-D";"06981180000116";"Concessão";"MG";"Sudeste";"2026";"Expansão";"";",00";"2789765649,33"
"2026-06-26 13:43:48.523000000";"Cemig-D";"06981180000116";"Concessão";"MG";"Sudeste";"2026";"Expansão";"Obra com Participação Financeira";",00";"1004587014,29"
"2026-06-26 13:43:48.523000000";"Cemig-D";"06981180000116";"Concessão";"MG";"Sudeste";"2026";"Melhoria";"";",00";"418730371,24"
"2026-06-26 13:43:48.523000000";"Cemig-D";"06981180000116";"Concessão";"MG";"Sudeste";"2026";"Melhoria";"Obra com Participação Financeira";",00";"1790281,15"
"2026-06-26 13:43:48.523000000";"Cemig-D";"06981180000116";"Concessão";"MG";"Sudeste";"2026";"Melhoria";"Planejamento Setorial";",00";"200626936,50"
"2026-06-26 13:43:48.523000000";"Cemig-D";"06981180000116";"Concessão";"MG";"Sudeste";"2026";"Renovação";"";",00";"902015022,38"
"2026-06-26 13:43:48.523000000";"Cemig-D";"06981180000116";"Concessão";"MG";"Sudeste";"2026";"Renovação";"Planejamento Setorial";",00";"33941526,39"
"2026-06-26 13:43:48.523000000";"Cemig-D";"06981180000116";"Concessão";"MG";"Sudeste";"2027";"Expansão";"";",00";"4606869776,21"
"2026-06-26 13:43:48.523000000";"Cemig-D";"06981180000116";"Concessão";"MG";"Sudeste";"2027";"Expansão";"Obra com Participação Financeira";",00";"1230331264,05"
"2026-06-26 13:43:48.523000000";"Cemig-D";"06981180000116";"Concessão";"MG";"Sudeste";"2027";"Melhoria";"";",00";"950153353,65"
"2026-06-26 13:43:48.523000000";"Cemig-D";"06981180000116";"Concessão";"MG";"Sudeste";"2027";"Melhoria";"Obra com Participação Financeira";",00";"211000,00"
"2026-06-26 13:43:48.523000000";"Cemig-D";"06981180000116";"Concessão";"MG";"Sudeste";"2027";"Melhoria";"Planejamento Setorial";",00";"140400000,00"
"2026-06-26 13:43:48.523000000";"Cemig-D";"06981180000116";"Concessão";"MG";"Sudeste";"2027";"Obra com Participação Financeira";"";",00";"19381000,00"
"2026-06-26 13:43:48.523000000";"Cemig-D";"06981180000116";"Concessão";"MG";"Sudeste";"2027";"Renovação";"";",00";"1074378911,93"
"2026-06-26 13:43:48.523000000";"Cemig-D";"06981180000116";"Concessão";"MG";"Sudeste";"2027";"Renovação";"Planejamento Setorial";",00";"31500000,00"
"2026-06-26 13:43:48.523000000";"Cemig-D";"06981180000116";"Concessão";"MG";"Sudeste";"2028";"Expansão";"";",00";"3685620683,62"
"2026-06-26 13:43:48.523000000";"Cemig-D";"06981180000116";"Concessão";"MG";"Sudeste";"2028";"Expansão";"Obra com Participação Financeira";",00";"1261252316,89"
"2026-06-26 13:43:48.523000000";"Cemig-D";"06981180000116";"Concessão";"MG";"Sudeste";"2028";"Melhoria";"";",00";"658601448,69"
"2026-06-26 13:43:48.523000000";"Cemig-D";"06981180000116";"Concessão";"MG";"Sudeste";"2028";"Melhoria";"Planejamento Setorial";",00";"127094866,66"
"2026-06-26 13:43:48.523000000";"Cemig-D";"06981180000116";"Concessão";"MG";"Sudeste";"2028";"Renovação";"";",00";"1185009387,65"
"2026-06-26 13:43:48.523000000";"Cemig-D";"06981180000116";"Concessão";"MG";"Sudeste";"2028";"Renovação";"Planejamento Setorial";",00";"24847433,33"
"2026-06-26 13:43:48.523000000";"Cemig-D";"06981180000116";"Concessão";"MG";"Sudeste";"2029";"Expansão";"";",00";"2457120965,96"
"2026-06-26 13:43:48.523000000";"Cemig-D";"06981180000116";"Concessão";"MG";"Sudeste";"2029";"Expansão";"Obra com Participação Financeira";",00";"1043768316,89"
"2026-06-26 13:43:48.523000000";"Cemig-D";"06981180000116";"Concessão";"MG";"Sudeste";"2029";"Melhoria";"";",00";"453730605,99"
"2026-06-26 13:43:48.523000000";"Cemig-D";"06981180000116";"Concessão";"MG";"Sudeste";"2029";"Melhoria";"Planejamento Setorial";",00";"127094866,66"
"2026-06-26 13:43:48.523000000";"Cemig-D";"06981180000116";"Concessão";"MG";"Sudeste";"2029";"Renovação";"";",00";"1173449024,17"
"2026-06-26 13:43:48.523000000";"Cemig-D";"06981180000116";"Concessão";"MG";"Sudeste";"2029";"Renovação";"Planejamento Setorial";",00";"24847433,33"
"2026-06-26 13:43:48.523000000";"Cemig-D";"06981180000116";"Concessão";"MG";"Sudeste";"2030";"Expansão";"";",00";"2636497261,72"
"2026-06-26 13:43:48.523000000";"Cemig-D";"06981180000116";"Concessão";"MG";"Sudeste";"2030";"Expansão";"Obra com Participação Financeira";",00";"936846316,89"
"2026-06-26 13:43:48.523000000";"Cemig-D";"06981180000116";"Concessão";"MG";"Sudeste";"2030";"Melhoria";"";",00";"743188585,99"
"2026-06-26 13:43:48.523000000";"Cemig-D";"06981180000116";"Concessão";"MG";"Sudeste";"2030";"Melhoria";"Planejamento Setorial";",00";"127094866,66"
"2026-06-26 13:43:48.523000000";"Cemig-D";"06981180000116";"Concessão";"MG";"Sudeste";"2030";"Renovação";"";",00";"1114308388,61"
"2026-06-26 13:43:48.523000000";"Cemig-D";"06981180000116";"Concessão";"MG";"Sudeste";"2030";"Renovação";"Planejamento Setorial";",00";"24847433,33"
"2026-06-26 13:43:48.523000000";"Cemirim";"52777034000190";"Permissão";"SP";"Sudeste";"2024";"Expansão";"";"1995145,95";"1753413,01"
"2026-06-26 13:43:48.523000000";"Cemirim";"52777034000190";"Permissão";"SP";"Sudeste";"2024";"Expansão";"Obra com Participação Financeira";"625715,42";"715717,00"
"2026-06-26 13:43:48.523000000";"Cemirim";"52777034000190";"Permissão";"SP";"Sudeste";"2024";"Melhoria";"";"832982,01";"674106,85"
"2026-06-26 13:43:48.523000000";"Cemirim";"52777034000190";"Permissão";"SP";"Sudeste";"2024";"Renovação";"";"903420,41";"357784,00"
"2026-06-26 13:43:48.523000000";"Cemirim";"52777034000190";"Permissão";"SP";"Sudeste";"2024";"Renovação";"Obra com Participação Financeira";"75688,33";"153336,00"
"2026-06-26 13:43:48.523000000";"Cemirim";"52777034000190";"Permissão";"SP";"Sudeste";"2025";"Expansão";"";"2017178,48";"1841083,36"
"2026-06-26 13:43:48.523000000";"Cemirim";"52777034000190";"Permissão";"SP";"Sudeste";"2025";"Expansão";"Obra com Participação Financeira";"1246376,24";"751502,84"
"2026-06-26 13:43:48.523000000";"Cemirim";"52777034000190";"Permissão";"SP";"Sudeste";"2025";"Melhoria";"";"1075425,96";"737259,82"
"2026-06-26 13:43:48.523000000";"Cemirim";"52777034000190";"Permissão";"SP";"Sudeste";"2025";"Renovação";"";"909757,25";"375673,20"
"2026-06-26 13:43:48.523000000";"Cemirim";"52777034000190";"Permissão";"SP";"Sudeste";"2025";"Renovação";"Obra com Participação Financeira";"94854,44";"161002,80"
"2026-06-26 13:43:48.523000000";"Cemirim";"52777034000190";"Permissão";"SP";"Sudeste";"2026";"Expansão";"";",00";"1933137,83"
"2026-06-26 13:43:48.523000000";"Cemirim";"52777034000190";"Permissão";"SP";"Sudeste";"2026";"Expansão";"Obra com Participação Financeira";",00";"789077,99"
"2026-06-26 13:43:48.523000000";"Cemirim";"52777034000190";"Permissão";"SP";"Sudeste";"2026";"Melhoria";"";",00";"1728972,16"
"2026-06-26 13:43:48.523000000";"Cemirim";"52777034000190";"Permissão";"SP";"Sudeste";"2026";"Renovação";"";",00";"394456,86"
"2026-06-26 13:43:48.523000000";"Cemirim";"52777034000190";"Permissão";"SP";"Sudeste";"2026";"Renovação";"Obra com Participação Financeira";",00";"169052,94"
"2026-06-26 13:43:48.523000000";"Cemirim";"52777034000190";"Permissão";"SP";"Sudeste";"2027";"Expansão";"";",00";"2029793,03"
"2026-06-26 13:43:48.523000000";"Cemirim";"52777034000190";"Permissão";"SP";"Sudeste";"2027";"Expansão";"Obra com Participação Financeira";",00";"828531,90"
"2026-06-26 13:43:48.523000000";"Cemirim";"52777034000190";"Permissão";"SP";"Sudeste";"2027";"Melhoria";"";",00";"2850270,77"
"2026-06-26 13:43:48.523000000";"Cemirim";"52777034000190";"Permissão";"SP";"Sudeste";"2027";"Renovação";"";",00";"414179,70"
"2026-06-26 13:43:48.523000000";"Cemirim";"52777034000190";"Permissão";"SP";"Sudeste";"2027";"Renovação";"Obra com Participação Financeira";",00";"177505,59"
"2026-06-26 13:43:48.523000000";"Cemirim";"52777034000190";"Permissão";"SP";"Sudeste";"2028";"Expansão";"";",00";"2131284,46"
"2026-06-26 13:43:48.523000000";"Cemirim";"52777034000190";"Permissão";"SP";"Sudeste";"2028";"Expansão";"Obra com Participação Financeira";",00";"869958,49"
"2026-06-26 13:43:48.523000000";"Cemirim";"52777034000190";"Permissão";"SP";"Sudeste";"2028";"Melhoria";"";",00";"709182,31"
"2026-06-26 13:43:48.523000000";"Cemirim";"52777034000190";"Permissão";"SP";"Sudeste";"2028";"Renovação";"";",00";"434888,89"
"2026-06-26 13:43:48.523000000";"Cemirim";"52777034000190";"Permissão";"SP";"Sudeste";"2028";"Renovação";"Obra com Participação Financeira";",00";"186380,86"
"2026-06-26 13:43:48.523000000";"Cemirim";"52777034000190";"Permissão";"SP";"Sudeste";"2029";"Expansão";"";",00";"2237848,68"
"2026-06-26 13:43:48.523000000";"Cemirim";"52777034000190";"Permissão";"SP";"Sudeste";"2029";"Expansão";"Obra com Participação Financeira";",00";"913456,42"
"2026-06-26 13:43:48.523000000";"Cemirim";"52777034000190";"Permissão";"SP";"Sudeste";"2029";"Melhoria";"";",00";"715743,52"
"2026-06-26 13:43:48.523000000";"Cemirim";"52777034000190";"Permissão";"SP";"Sudeste";"2029";"Renovação";"";",00";"456633,31"
"2026-06-26 13:43:48.523000000";"Cemirim";"52777034000190";"Permissão";"SP";"Sudeste";"2029";"Renovação";"Obra com Participação Financeira";",00";"195699,90"
"2026-06-26 13:43:48.523000000";"Cemirim";"52777034000190";"Permissão";"SP";"Sudeste";"2030";"Expansão";"";",00";"2237848,68"
"2026-06-26 13:43:48.523000000";"Cemirim";"52777034000190";"Permissão";"SP";"Sudeste";"2030";"Expansão";"Obra com Participação Financeira";",00";"913456,42"
"2026-06-26 13:43:48.523000000";"Cemirim";"52777034000190";"Permissão";"SP";"Sudeste";"2030";"Melhoria";"";",00";"284743,52"
"2026-06-26 13:43:48.523000000";"Cemirim";"52777034000190";"Permissão";"SP";"Sudeste";"2030";"Renovação";"";",00";"456633,31"
"2026-06-26 13:43:48.523000000";"Cemirim";"52777034000190";"Permissão";"SP";"Sudeste";"2030";"Renovação";"Obra com Participação Financeira";",00";"195699,90"
"2026-06-26 13:43:48.523000000";"Ceprag";"78274610000170";"Permissão";"SC";"Sul";"2016";"Expansão";"";"1169245,09";"2110933,26"
"2026-06-26 13:43:48.523000000";"Ceprag";"78274610000170";"Permissão";"SC";"Sul";"2016";"Melhoria";"";"1338014,23";"1344459,90"
"2026-06-26 13:43:48.523000000";"Ceprag";"78274610000170";"Permissão";"SC";"Sul";"2016";"Renovação";"";"1435413,04";"642393,59"
"2026-06-26 13:43:48.523000000";"Ceprag";"78274610000170";"Permissão";"SC";"Sul";"2017";"Expansão";"";"2085307,57";"2207964,90"
"2026-06-26 13:43:48.523000000";"Ceprag";"78274610000170";"Permissão";"SC";"Sul";"2017";"Melhoria";"";"1064514,66";"1344459,90"
"2026-06-26 13:43:48.523000000";"Ceprag";"78274610000170";"Permissão";"SC";"Sul";"2017";"Renovação";"";"1222479,25";"642393,59"
"2026-06-26 13:43:48.523000000";"Ceprag";"78274610000170";"Permissão";"SC";"Sul";"2018";"Expansão";"";"8626541,87";"2286859,54"
"2026-06-26 13:43:48.523000000";"Ceprag";"78274610000170";"Permissão";"SC";"Sul";"2018";"Melhoria";"";"1239108,12";"769539,90"
"2026-06-26 13:43:48.523000000";"Ceprag";"78274610000170";"Permissão";"SC";"Sul";"2018";"Renovação";"";"2036319,53";"1358209,34"
"2026-06-26 13:43:48.523000000";"Ceprag";"78274610000170";"Permissão";"SC";"Sul";"2019";"Expansão";"";"1817613,55";"5295664,54"
"2026-06-26 13:43:48.523000000";"Ceprag";"78274610000170";"Permissão";"SC";"Sul";"2019";"Melhoria";"";"1827689,32";"1539499,90"
"2026-06-26 13:43:48.523000000";"Ceprag";"78274610000170";"Permissão";"SC";"Sul";"2019";"Renovação";"";"2273344,47";"1356642,05"
"2026-06-26 13:43:48.523000000";"Ceprag";"78274610000170";"Permissão";"SC";"Sul";"2020";"Expansão";"";"4715646,73";"5068988,81"
"2026-06-26 13:43:48.523000000";"Ceprag";"78274610000170";"Permissão";"SC";"Sul";"2020";"Melhoria";"";"806363,98";"1344459,90"
"2026-06-26 13:43:48.523000000";"Ceprag";"78274610000170";"Permissão";"SC";"Sul";"2020";"Renovação";"";"1066247,90";"1042007,57"
"2026-06-26 13:43:48.523000000";"Ceprag";"78274610000170";"Permissão";"SC";"Sul";"2021";"Expansão";"";"4789287,36";"2466910,57"
"2026-06-26 13:43:48.523000000";"Ceprag";"78274610000170";"Permissão";"SC";"Sul";"2021";"Melhoria";"";"3062503,15";"1446090,87"
"2026-06-26 13:43:48.523000000";"Ceprag";"78274610000170";"Permissão";"SC";"Sul";"2021";"Renovação";"";"2121876,33";"1089994,48"
"2026-06-26 13:43:48.523000000";"Ceprag";"78274610000170";"Permissão";"SC";"Sul";"2022";"Expansão";"";"3850000,00";"3845371,00"
"2026-06-26 13:43:48.523000000";"Ceprag";"78274610000170";"Permissão";"SC";"Sul";"2022";"Melhoria";"";"1290000,00";"1228750,00"
"2026-06-26 13:43:48.523000000";"Ceprag";"78274610000170";"Permissão";"SC";"Sul";"2022";"Melhoria";"Planejamento Setorial";"2000000,00";",00"
"2026-06-26 13:43:48.523000000";"Ceprag";"78274610000170";"Permissão";"SC";"Sul";"2022";"Renovação";"";"1645000,00";"1611000,00"
"2026-06-26 13:43:48.523000000";"Ceprag";"78274610000170";"Permissão";"SC";"Sul";"2023";"Expansão";"";"2963804,54";"3425371,00"
"2026-06-26 13:43:48.523000000";"Ceprag";"78274610000170";"Permissão";"SC";"Sul";"2023";"Melhoria";"";"1265212,07";"1228750,00"
"2026-06-26 13:43:48.523000000";"Ceprag";"78274610000170";"Permissão";"SC";"Sul";"2023";"Renovação";"";"2025530,15";"1611000,00"
"2026-06-26 13:43:48.523000000";"Ceprag";"78274610000170";"Permissão";"SC";"Sul";"2024";"Expansão";"";"3842271,13";"4078101,00"
"2026-06-26 13:43:48.523000000";"Ceprag";"78274610000170";"Permissão";"SC";"Sul";"2024";"Expansão";"Planejamento Setorial";"141700,00";",00"
"2026-06-26 13:43:48.523000000";"Ceprag";"78274610000170";"Permissão";"SC";"Sul";"2024";"Melhoria";"";"672438,46";"1978000,00"
"2026-06-26 13:43:48.523000000";"Ceprag";"78274610000170";"Permissão";"SC";"Sul";"2024";"Melhoria";"Planejamento Setorial";"289320,00";"258069,00"
"2026-06-26 13:43:48.523000000";"Ceprag";"78274610000170";"Permissão";"SC";"Sul";"2024";"Renovação";"";"249000,56";"246500,00"
"2026-06-26 13:43:48.523000000";"Ceprag";"78274610000170";"Permissão";"SC";"Sul";"2024";"Renovação";"Planejamento Setorial";"359700,00";"513000,00"
"2026-06-26 13:43:48.523000000";"Ceprag";"78274610000170";"Permissão";"SC";"Sul";"2025";"Expansão";"";"4048954,35";"4078101,00"
"2026-06-26 13:43:48.523000000";"Ceprag";"78274610000170";"Permissão";"SC";"Sul";"2025";"Melhoria";"";"1478000,00";"1338000,00"
"2026-06-26 13:43:48.523000000";"Ceprag";"78274610000170";"Permissão";"SC";"Sul";"2025";"Melhoria";"Planejamento Setorial";"248869,63";"258069,00"
"2026-06-26 13:43:48.523000000";"Ceprag";"78274610000170";"Permissão";"SC";"Sul";"2025";"Renovação";"";"278750,12";"246500,00"
"2026-06-26 13:43:48.523000000";"Ceprag";"78274610000170";"Permissão";"SC";"Sul";"2026";"Expansão";"";",00";"4078101,00"
"2026-06-26 13:43:48.523000000";"Ceprag";"78274610000170";"Permissão";"SC";"Sul";"2026";"Expansão";"Planejamento Setorial";",00";"4122840,00"
"2026-06-26 13:43:48.523000000";"Ceprag";"78274610000170";"Permissão";"SC";"Sul";"2026";"Melhoria";"";",00";"2388000,00"
"2026-06-26 13:43:48.523000000";"Ceprag";"78274610000170";"Permissão";"SC";"Sul";"2026";"Melhoria";"Planejamento Setorial";",00";"638499,00"
"2026-06-26 13:43:48.523000000";"Ceprag";"78274610000170";"Permissão";"SC";"Sul";"2026";"Renovação";"";",00";"246500,00"
"2026-06-26 13:43:48.523000000";"Ceprag";"78274610000170";"Permissão";"SC";"Sul";"2027";"Expansão";"";",00";"889410,73"
"2026-06-26 13:43:48.523000000";"Ceprag";"78274610000170";"Permissão";"SC";"Sul";"2027";"Melhoria";"";",00";"1344459,90"
"2026-06-26 13:43:48.523000000";"Ceprag";"78274610000170";"Permissão";"SC";"Sul";"2027";"Renovação";"";",00";"642393,59"
"2026-06-26 13:43:48.523000000";"Ceprag";"78274610000170";"Permissão";"SC";"Sul";"2028";"Expansão";"";",00";"788110,73"
"2026-06-26 13:43:48.523000000";"Ceprag";"78274610000170";"Permissão";"SC";"Sul";"2028";"Melhoria";"";",00";"1344459,90"
"2026-06-26 13:43:48.523000000";"Ceprag";"78274610000170";"Permissão";"SC";"Sul";"2028";"Renovação";"";",00";"642393,59"
"2026-06-26 13:43:48.523000000";"Ceprag";"78274610000170";"Permissão";"SC";"Sul";"2029";"Expansão";"";",00";"788110,73"
"2026-06-26 13:43:48.523000000";"Ceprag";"78274610000170";"Permissão";"SC";"Sul";"2029";"Melhoria";"";",00";"1344459,90"
"2026-06-26 13:43:48.523000000";"Ceprag";"78274610000170";"Permissão";"SC";"Sul";"2029";"Renovação";"";",00";"642393,59"
"2026-06-26 13:43:48.523000000";"Ceprag";"78274610000170";"Permissão";"SC";"Sul";"2030";"Expansão";"";",00";"788110,73"
"2026-06-26 13:43:48.523000000";"Ceprag";"78274610000170";"Permissão";"SC";"Sul";"2030";"Melhoria";"";",00";"1344459,90"
"2026-06-26 13:43:48.523000000";"Ceprag";"78274610000170";"Permissão";"SC";"Sul";"2030";"Renovação";"";",00";"642393,59"
"2026-06-26 13:43:48.523000000";"Ceraçá";"09364804000144";"Permissão";"SC";"Sul";"2016";"Expansão";"";"1769250,00";"1323450,00"
"2026-06-26 13:43:48.523000000";"Ceraçá";"09364804000144";"Permissão";"SC";"Sul";"2016";"Melhoria";"";"360000,00";"705000,00"
"2026-06-26 13:43:48.523000000";"Ceraçá";"09364804000144";"Permissão";"SC";"Sul";"2017";"Expansão";"";"834171,22";"1868795,00"
"2026-06-26 13:43:48.523000000";"Ceraçá";"09364804000144";"Permissão";"SC";"Sul";"2017";"Melhoria";"";"125000,00";"393000,00"
"2026-06-26 13:43:48.523000000";"Ceraçá";"09364804000144";"Permissão";"SC";"Sul";"2017";"Melhoria";"Obra com Participação Financeira";"12000,00";"17250,00"
"2026-06-26 13:43:48.523000000";"Ceraçá";"09364804000144";"Permissão";"SC";"Sul";"2018";"Expansão";"";"1914907,00";"1798035,00"
"2026-06-26 13:43:48.523000000";"Ceraçá";"09364804000144";"Permissão";"SC";"Sul";"2018";"Melhoria";"";"530000,00";"869500,00"
"2026-06-26 13:43:48.523000000";"Ceraçá";"09364804000144";"Permissão";"SC";"Sul";"2019";"Expansão";"";",00";"2274610,00"
"2026-06-26 13:43:48.523000000";"Ceraçá";"09364804000144";"Permissão";"SC";"Sul";"2019";"Melhoria";"";",00";"773000,00"
"2026-06-26 13:43:48.523000000";"Ceraçá";"09364804000144";"Permissão";"SC";"Sul";"2023";"Expansão";"";"523000,00";",00"
"2026-06-26 13:43:48.523000000";"Ceraçá";"09364804000144";"Permissão";"SC";"Sul";"2023";"Expansão";"Obra com Participação Financeira";"4620686,00";",00"
"2026-06-26 13:43:48.523000000";"Ceraçá";"09364804000144";"Permissão";"SC";"Sul";"2023";"Melhoria";"";"40000,00";",00"
"2026-06-26 13:43:48.523000000";"Ceraçá";"09364804000144";"Permissão";"SC";"Sul";"2024";"Expansão";"";"690000,00";"1663000,00"
"2026-06-26 13:43:48.523000000";"Ceraçá";"09364804000144";"Permissão";"SC";"Sul";"2024";"Expansão";"Obra com Participação Financeira";"3569300,00";"2952000,00"
"2026-06-26 13:43:48.523000000";"Ceraçá";"09364804000144";"Permissão";"SC";"Sul";"2024";"Expansão";"Planejamento Setorial";"1000000,00";"1000000,00"
"2026-06-26 13:43:48.523000000";"Ceraçá";"09364804000144";"Permissão";"SC";"Sul";"2024";"Melhoria";"Planejamento Setorial";"1130600,00";"4075000,00"
"2026-06-26 13:43:48.523000000";"Ceraçá";"09364804000144";"Permissão";"SC";"Sul";"2025";"Expansão";"";",00";"250000,00"
"2026-06-26 13:43:48.523000000";"Ceraçá";"09364804000144";"Permissão";"SC";"Sul";"2025";"Expansão";"Obra com Participação Financeira";",00";"2052000,00"
"2026-06-26 13:43:48.523000000";"Ceraçá";"09364804000144";"Permissão";"SC";"Sul";"2025";"Expansão";"Planejamento Setorial";",00";"26728500,00"
"2026-06-26 13:43:48.523000000";"Ceraçá";"09364804000144";"Permissão";"SC";"Sul";"2025";"Melhoria";"Planejamento Setorial";",00";"3070000,00"
"2026-06-26 13:43:48.523000000";"Ceraçá";"09364804000144";"Permissão";"SC";"Sul";"2026";"Expansão";"";",00";"250000,00"
"2026-06-26 13:43:48.523000000";"Ceraçá";"09364804000144";"Permissão";"SC";"Sul";"2026";"Expansão";"Obra com Participação Financeira";",00";"1670000,00"
"2026-06-26 13:43:48.523000000";"Ceraçá";"09364804000144";"Permissão";"SC";"Sul";"2026";"Expansão";"Planejamento Setorial";",00";"2105000,00"
"2026-06-26 13:43:48.523000000";"Ceraçá";"09364804000144";"Permissão";"SC";"Sul";"2026";"Melhoria";"Planejamento Setorial";",00";"6920000,00"
"2026-06-26 13:43:48.523000000";"Ceraçá";"09364804000144";"Permissão";"SC";"Sul";"2027";"Expansão";"";",00";"225000,00"
"2026-06-26 13:43:48.523000000";"Ceraçá";"09364804000144";"Permissão";"SC";"Sul";"2027";"Expansão";"Obra com Participação Financeira";",00";"1865000,00"
"2026-06-26 13:43:48.523000000";"Ceraçá";"09364804000144";"Permissão";"SC";"Sul";"2027";"Expansão";"Planejamento Setorial";",00";"2358000,00"
"2026-06-26 13:43:48.523000000";"Ceraçá";"09364804000144";"Permissão";"SC";"Sul";"2027";"Melhoria";"Planejamento Setorial";",00";"4475000,00"
"2026-06-26 13:43:48.523000000";"Ceraçá";"09364804000144";"Permissão";"SC";"Sul";"2028";"Expansão";"";",00";"50000,00"
"2026-06-26 13:43:48.523000000";"Ceraçá";"09364804000144";"Permissão";"SC";"Sul";"2028";"Expansão";"Obra com Participação Financeira";",00";"1735000,00"
"2026-06-26 13:43:48.523000000";"Ceraçá";"09364804000144";"Permissão";"SC";"Sul";"2028";"Expansão";"Planejamento Setorial";",00";"2783000,00"
"2026-06-26 13:43:48.523000000";"Ceraçá";"09364804000144";"Permissão";"SC";"Sul";"2028";"Melhoria";"Planejamento Setorial";",00";"4440000,00"
"2026-06-26 13:43:48.523000000";"Ceraçá";"09364804000144";"Permissão";"SC";"Sul";"2029";"Expansão";"";",00";"350000,00"
"2026-06-26 13:43:48.523000000";"Ceraçá";"09364804000144";"Permissão";"SC";"Sul";"2029";"Expansão";"Obra com Participação Financeira";",00";"745000,00"
"2026-06-26 13:43:48.523000000";"Ceraçá";"09364804000144";"Permissão";"SC";"Sul";"2029";"Expansão";"Planejamento Setorial";",00";"2660000,00"
"2026-06-26 13:43:48.523000000";"Ceraçá";"09364804000144";"Permissão";"SC";"Sul";"2029";"Melhoria";"Planejamento Setorial";",00";"5765000,00"
"2026-06-26 13:43:48.523000000";"Ceraçá";"09364804000144";"Permissão";"SC";"Sul";"2030";"Expansão";"";",00";"400000,00"
"2026-06-26 13:43:48.523000000";"Ceraçá";"09364804000144";"Permissão";"SC";"Sul";"2030";"Expansão";"Obra com Participação Financeira";",00";"1795000,00"
"2026-06-26 13:43:48.523000000";"Ceraçá";"09364804000144";"Permissão";"SC";"Sul";"2030";"Expansão";"Planejamento Setorial";",00";"2485000,00"
"2026-06-26 13:43:48.523000000";"Ceraçá";"09364804000144";"Permissão";"SC";"Sul";"2030";"Melhoria";"Planejamento Setorial";",00";"7300000,00"
"2026-06-26 13:43:48.523000000";"Ceral Anitápolis";"75826404000138";"Permissão";"SC";"Sul";"2026";"Expansão";"";",00";"1025246,86"
"2026-06-26 13:43:48.523000000";"Ceral Anitápolis";"75826404000138";"Permissão";"SC";"Sul";"2027";"Expansão";"";",00";"497315,16"
"2026-06-26 13:43:48.523000000";"Ceral Anitápolis";"75826404000138";"Permissão";"SC";"Sul";"2028";"Expansão";"";",00";"514434,72"
"2026-06-26 13:43:48.523000000";"Ceral Anitápolis";"75826404000138";"Permissão";"SC";"Sul";"2029";"Expansão";"";",00";"535304,26"
"2026-06-26 13:43:48.523000000";"Ceral Anitápolis";"75826404000138";"Permissão";"SC";"Sul";"2030";"Expansão";"";",00";"543374,26"
"2026-06-26 13:43:48.523000000";"Ceral Araruama";"28610236000169";"Permissão";"RJ";"Sudeste";"2023";"Expansão";"Planejamento Setorial";",00";"1402050,29"
"2026-06-26 13:43:48.523000000";"Ceral Araruama";"28610236000169";"Permissão";"RJ";"Sudeste";"2023";"Melhoria";"Planejamento Setorial";",00";"505322,49"
"2026-06-26 13:43:48.523000000";"Ceral Araruama";"28610236000169";"Permissão";"RJ";"Sudeste";"2023";"Renovação";"Planejamento Setorial";",00";"3305119,96"
"2026-06-26 13:43:48.523000000";"Ceral Araruama";"28610236000169";"Permissão";"RJ";"Sudeste";"2024";"Expansão";"Planejamento Setorial";",00";"1024783,48"
"2026-06-26 13:43:48.523000000";"Ceral Araruama";"28610236000169";"Permissão";"RJ";"Sudeste";"2024";"Melhoria";"Planejamento Setorial";",00";"152849,62"
"2026-06-26 13:43:48.523000000";"Ceral Araruama";"28610236000169";"Permissão";"RJ";"Sudeste";"2024";"Renovação";"Planejamento Setorial";",00";"1614178,01"
"2026-06-26 13:43:48.523000000";"Ceral Araruama";"28610236000169";"Permissão";"RJ";"Sudeste";"2025";"Expansão";"Planejamento Setorial";",00";"335588,05"
"2026-06-26 13:43:48.523000000";"Ceral Araruama";"28610236000169";"Permissão";"RJ";"Sudeste";"2025";"Melhoria";"Planejamento Setorial";",00";"540332,42"
"2026-06-26 13:43:48.523000000";"Ceral Araruama";"28610236000169";"Permissão";"RJ";"Sudeste";"2025";"Renovação";"Planejamento Setorial";",00";"1106429,79"
"2026-06-26 13:43:48.523000000";"Ceral Araruama";"28610236000169";"Permissão";"RJ";"Sudeste";"2026";"Expansão";"Planejamento Setorial";",00";"324590,25"
"2026-06-26 13:43:48.523000000";"Ceral Araruama";"28610236000169";"Permissão";"RJ";"Sudeste";"2026";"Melhoria";"Planejamento Setorial";",00";"1415526,71"
"2026-06-26 13:43:48.523000000";"Ceral Araruama";"28610236000169";"Permissão";"RJ";"Sudeste";"2026";"Renovação";"Planejamento Setorial";",00";"688404,59"
"2026-06-26 13:43:48.523000000";"Ceral-Dis";"10532365000110";"Permissão";"PR";"Sul";"2016";"Expansão";"";"728442,19";"846873,19"
"2026-06-26 13:43:48.523000000";"Ceral-Dis";"10532365000110";"Permissão";"PR";"Sul";"2016";"Melhoria";"";"37958,15";"25325,00"
"2026-06-26 13:43:48.523000000";"Ceral-Dis";"10532365000110";"Permissão";"PR";"Sul";"2016";"Renovação";"";"150276,68";"84327,10"
"2026-06-26 13:43:48.523000000";"Ceral-Dis";"10532365000110";"Permissão";"PR";"Sul";"2017";"Expansão";"";"113476,75";"140606,71"
"2026-06-26 13:43:48.523000000";"Ceral-Dis";"10532365000110";"Permissão";"PR";"Sul";"2017";"Melhoria";"";"22041,72";"25325,00"
"2026-06-26 13:43:48.523000000";"Ceral-Dis";"10532365000110";"Permissão";"PR";"Sul";"2017";"Melhoria";"Planejamento Setorial";"15688,00";",00"
"2026-06-26 13:43:48.523000000";"Ceral-Dis";"10532365000110";"Permissão";"PR";"Sul";"2017";"Renovação";"";"101054,96";"94958,61"
"2026-06-26 13:43:48.523000000";"Ceral-Dis";"10532365000110";"Permissão";"PR";"Sul";"2018";"Expansão";"Planejamento Setorial";"139729,67";"127606,71"
"2026-06-26 13:43:48.523000000";"Ceral-Dis";"10532365000110";"Permissão";"PR";"Sul";"2018";"Renovação";"Planejamento Setorial";"111943,35";"92722,81"
"2026-06-26 13:43:48.523000000";"Ceral-Dis";"10532365000110";"Permissão";"PR";"Sul";"2019";"Expansão";"Planejamento Setorial";"159662,02";"160389,43"
"2026-06-26 13:43:48.523000000";"Ceral-Dis";"10532365000110";"Permissão";"PR";"Sul";"2019";"Melhoria";"Planejamento Setorial";"60346,30";"60000,00"
"2026-06-26 13:43:48.523000000";"Ceral-Dis";"10532365000110";"Permissão";"PR";"Sul";"2019";"Renovação";"Planejamento Setorial";"126481,76";"280446,48"
"2026-06-26 13:43:48.523000000";"Ceral-Dis";"10532365000110";"Permissão";"PR";"Sul";"2020";"Expansão";"Planejamento Setorial";"147932,28";"137206,59"
"2026-06-26 13:43:48.523000000";"Ceral-Dis";"10532365000110";"Permissão";"PR";"Sul";"2020";"Melhoria";"Planejamento Setorial";"36509,16";",00"
"2026-06-26 13:43:48.523000000";"Ceral-Dis";"10532365000110";"Permissão";"PR";"Sul";"2020";"Renovação";"Planejamento Setorial";"70332,27";"241948,61"
"2026-06-26 13:43:48.523000000";"Ceral-Dis";"10532365000110";"Permissão";"PR";"Sul";"2021";"Expansão";"Planejamento Setorial";"187057,02";"108356,71"
"2026-06-26 13:43:48.523000000";"Ceral-Dis";"10532365000110";"Permissão";"PR";"Sul";"2021";"Melhoria";"Planejamento Setorial";"342958,68";"639548,88"
"2026-06-26 13:43:48.523000000";"Ceral-Dis";"10532365000110";"Permissão";"PR";"Sul";"2021";"Renovação";"Planejamento Setorial";"429027,39";"419431,00"
"2026-06-26 13:43:48.523000000";"Ceral-Dis";"10532365000110";"Permissão";"PR";"Sul";"2022";"Expansão";"Planejamento Setorial";"247379,07";"254226,03"
"2026-06-26 13:43:48.523000000";"Ceral-Dis";"10532365000110";"Permissão";"PR";"Sul";"2022";"Melhoria";"Planejamento Setorial";"382101,88";"668972,28"
"2026-06-26 13:43:48.523000000";"Ceral-Dis";"10532365000110";"Permissão";"PR";"Sul";"2022";"Renovação";"Planejamento Setorial";"250832,30";"349745,43"
"2026-06-26 13:43:48.523000000";"Ceral-Dis";"10532365000110";"Permissão";"PR";"Sul";"2023";"Expansão";"Planejamento Setorial";"417951,47";"218537,51"
"2026-06-26 13:43:48.523000000";"Ceral-Dis";"10532365000110";"Permissão";"PR";"Sul";"2023";"Melhoria";"Planejamento Setorial";"682946,15";"613422,68"
"2026-06-26 13:43:48.523000000";"Ceral-Dis";"10532365000110";"Permissão";"PR";"Sul";"2023";"Renovação";"Planejamento Setorial";"360981,38";"231479,97"
"2026-06-26 13:43:48.523000000";"Ceral-Dis";"10532365000110";"Permissão";"PR";"Sul";"2024";"Expansão";"Planejamento Setorial";"345217,58";"289096,11"
"2026-06-26 13:43:48.523000000";"Ceral-Dis";"10532365000110";"Permissão";"PR";"Sul";"2024";"Melhoria";"Planejamento Setorial";"184960,85";"190139,36"
"2026-06-26 13:43:48.523000000";"Ceral-Dis";"10532365000110";"Permissão";"PR";"Sul";"2024";"Renovação";"Planejamento Setorial";"239788,64";"389523,83"
"2026-06-26 13:43:48.523000000";"Ceral-Dis";"10532365000110";"Permissão";"PR";"Sul";"2025";"Expansão";"Obra com Participação Financeira";"207448,00";",00"
"2026-06-26 13:43:48.523000000";"Ceral-Dis";"10532365000110";"Permissão";"PR";"Sul";"2025";"Expansão";"Planejamento Setorial";"258664,12";"259343,95"
"2026-06-26 13:43:48.523000000";"Ceral-Dis";"10532365000110";"Permissão";"PR";"Sul";"2025";"Melhoria";"Planejamento Setorial";"90369,01";"87748,00"
"2026-06-26 13:43:48.523000000";"Ceral-Dis";"10532365000110";"Permissão";"PR";"Sul";"2025";"Renovação";"Planejamento Setorial";"526594,31";"379823,83"
"2026-06-26 13:43:48.523000000";"Ceral-Dis";"10532365000110";"Permissão";"PR";"Sul";"2026";"Expansão";"Obra com Participação Financeira";",00";"290780,55"
"2026-06-26 13:43:48.523000000";"Ceral-Dis";"10532365000110";"Permissão";"PR";"Sul";"2026";"Expansão";"Planejamento Setorial";",00";"301549,25"
"2026-06-26 13:43:48.523000000";"Ceral-Dis";"10532365000110";"Permissão";"PR";"Sul";"2026";"Melhoria";"Planejamento Setorial";",00";"111497,29"
"2026-06-26 13:43:48.523000000";"Ceral-Dis";"10532365000110";"Permissão";"PR";"Sul";"2026";"Renovação";"Planejamento Setorial";",00";"370995,35"
"2026-06-26 13:43:48.523000000";"Ceral-Dis";"10532365000110";"Permissão";"PR";"Sul";"2027";"Expansão";"Planejamento Setorial";",00";"259343,95"
"2026-06-26 13:43:48.523000000";"Ceral-Dis";"10532365000110";"Permissão";"PR";"Sul";"2027";"Renovação";"Planejamento Setorial";",00";"209575,17"
"2026-06-26 13:43:48.523000000";"Ceral-Dis";"10532365000110";"Permissão";"PR";"Sul";"2028";"Expansão";"Planejamento Setorial";",00";"259343,95"
"2026-06-26 13:43:48.523000000";"Ceral-Dis";"10532365000110";"Permissão";"PR";"Sul";"2028";"Renovação";"Planejamento Setorial";",00";"209575,17"
"2026-06-26 13:43:48.523000000";"Ceral-Dis";"10532365000110";"Permissão";"PR";"Sul";"2029";"Expansão";"Planejamento Setorial";",00";"259343,95"
"2026-06-26 13:43:48.523000000";"Ceral-Dis";"10532365000110";"Permissão";"PR";"Sul";"2029";"Renovação";"Planejamento Setorial";",00";"209575,17"
"2026-06-26 13:43:48.523000000";"Ceral-Dis";"10532365000110";"Permissão";"PR";"Sul";"2030";"Expansão";"Planejamento Setorial";",00";"259343,95"
"2026-06-26 13:43:48.523000000";"Ceral-Dis";"10532365000110";"Permissão";"PR";"Sul";"2030";"Renovação";"Planejamento Setorial";",00";"209575,17"
"2026-06-26 13:43:48.523000000";"Cerbranorte";"86433042000131";"Permissão";"SC";"Sul";"2016";"Expansão";"";"216618,50";"340310,00"
"2026-06-26 13:43:48.523000000";"Cerbranorte";"86433042000131";"Permissão";"SC";"Sul";"2016";"Expansão";"Planejamento Setorial";"2603030,64";"2272000,00"
"2026-06-26 13:43:48.523000000";"Cerbranorte";"86433042000131";"Permissão";"SC";"Sul";"2016";"Melhoria";"";"361815,65";"287500,00"
"2026-06-26 13:43:48.523000000";"Cerbranorte";"86433042000131";"Permissão";"SC";"Sul";"2016";"Melhoria";"Planejamento Setorial";"1931989,03";"1660000,00"
"2026-06-26 13:43:48.523000000";"Cerbranorte";"86433042000131";"Permissão";"SC";"Sul";"2016";"Renovação";"";"684593,97";"583625,00"
"2026-06-26 13:43:48.523000000";"Cerbranorte";"86433042000131";"Permissão";"SC";"Sul";"2016";"Renovação";"Planejamento Setorial";"329114,36";"400000,00"
"2026-06-26 13:43:48.523000000";"Cerbranorte";"86433042000131";"Permissão";"SC";"Sul";"2017";"Expansão";"";"169740,30";"208950,00"
"2026-06-26 13:43:48.523000000";"Cerbranorte";"86433042000131";"Permissão";"SC";"Sul";"2017";"Expansão";"Planejamento Setorial";"570300,95";"480000,00"
"2026-06-26 13:43:48.523000000";"Cerbranorte";"86433042000131";"Permissão";"SC";"Sul";"2017";"Melhoria";"";"303832,01";"301000,00"
"2026-06-26 13:43:48.523000000";"Cerbranorte";"86433042000131";"Permissão";"SC";"Sul";"2017";"Melhoria";"Planejamento Setorial";"366620,66";"316000,00"
"2026-06-26 13:43:48.523000000";"Cerbranorte";"86433042000131";"Permissão";"SC";"Sul";"2017";"Renovação";"";"228700,52";"76775,00"
"2026-06-26 13:43:48.523000000";"Cerbranorte";"86433042000131";"Permissão";"SC";"Sul";"2017";"Renovação";"Planejamento Setorial";"98250,00";"261000,00"
"2026-06-26 13:43:48.523000000";"Cerbranorte";"86433042000131";"Permissão";"SC";"Sul";"2018";"Expansão";"";"246862,13";"208950,00"
"2026-06-26 13:43:48.523000000";"Cerbranorte";"86433042000131";"Permissão";"SC";"Sul";"2018";"Expansão";"Planejamento Setorial";"520807,74";"480000,00"
"2026-06-26 13:43:48.523000000";"Cerbranorte";"86433042000131";"Permissão";"SC";"Sul";"2018";"Melhoria";"";"142641,97";"165750,00"
"2026-06-26 13:43:48.523000000";"Cerbranorte";"86433042000131";"Permissão";"SC";"Sul";"2018";"Melhoria";"Planejamento Setorial";"401964,11";"392500,00"
"2026-06-26 13:43:48.523000000";"Cerbranorte";"86433042000131";"Permissão";"SC";"Sul";"2018";"Renovação";"";"633988,51";"806775,00"
"2026-06-26 13:43:48.523000000";"Cerbranorte";"86433042000131";"Permissão";"SC";"Sul";"2018";"Renovação";"Planejamento Setorial";"1141266,91";"1033500,00"
"2026-06-26 13:43:48.523000000";"Cerbranorte";"86433042000131";"Permissão";"SC";"Sul";"2019";"Expansão";"";"171795,02";"208950,00"
"2026-06-26 13:43:48.523000000";"Cerbranorte";"86433042000131";"Permissão";"SC";"Sul";"2019";"Expansão";"Planejamento Setorial";"1140512,21";"1600000,00"
"2026-06-26 13:43:48.523000000";"Cerbranorte";"86433042000131";"Permissão";"SC";"Sul";"2019";"Melhoria";"";"91041,17";"165750,00"
"2026-06-26 13:43:48.523000000";"Cerbranorte";"86433042000131";"Permissão";"SC";"Sul";"2019";"Melhoria";"Planejamento Setorial";"1299993,31";"140000,00"
"2026-06-26 13:43:48.523000000";"Cerbranorte";"86433042000131";"Permissão";"SC";"Sul";"2019";"Renovação";"";"69687,58";"76775,00"
"2026-06-26 13:43:48.523000000";"Cerbranorte";"86433042000131";"Permissão";"SC";"Sul";"2019";"Renovação";"Planejamento Setorial";"563333,55";"733500,00"
"2026-06-26 13:43:48.523000000";"Cerbranorte";"86433042000131";"Permissão";"SC";"Sul";"2020";"Expansão";"";"236546,24";"203410,00"
"2026-06-26 13:43:48.523000000";"Cerbranorte";"86433042000131";"Permissão";"SC";"Sul";"2020";"Expansão";"Planejamento Setorial";"1283698,79";"1267000,00"
"2026-06-26 13:43:48.523000000";"Cerbranorte";"86433042000131";"Permissão";"SC";"Sul";"2020";"Melhoria";"";"112688,42";"91250,00"
"2026-06-26 13:43:48.523000000";"Cerbranorte";"86433042000131";"Permissão";"SC";"Sul";"2020";"Melhoria";"Planejamento Setorial";"2879234,53";"2934000,00"
"2026-06-26 13:43:48.523000000";"Cerbranorte";"86433042000131";"Permissão";"SC";"Sul";"2020";"Renovação";"";"126693,84";"76775,00"
"2026-06-26 13:43:48.523000000";"Cerbranorte";"86433042000131";"Permissão";"SC";"Sul";"2020";"Renovação";"Planejamento Setorial";"458365,00";"349000,00"
"2026-06-26 13:43:48.523000000";"Cerbranorte";"86433042000131";"Permissão";"SC";"Sul";"2021";"Expansão";"";"728418,55";"247025,00"
"2026-06-26 13:43:48.523000000";"Cerbranorte";"86433042000131";"Permissão";"SC";"Sul";"2021";"Expansão";"Planejamento Setorial";"591985,81";"680000,00"
"2026-06-26 13:43:48.523000000";"Cerbranorte";"86433042000131";"Permissão";"SC";"Sul";"2021";"Melhoria";"";"4512042,28";"200000,00"
"2026-06-26 13:43:48.523000000";"Cerbranorte";"86433042000131";"Permissão";"SC";"Sul";"2021";"Melhoria";"Planejamento Setorial";"3633147,51";"4160000,00"
"2026-06-26 13:43:48.523000000";"Cerbranorte";"86433042000131";"Permissão";"SC";"Sul";"2021";"Renovação";"";"2652197,49";"363625,00"
"2026-06-26 13:43:48.523000000";"Cerbranorte";"86433042000131";"Permissão";"SC";"Sul";"2021";"Renovação";"Planejamento Setorial";"404034,00";"390000,00"
"2026-06-26 13:43:48.523000000";"Cerbranorte";"86433042000131";"Permissão";"SC";"Sul";"2022";"Expansão";"";"862717,70";"802100,00"
"2026-06-26 13:43:48.523000000";"Cerbranorte";"86433042000131";"Permissão";"SC";"Sul";"2022";"Melhoria";"";"1617547,45";"2390000,00"
"2026-06-26 13:43:48.523000000";"Cerbranorte";"86433042000131";"Permissão";"SC";"Sul";"2022";"Renovação";"";"1488232,38";"757500,00"
"2026-06-26 13:43:48.523000000";"Cerbranorte";"86433042000131";"Permissão";"SC";"Sul";"2023";"Expansão";"";"345200,35";"776000,00"
"2026-06-26 13:43:48.523000000";"Cerbranorte";"86433042000131";"Permissão";"SC";"Sul";"2023";"Melhoria";"";"7663851,34";"7461750,69"
"2026-06-26 13:43:48.523000000";"Cerbranorte";"86433042000131";"Permissão";"SC";"Sul";"2023";"Renovação";"";"268976,67";"436140,00"
"2026-06-26 13:43:48.523000000";"Cerbranorte";"86433042000131";"Permissão";"SC";"Sul";"2024";"Expansão";"";",00";"5923085,70"
"2026-06-26 13:43:48.523000000";"Cerbranorte";"86433042000131";"Permissão";"SC";"Sul";"2024";"Melhoria";"";"2625000,00";"5800000,00"
"2026-06-26 13:43:48.523000000";"Cerbranorte";"86433042000131";"Permissão";"SC";"Sul";"2024";"Renovação";"";",00";"1369998,40"
"2026-06-26 13:43:48.523000000";"Cerbranorte";"86433042000131";"Permissão";"SC";"Sul";"2025";"Expansão";"";"37252598,99";"36566000,00"
"2026-06-26 13:43:48.523000000";"Cerbranorte";"86433042000131";"Permissão";"SC";"Sul";"2025";"Melhoria";"";"850000,00";"6581000,00"
"2026-06-26 13:43:48.523000000";"Cerbranorte";"86433042000131";"Permissão";"SC";"Sul";"2025";"Renovação";"";"5031161,12";"3124000,00"
"2026-06-26 13:43:48.523000000";"Cerbranorte";"86433042000131";"Permissão";"SC";"Sul";"2026";"Expansão";"";",00";"536000,00"
"2026-06-26 13:43:48.523000000";"Cerbranorte";"86433042000131";"Permissão";"SC";"Sul";"2026";"Melhoria";"";",00";"10381000,00"
"2026-06-26 13:43:48.523000000";"Cerbranorte";"86433042000131";"Permissão";"SC";"Sul";"2026";"Renovação";"";",00";"5624000,00"
"2026-06-26 13:43:48.523000000";"Cerbranorte";"86433042000131";"Permissão";"SC";"Sul";"2027";"Expansão";"";",00";"117000,00"
"2026-06-26 13:43:48.523000000";"Cerbranorte";"86433042000131";"Permissão";"SC";"Sul";"2027";"Melhoria";"";",00";"3130000,02"
"2026-06-26 13:43:48.523000000";"Cerbranorte";"86433042000131";"Permissão";"SC";"Sul";"2027";"Renovação";"";",00";"8347500,00"
"2026-06-26 13:43:48.523000000";"Cerbranorte";"86433042000131";"Permissão";"SC";"Sul";"2028";"Expansão";"";",00";"117000,00"
"2026-06-26 13:43:48.523000000";"Cerbranorte";"86433042000131";"Permissão";"SC";"Sul";"2028";"Melhoria";"";",00";"2800000,00"
"2026-06-26 13:43:48.523000000";"Cerbranorte";"86433042000131";"Permissão";"SC";"Sul";"2028";"Renovação";"";",00";"8347500,00"
"2026-06-26 13:43:48.523000000";"Cerbranorte";"86433042000131";"Permissão";"SC";"Sul";"2029";"Expansão";"";",00";"617000,00"
"2026-06-26 13:43:48.523000000";"Cerbranorte";"86433042000131";"Permissão";"SC";"Sul";"2029";"Melhoria";"";",00";"1600000,00"
"2026-06-26 13:43:48.523000000";"Cerbranorte";"86433042000131";"Permissão";"SC";"Sul";"2029";"Renovação";"";",00";"8347500,00"
"2026-06-26 13:43:48.523000000";"Cerbranorte";"86433042000131";"Permissão";"SC";"Sul";"2030";"Expansão";"";",00";"117000,00"
"2026-06-26 13:43:48.523000000";"Cerbranorte";"86433042000131";"Permissão";"SC";"Sul";"2030";"Renovação";"";",00";"8347500,00"
"2026-06-26 13:43:48.523000000";"Cerci";"27707397000102";"Permissão";"RJ";"Sudeste";"2023";"Expansão";"";"915368,32";"4363616,66"
"2026-06-26 13:43:48.523000000";"Cerci";"27707397000102";"Permissão";"RJ";"Sudeste";"2023";"Melhoria";"";"907573,48";"4655625,63"
"2026-06-26 13:43:48.523000000";"Cerci";"27707397000102";"Permissão";"RJ";"Sudeste";"2023";"Renovação";"";"733343,45";"1990790,58"
"2026-06-26 13:43:48.523000000";"Cerci";"27707397000102";"Permissão";"RJ";"Sudeste";"2024";"Expansão";"";"1173630,43";"1122059,08"
"2026-06-26 13:43:48.523000000";"Cerci";"27707397000102";"Permissão";"RJ";"Sudeste";"2024";"Melhoria";"";"1235556,35";"1481373,28"
"2026-06-26 13:43:48.523000000";"Cerci";"27707397000102";"Permissão";"RJ";"Sudeste";"2024";"Renovação";"";"956454,32";"585666,21"
"2026-06-26 13:43:48.523000000";"Cerci";"27707397000102";"Permissão";"RJ";"Sudeste";"2025";"Expansão";"";"2127233,04";"1258135,08"
"2026-06-26 13:43:48.523000000";"Cerci";"27707397000102";"Permissão";"RJ";"Sudeste";"2025";"Melhoria";"";"770543,94";"1274000,33"
"2026-06-26 13:43:48.523000000";"Cerci";"27707397000102";"Permissão";"RJ";"Sudeste";"2025";"Renovação";"";"1214139,05";"923907,96"
"2026-06-26 13:43:48.523000000";"Cerci";"27707397000102";"Permissão";"RJ";"Sudeste";"2026";"Expansão";"";",00";"1036860,92"
"2026-06-26 13:43:48.523000000";"Cerci";"27707397000102";"Permissão";"RJ";"Sudeste";"2026";"Melhoria";"";",00";"1281355,81"
"2026-06-26 13:43:48.523000000";"Cerci";"27707397000102";"Permissão";"RJ";"Sudeste";"2026";"Renovação";"";",00";"686455,02"
"2026-06-26 13:43:48.523000000";"Cercos";"13107842000199";"Permissão";"SE";"Nordeste";"2016";"Expansão";"Planejamento Setorial";"226664,43";"262201,26"
"2026-06-26 13:43:48.523000000";"Cercos";"13107842000199";"Permissão";"SE";"Nordeste";"2017";"Expansão";"Planejamento Setorial";"109017,58";"79776,00"
"2026-06-26 13:43:48.523000000";"Cercos";"13107842000199";"Permissão";"SE";"Nordeste";"2017";"Melhoria";"Planejamento Setorial";"35582,69";"48793,32"
"2026-06-26 13:43:48.523000000";"Cercos";"13107842000199";"Permissão";"SE";"Nordeste";"2017";"Renovação";"Planejamento Setorial";"30117,63";"124319,68"
"2026-06-26 13:43:48.523000000";"Cercos";"13107842000199";"Permissão";"SE";"Nordeste";"2018";"Expansão";"Planejamento Setorial";"93540,73";"79776,00"
"2026-06-26 13:43:48.523000000";"Cercos";"13107842000199";"Permissão";"SE";"Nordeste";"2018";"Melhoria";"Planejamento Setorial";"12817,37";"51825,76"
"2026-06-26 13:43:48.523000000";"Cercos";"13107842000199";"Permissão";"SE";"Nordeste";"2018";"Renovação";"Planejamento Setorial";"2088,55";"34639,34"
"2026-06-26 13:43:48.523000000";"Cercos";"13107842000199";"Permissão";"SE";"Nordeste";"2019";"Expansão";"Planejamento Setorial";"105338,84";"108457,21"
"2026-06-26 13:43:48.523000000";"Cercos";"13107842000199";"Permissão";"SE";"Nordeste";"2019";"Melhoria";"Planejamento Setorial";"2574,95";"4057,98"
"2026-06-26 13:43:48.523000000";"Cercos";"13107842000199";"Permissão";"SE";"Nordeste";"2019";"Renovação";"Planejamento Setorial";"12545,04";"30496,54"
"2026-06-26 13:43:48.523000000";"Cercos";"13107842000199";"Permissão";"SE";"Nordeste";"2020";"Expansão";"";"146981,20";",00"
"2026-06-26 13:43:48.523000000";"Cercos";"13107842000199";"Permissão";"SE";"Nordeste";"2020";"Expansão";"Obra com Participação Financeira";"6369,38";",00"
"2026-06-26 13:43:48.523000000";"Cercos";"13107842000199";"Permissão";"SE";"Nordeste";"2020";"Expansão";"Planejamento Setorial";"143410,45";"96780,42"
"2026-06-26 13:43:48.523000000";"Cercos";"13107842000199";"Permissão";"SE";"Nordeste";"2020";"Melhoria";"";"30559,54";",00"
"2026-06-26 13:43:48.523000000";"Cercos";"13107842000199";"Permissão";"SE";"Nordeste";"2020";"Melhoria";"Planejamento Setorial";"16346,40";"26882,19"
"2026-06-26 13:43:48.523000000";"Cercos";"13107842000199";"Permissão";"SE";"Nordeste";"2020";"Renovação";"";"26965,92";",00"
"2026-06-26 13:43:48.523000000";"Cercos";"13107842000199";"Permissão";"SE";"Nordeste";"2020";"Renovação";"Planejamento Setorial";"17983,11";"12573,95"
"2026-06-26 13:43:48.523000000";"Cercos";"13107842000199";"Permissão";"SE";"Nordeste";"2021";"Expansão";"";"467695,13";"311879,17"
"2026-06-26 13:43:48.523000000";"Cercos";"13107842000199";"Permissão";"SE";"Nordeste";"2021";"Expansão";"Obra com Participação Financeira";"28590,14";",00"
"2026-06-26 13:43:48.523000000";"Cercos";"13107842000199";"Permissão";"SE";"Nordeste";"2021";"Melhoria";"";"5630,68";"2724,43"
"2026-06-26 13:43:48.523000000";"Cercos";"13107842000199";"Permissão";"SE";"Nordeste";"2021";"Renovação";"";"184218,79";"95974,13"
"2026-06-26 13:43:48.523000000";"Cercos";"13107842000199";"Permissão";"SE";"Nordeste";"2022";"Expansão";"";"370059,74";"248864,41"
"2026-06-26 13:43:48.523000000";"Cercos";"13107842000199";"Permissão";"SE";"Nordeste";"2022";"Expansão";"Obra com Participação Financeira";"181398,08";",00"
"2026-06-26 13:43:48.523000000";"Cercos";"13107842000199";"Permissão";"SE";"Nordeste";"2022";"Melhoria";"";"85034,82";"123674,18"
"2026-06-26 13:43:48.523000000";"Cercos";"13107842000199";"Permissão";"SE";"Nordeste";"2022";"Renovação";"";"171421,77";"347984,61"
"2026-06-26 13:43:48.523000000";"Cercos";"13107842000199";"Permissão";"SE";"Nordeste";"2023";"Expansão";"";"406828,57";"218036,47"
"2026-06-26 13:43:48.523000000";"Cercos";"13107842000199";"Permissão";"SE";"Nordeste";"2023";"Melhoria";"";"32770,31";"142177,92"
"2026-06-26 13:43:48.523000000";"Cercos";"13107842000199";"Permissão";"SE";"Nordeste";"2023";"Renovação";"";"70795,09";",00"
"2026-06-26 13:43:48.523000000";"Cercos";"13107842000199";"Permissão";"SE";"Nordeste";"2024";"Expansão";"";"384913,39";"276119,72"
"2026-06-26 13:43:48.523000000";"Cercos";"13107842000199";"Permissão";"SE";"Nordeste";"2024";"Melhoria";"";"143508,16";"491778,17"
"2026-06-26 13:43:48.523000000";"Cercos";"13107842000199";"Permissão";"SE";"Nordeste";"2024";"Renovação";"";"58023,98";",00"
"2026-06-26 13:43:48.523000000";"Cercos";"13107842000199";"Permissão";"SE";"Nordeste";"2025";"Expansão";"";"411218,78";"281780,26"
"2026-06-26 13:43:48.523000000";"Cercos";"13107842000199";"Permissão";"SE";"Nordeste";"2025";"Expansão";"Obra com Participação Financeira";"57626,22";",00"
"2026-06-26 13:43:48.523000000";"Cercos";"13107842000199";"Permissão";"SE";"Nordeste";"2025";"Melhoria";"";"766298,74";"593382,76"
"2026-06-26 13:43:48.523000000";"Cercos";"13107842000199";"Permissão";"SE";"Nordeste";"2025";"Renovação";"";"32425,12";",00"
"2026-06-26 13:43:48.523000000";"Cercos";"13107842000199";"Permissão";"SE";"Nordeste";"2025";"Renovação";"Obra com Participação Financeira";"4323,08";",00"
"2026-06-26 13:43:48.523000000";"Cercos";"13107842000199";"Permissão";"SE";"Nordeste";"2026";"Expansão";"";",00";"310225,12"
"2026-06-26 13:43:48.523000000";"Cercos";"13107842000199";"Permissão";"SE";"Nordeste";"2026";"Melhoria";"";",00";"270539,30"
"2026-06-26 13:43:48.523000000";"Cercos";"13107842000199";"Permissão";"SE";"Nordeste";"2027";"Expansão";"";",00";"341683,70"
"2026-06-26 13:43:48.523000000";"Cercos";"13107842000199";"Permissão";"SE";"Nordeste";"2027";"Melhoria";"";",00";"22045,73"
"2026-06-26 13:43:48.523000000";"Cercos";"13107842000199";"Permissão";"SE";"Nordeste";"2028";"Expansão";"";",00";"376410,74"
"2026-06-26 13:43:48.523000000";"Cercos";"13107842000199";"Permissão";"SE";"Nordeste";"2028";"Melhoria";"";",00";"22486,64"
"2026-06-26 13:43:48.523000000";"Cercos";"13107842000199";"Permissão";"SE";"Nordeste";"2029";"Expansão";"";",00";"414734,50"
"2026-06-26 13:43:48.523000000";"Cercos";"13107842000199";"Permissão";"SE";"Nordeste";"2029";"Melhoria";"";",00";"22936,37"
"2026-06-26 13:43:48.523000000";"Cercos";"13107842000199";"Permissão";"SE";"Nordeste";"2030";"Expansão";"";",00";"457001,90"
"2026-06-26 13:43:48.523000000";"Cercos";"13107842000199";"Permissão";"SE";"Nordeste";"2030";"Melhoria";"";",00";"23395,10"
"2026-06-26 13:43:48.523000000";"Cerej";"82574864000181";"Permissão";"SC";"Sul";"2016";"Expansão";"";"796082,74";"1138200,00"
"2026-06-26 13:43:48.523000000";"Cerej";"82574864000181";"Permissão";"SC";"Sul";"2016";"Melhoria";"";"1479883,87";"338000,00"
"2026-06-26 13:43:48.523000000";"Cerej";"82574864000181";"Permissão";"SC";"Sul";"2017";"Expansão";"";"1200000,00";"1117050,00"
"2026-06-26 13:43:48.523000000";"Cerej";"82574864000181";"Permissão";"SC";"Sul";"2017";"Melhoria";"";"1435000,00";"1325100,00"
"2026-06-26 13:43:48.523000000";"Cerej";"82574864000181";"Permissão";"SC";"Sul";"2018";"Expansão";"";"1468624,29";"2464700,00"
"2026-06-26 13:43:48.523000000";"Cerej";"82574864000181";"Permissão";"SC";"Sul";"2018";"Melhoria";"";"4270000,00";"2852000,00"
"2026-06-26 13:43:48.523000000";"Cerej";"82574864000181";"Permissão";"SC";"Sul";"2019";"Expansão";"Obra com Participação Financeira";"162000,00";"135500,00"
"2026-06-26 13:43:48.523000000";"Cerej";"82574864000181";"Permissão";"SC";"Sul";"2019";"Expansão";"Planejamento Setorial";"770000,00";"763800,00"
"2026-06-26 13:43:48.523000000";"Cerej";"82574864000181";"Permissão";"SC";"Sul";"2019";"Melhoria";"Planejamento Setorial";"805000,00";"824300,00"
"2026-06-26 13:43:48.523000000";"Cerej";"82574864000181";"Permissão";"SC";"Sul";"2019";"Renovação";"Planejamento Setorial";"1000000,00";"1005000,00"
"2026-06-26 13:43:48.523000000";"Cerej";"82574864000181";"Permissão";"SC";"Sul";"2020";"Expansão";"Obra com Participação Financeira";"740000,00";"650525,00"
"2026-06-26 13:43:48.523000000";"Cerej";"82574864000181";"Permissão";"SC";"Sul";"2020";"Melhoria";"Obra com Participação Financeira";"1828000,00";"2990000,00"
"2026-06-26 13:43:48.523000000";"Cerej";"82574864000181";"Permissão";"SC";"Sul";"2020";"Melhoria";"Planejamento Setorial";"1700000,00";"968000,00"
"2026-06-26 13:43:48.523000000";"Cerej";"82574864000181";"Permissão";"SC";"Sul";"2020";"Renovação";"Obra com Participação Financeira";"2100000,00";"1550000,00"
"2026-06-26 13:43:48.523000000";"Cerej";"82574864000181";"Permissão";"SC";"Sul";"2021";"Expansão";"Obra com Participação Financeira";"1886738,14";"1037000,00"
"2026-06-26 13:43:48.523000000";"Cerej";"82574864000181";"Permissão";"SC";"Sul";"2021";"Melhoria";"Obra com Participação Financeira";"334629,57";"1639000,00"
"2026-06-26 13:43:48.523000000";"Cerej";"82574864000181";"Permissão";"SC";"Sul";"2021";"Melhoria";"Planejamento Setorial";"1177688,10";"1900000,00"
"2026-06-26 13:43:48.523000000";"Cerej";"82574864000181";"Permissão";"SC";"Sul";"2021";"Renovação";"Obra com Participação Financeira";"2601558,00";"1555000,00"
"2026-06-26 13:43:48.523000000";"Cerej";"82574864000181";"Permissão";"SC";"Sul";"2022";"Expansão";"Obra com Participação Financeira";"2250803,66";"800200,00"
"2026-06-26 13:43:48.523000000";"Cerej";"82574864000181";"Permissão";"SC";"Sul";"2022";"Melhoria";"Obra com Participação Financeira";"609997,16";"994000,00"
"2026-06-26 13:43:48.523000000";"Cerej";"82574864000181";"Permissão";"SC";"Sul";"2022";"Melhoria";"Planejamento Setorial";"734587,76";"955000,00"
"2026-06-26 13:43:48.523000000";"Cerej";"82574864000181";"Permissão";"SC";"Sul";"2022";"Renovação";"Obra com Participação Financeira";"1395570,10";"574000,00"
"2026-06-26 13:43:48.523000000";"Cerej";"82574864000181";"Permissão";"SC";"Sul";"2023";"Expansão";"Obra com Participação Financeira";"1950000,00";"1589300,00"
"2026-06-26 13:43:48.523000000";"Cerej";"82574864000181";"Permissão";"SC";"Sul";"2023";"Melhoria";"Obra com Participação Financeira";"1630785,00";"1069000,00"
"2026-06-26 13:43:48.523000000";"Cerej";"82574864000181";"Permissão";"SC";"Sul";"2023";"Melhoria";"Planejamento Setorial";"550000,00";"785000,00"
"2026-06-26 13:43:48.523000000";"Cerej";"82574864000181";"Permissão";"SC";"Sul";"2023";"Renovação";"Obra com Participação Financeira";"1300000,00";"1105000,00"
"2026-06-26 13:43:48.523000000";"Cerej";"82574864000181";"Permissão";"SC";"Sul";"2024";"Expansão";"Obra com Participação Financeira";",00";"1660800,00"
"2026-06-26 13:43:48.523000000";"Cerej";"82574864000181";"Permissão";"SC";"Sul";"2024";"Melhoria";"Obra com Participação Financeira";",00";"1144000,00"
"2026-06-26 13:43:48.523000000";"Cerej";"82574864000181";"Permissão";"SC";"Sul";"2024";"Melhoria";"Planejamento Setorial";",00";"1012000,00"
"2026-06-26 13:43:48.523000000";"Cerej";"82574864000181";"Permissão";"SC";"Sul";"2024";"Renovação";"Obra com Participação Financeira";",00";"605500,00"
"2026-06-26 13:43:48.523000000";"Ceres";"31465487000101";"Permissão";"RJ";"Sudeste";"2016";"Expansão";"";"357325,67";"296309,75"
"2026-06-26 13:43:48.523000000";"Ceres";"31465487000101";"Permissão";"RJ";"Sudeste";"2016";"Melhoria";"";"56829,50";",00"
"2026-06-26 13:43:48.523000000";"Ceres";"31465487000101";"Permissão";"RJ";"Sudeste";"2016";"Renovação";"";"99857,83";"119701,67"
"2026-06-26 13:43:48.523000000";"Ceres";"31465487000101";"Permissão";"RJ";"Sudeste";"2017";"Expansão";"";"325891,84";"322030,43"
"2026-06-26 13:43:48.523000000";"Ceres";"31465487000101";"Permissão";"RJ";"Sudeste";"2017";"Melhoria";"";"112870,95";"51107,15"
"2026-06-26 13:43:48.523000000";"Ceres";"31465487000101";"Permissão";"RJ";"Sudeste";"2017";"Renovação";"";"242734,75";"89862,43"
"2026-06-26 13:43:48.523000000";"Ceres";"31465487000101";"Permissão";"RJ";"Sudeste";"2018";"Expansão";"";"133622,01";"120599,98"
"2026-06-26 13:43:48.523000000";"Ceres";"31465487000101";"Permissão";"RJ";"Sudeste";"2018";"Melhoria";"";"91366,70";"101581,02"
"2026-06-26 13:43:48.523000000";"Ceres";"31465487000101";"Permissão";"RJ";"Sudeste";"2018";"Renovação";"";"169583,89";"218454,91"
"2026-06-26 13:43:48.523000000";"Ceres";"31465487000101";"Permissão";"RJ";"Sudeste";"2019";"Expansão";"";"198503,58";"120250,37"
"2026-06-26 13:43:48.523000000";"Ceres";"31465487000101";"Permissão";"RJ";"Sudeste";"2019";"Melhoria";"";"87237,26";"91092,31"
"2026-06-26 13:43:48.523000000";"Ceres";"31465487000101";"Permissão";"RJ";"Sudeste";"2019";"Renovação";"";"153786,66";"152621,80"
"2026-06-26 13:43:48.523000000";"Ceres";"31465487000101";"Permissão";"RJ";"Sudeste";"2020";"Expansão";"";"458002,51";"432798,09"
"2026-06-26 13:43:48.523000000";"Ceres";"31465487000101";"Permissão";"RJ";"Sudeste";"2020";"Melhoria";"";"161217,71";"46250,46"
"2026-06-26 13:43:48.523000000";"Ceres";"31465487000101";"Permissão";"RJ";"Sudeste";"2020";"Renovação";"";"220956,29";"111936,71"
"2026-06-26 13:43:48.523000000";"Ceres";"31465487000101";"Permissão";"RJ";"Sudeste";"2021";"Expansão";"";"559274,54";"384733,52"
"2026-06-26 13:43:48.523000000";"Ceres";"31465487000101";"Permissão";"RJ";"Sudeste";"2021";"Melhoria";"";"538110,64";"145095,84"
"2026-06-26 13:43:48.523000000";"Ceres";"31465487000101";"Permissão";"RJ";"Sudeste";"2021";"Renovação";"";"508357,14";"198860,85"
"2026-06-26 13:43:48.523000000";"Ceres";"31465487000101";"Permissão";"RJ";"Sudeste";"2022";"Expansão";"";"1173101,56";"393261,76"
"2026-06-26 13:43:48.523000000";"Ceres";"31465487000101";"Permissão";"RJ";"Sudeste";"2022";"Melhoria";"";"520720,49";"265042,50"
"2026-06-26 13:43:48.523000000";"Ceres";"31465487000101";"Permissão";"RJ";"Sudeste";"2022";"Renovação";"";"279761,55";"246348,68"
"2026-06-26 13:43:48.523000000";"Ceres";"31465487000101";"Permissão";"RJ";"Sudeste";"2023";"Expansão";"";"724490,78";"919046,56"
"2026-06-26 13:43:48.523000000";"Ceres";"31465487000101";"Permissão";"RJ";"Sudeste";"2023";"Melhoria";"";"415549,49";"377396,00"
"2026-06-26 13:43:48.523000000";"Ceres";"31465487000101";"Permissão";"RJ";"Sudeste";"2023";"Renovação";"";"189147,96";"227391,86"
"2026-06-26 13:43:48.523000000";"Ceres";"31465487000101";"Permissão";"RJ";"Sudeste";"2024";"Expansão";"";"782409,94";"868964,49"
"2026-06-26 13:43:48.523000000";"Ceres";"31465487000101";"Permissão";"RJ";"Sudeste";"2024";"Melhoria";"";"125452,50";"498415,88"
"2026-06-26 13:43:48.523000000";"Ceres";"31465487000101";"Permissão";"RJ";"Sudeste";"2024";"Renovação";"";"119003,70";"226866,18"
"2026-06-26 13:43:48.523000000";"Ceres";"31465487000101";"Permissão";"RJ";"Sudeste";"2025";"Expansão";"";"1303833,01";"982050,05"
"2026-06-26 13:43:48.523000000";"Ceres";"31465487000101";"Permissão";"RJ";"Sudeste";"2025";"Melhoria";"";"694140,77";"170065,88"
"2026-06-26 13:43:48.523000000";"Ceres";"31465487000101";"Permissão";"RJ";"Sudeste";"2025";"Renovação";"";"135773,57";"151113,68"
"2026-06-26 13:43:48.523000000";"Ceres";"31465487000101";"Permissão";"RJ";"Sudeste";"2026";"Expansão";"";",00";"948278,84"
"2026-06-26 13:43:48.523000000";"Ceres";"31465487000101";"Permissão";"RJ";"Sudeste";"2026";"Melhoria";"";",00";"397285,80"
"2026-06-26 13:43:48.523000000";"Ceres";"31465487000101";"Permissão";"RJ";"Sudeste";"2026";"Renovação";"";",00";"122701,71"
"2026-06-26 13:43:48.523000000";"Ceres";"31465487000101";"Permissão";"RJ";"Sudeste";"2027";"Expansão";"";",00";"1056558,34"
"2026-06-26 13:43:48.523000000";"Ceres";"31465487000101";"Permissão";"RJ";"Sudeste";"2027";"Melhoria";"";",00";"179049,27"
"2026-06-26 13:43:48.523000000";"Ceres";"31465487000101";"Permissão";"RJ";"Sudeste";"2027";"Renovação";"";",00";"159245,37"
"2026-06-26 13:43:48.523000000";"Ceres";"31465487000101";"Permissão";"RJ";"Sudeste";"2028";"Expansão";"";",00";"1003730,50"
"2026-06-26 13:43:48.523000000";"Ceres";"31465487000101";"Permissão";"RJ";"Sudeste";"2028";"Melhoria";"";",00";"170099,84"
"2026-06-26 13:43:48.523000000";"Ceres";"31465487000101";"Permissão";"RJ";"Sudeste";"2028";"Renovação";"";",00";"151283,11"
"2026-06-26 13:43:48.523000000";"Ceres";"31465487000101";"Permissão";"RJ";"Sudeste";"2029";"Expansão";"";",00";"953543,90"
"2026-06-26 13:43:48.523000000";"Ceres";"31465487000101";"Permissão";"RJ";"Sudeste";"2029";"Melhoria";"";",00";"161591,97"
"2026-06-26 13:43:48.523000000";"Ceres";"31465487000101";"Permissão";"RJ";"Sudeste";"2029";"Renovação";"";",00";"143718,94"
"2026-06-26 13:43:48.523000000";"Ceres";"31465487000101";"Permissão";"RJ";"Sudeste";"2030";"Expansão";"";",00";"905866,70"
"2026-06-26 13:43:48.523000000";"Ceres";"31465487000101";"Permissão";"RJ";"Sudeste";"2030";"Melhoria";"";",00";"153512,32"
"2026-06-26 13:43:48.523000000";"Ceres";"31465487000101";"Permissão";"RJ";"Sudeste";"2030";"Renovação";"";",00";"136532,98"
"2026-06-26 13:43:48.523000000";"Cerfox";"97505838000179";"Permissão";"RS";"Sul";"2023";"Expansão";"Obra com Participação Financeira";",00";"6475919,26"
"2026-06-26 13:43:48.523000000";"Cerfox";"97505838000179";"Permissão";"RS";"Sul";"2023";"Expansão";"Planejamento Setorial";",00";"695818,74"
"2026-06-26 13:43:48.523000000";"Cerfox";"97505838000179";"Permissão";"RS";"Sul";"2023";"Melhoria";"Planejamento Setorial";",00";"1697225,47"
"2026-06-26 13:43:48.523000000";"Cerfox";"97505838000179";"Permissão";"RS";"Sul";"2023";"Renovação";"Planejamento Setorial";",00";"3177276,96"
"2026-06-26 13:43:48.523000000";"Cerfox";"97505838000179";"Permissão";"RS";"Sul";"2025";"Expansão";"Obra com Participação Financeira";",00";"2141753,00"
"2026-06-26 13:43:48.523000000";"Cerfox";"97505838000179";"Permissão";"RS";"Sul";"2025";"Expansão";"Planejamento Setorial";",00";"1052800,00"
"2026-06-26 13:43:48.523000000";"Cerfox";"97505838000179";"Permissão";"RS";"Sul";"2025";"Melhoria";"Planejamento Setorial";",00";"5820322,57"
"2026-06-26 13:43:48.523000000";"Cerfox";"97505838000179";"Permissão";"RS";"Sul";"2025";"Renovação";"Planejamento Setorial";",00";"1108780,47"
"2026-06-26 13:43:48.523000000";"Cergal";"86439510000185";"Permissão";"SC";"Sul";"2016";"Expansão";"";"136602,50";"136602,50"
"2026-06-26 13:43:48.523000000";"Cergal";"86439510000185";"Permissão";"SC";"Sul";"2016";"Expansão";"Planejamento Setorial";"652246,22";"517600,57"
"2026-06-26 13:43:48.523000000";"Cergal";"86439510000185";"Permissão";"SC";"Sul";"2016";"Melhoria";"Planejamento Setorial";"208025,67";"248888,18"
"2026-06-26 13:43:48.523000000";"Cergal";"86439510000185";"Permissão";"SC";"Sul";"2016";"Renovação";"Planejamento Setorial";"679929,05";"382685,30"
"2026-06-26 13:43:48.523000000";"Cergal";"86439510000185";"Permissão";"SC";"Sul";"2017";"Expansão";"Planejamento Setorial";"978580,93";"1263482,34"
"2026-06-26 13:43:48.523000000";"Cergal";"86439510000185";"Permissão";"SC";"Sul";"2017";"Melhoria";"Planejamento Setorial";"117530,43";"283131,99"
"2026-06-26 13:43:48.523000000";"Cergal";"86439510000185";"Permissão";"SC";"Sul";"2017";"Renovação";"Planejamento Setorial";"286387,92";"333563,38"
"2026-06-26 13:43:48.523000000";"Cergal";"86439510000185";"Permissão";"SC";"Sul";"2018";"Expansão";"Planejamento Setorial";"1331555,35";"13175313,03"
"2026-06-26 13:43:48.523000000";"Cergal";"86439510000185";"Permissão";"SC";"Sul";"2018";"Melhoria";"Planejamento Setorial";"48147,80";"132276,95"
"2026-06-26 13:43:48.523000000";"Cergal";"86439510000185";"Permissão";"SC";"Sul";"2018";"Renovação";"";"56721,75";",00"
"2026-06-26 13:43:48.523000000";"Cergal";"86439510000185";"Permissão";"SC";"Sul";"2018";"Renovação";"Planejamento Setorial";"1084469,26";"707137,55"
"2026-06-26 13:43:48.523000000";"Cergal";"86439510000185";"Permissão";"SC";"Sul";"2019";"Expansão";"Planejamento Setorial";"2683918,19";"12433060,62"
"2026-06-26 13:43:48.523000000";"Cergal";"86439510000185";"Permissão";"SC";"Sul";"2019";"Melhoria";"Planejamento Setorial";"65928,66";"128832,71"
"2026-06-26 13:43:48.523000000";"Cergal";"86439510000185";"Permissão";"SC";"Sul";"2019";"Renovação";"Planejamento Setorial";"739958,33";"705513,13"
"2026-06-26 13:43:48.523000000";"Cergal";"86439510000185";"Permissão";"SC";"Sul";"2020";"Expansão";"Planejamento Setorial";"7087122,31";"9907376,63"
"2026-06-26 13:43:48.523000000";"Cergal";"86439510000185";"Permissão";"SC";"Sul";"2020";"Melhoria";"Planejamento Setorial";"22369,25";"113599,04"
"2026-06-26 13:43:48.523000000";"Cergal";"86439510000185";"Permissão";"SC";"Sul";"2020";"Renovação";"Planejamento Setorial";"539930,08";"707559,33"
"2026-06-26 13:43:48.523000000";"Cergal";"86439510000185";"Permissão";"SC";"Sul";"2021";"Expansão";"Planejamento Setorial";"3738177,07";"4041406,45"
"2026-06-26 13:43:48.523000000";"Cergal";"86439510000185";"Permissão";"SC";"Sul";"2021";"Melhoria";"Planejamento Setorial";"14005,68";"11566,66"
"2026-06-26 13:43:48.523000000";"Cergal";"86439510000185";"Permissão";"SC";"Sul";"2021";"Renovação";"Planejamento Setorial";"604649,21";"501442,27"
"2026-06-26 13:43:48.523000000";"Cergal";"86439510000185";"Permissão";"SC";"Sul";"2022";"Expansão";"Planejamento Setorial";"1103814,61";"5865364,93"
"2026-06-26 13:43:48.523000000";"Cergal";"86439510000185";"Permissão";"SC";"Sul";"2022";"Melhoria";"Planejamento Setorial";"46703,59";"15116,08"
"2026-06-26 13:43:48.523000000";"Cergal";"86439510000185";"Permissão";"SC";"Sul";"2022";"Renovação";"Planejamento Setorial";"911389,41";"642784,23"
"2026-06-26 13:43:48.523000000";"Cergal";"86439510000185";"Permissão";"SC";"Sul";"2023";"Expansão";"Planejamento Setorial";"2188057,22";"2872573,97"
"2026-06-26 13:43:48.523000000";"Cergal";"86439510000185";"Permissão";"SC";"Sul";"2023";"Melhoria";"Planejamento Setorial";"39657,00";"39657,00"
"2026-06-26 13:43:48.523000000";"Cergal";"86439510000185";"Permissão";"SC";"Sul";"2023";"Renovação";"Planejamento Setorial";"994651,64";"824277,86"
"2026-06-26 13:43:48.523000000";"Cergal";"86439510000185";"Permissão";"SC";"Sul";"2024";"Expansão";"Planejamento Setorial";"697599,91";"775870,06"
"2026-06-26 13:43:48.523000000";"Cergal";"86439510000185";"Permissão";"SC";"Sul";"2024";"Melhoria";"Planejamento Setorial";"33965,68";"159475,17"
"2026-06-26 13:43:48.523000000";"Cergal";"86439510000185";"Permissão";"SC";"Sul";"2024";"Renovação";"Planejamento Setorial";"3575029,18";"3900155,59"
"2026-06-26 13:43:48.523000000";"Cergal";"86439510000185";"Permissão";"SC";"Sul";"2025";"Expansão";"Planejamento Setorial";"781727,67";"823500,20"
"2026-06-26 13:43:48.523000000";"Cergal";"86439510000185";"Permissão";"SC";"Sul";"2025";"Melhoria";"Planejamento Setorial";"246104,70";"90545,76"
"2026-06-26 13:43:48.523000000";"Cergal";"86439510000185";"Permissão";"SC";"Sul";"2025";"Renovação";"Planejamento Setorial";"4307265,82";"5720439,08"
"2026-06-26 13:43:48.523000000";"Cergal";"86439510000185";"Permissão";"SC";"Sul";"2026";"Expansão";"Planejamento Setorial";",00";"2665747,99"
"2026-06-26 13:43:48.523000000";"Cergal";"86439510000185";"Permissão";"SC";"Sul";"2026";"Melhoria";"Planejamento Setorial";",00";"1242950,39"
"2026-06-26 13:43:48.523000000";"Cergal";"86439510000185";"Permissão";"SC";"Sul";"2026";"Renovação";"Planejamento Setorial";",00";"95852,58"
"2026-06-26 13:43:48.523000000";"Cergal";"86439510000185";"Permissão";"SC";"Sul";"2027";"Melhoria";"Planejamento Setorial";",00";"1923554,39"
"2026-06-26 13:43:48.523000000";"Cergal";"86439510000185";"Permissão";"SC";"Sul";"2028";"Melhoria";"Planejamento Setorial";",00";"2011485,22"
"2026-06-26 13:43:48.523000000";"Cergal";"86439510000185";"Permissão";"SC";"Sul";"2029";"Melhoria";"Planejamento Setorial";",00";"1823761,25"
"2026-06-26 13:43:48.523000000";"Cergal";"86439510000185";"Permissão";"SC";"Sul";"2029";"Renovação";"Planejamento Setorial";",00";"248077,96"
"2026-06-26 13:43:48.523000000";"Cergal";"86439510000185";"Permissão";"SC";"Sul";"2030";"Melhoria";"Planejamento Setorial";",00";"2157038,62"
"2026-06-26 13:43:48.523000000";"Cergapa";"01229747000189";"Permissão";"SC";"Sul";"2016";"Expansão";"";"712311,99";"568166,42"
"2026-06-26 13:43:48.523000000";"Cergapa";"01229747000189";"Permissão";"SC";"Sul";"2016";"Melhoria";"";"16633,00";"24939,00"
"2026-06-26 13:43:48.523000000";"Cergapa";"01229747000189";"Permissão";"SC";"Sul";"2017";"Expansão";"";"669869,13";"581819,89"
"2026-06-26 13:43:48.523000000";"Cergapa";"01229747000189";"Permissão";"SC";"Sul";"2017";"Melhoria";"";"45175,00";"19625,00"
"2026-06-26 13:43:48.523000000";"Cergapa";"01229747000189";"Permissão";"SC";"Sul";"2018";"Expansão";"";"525666,53";"544381,50"
"2026-06-26 13:43:48.523000000";"Cergapa";"01229747000189";"Permissão";"SC";"Sul";"2018";"Expansão";"Planejamento Setorial";",00";"7700000,00"
"2026-06-26 13:43:48.523000000";"Cergapa";"01229747000189";"Permissão";"SC";"Sul";"2018";"Melhoria";"";"23542,04";"32740,00"
"2026-06-26 13:43:48.523000000";"Cergapa";"01229747000189";"Permissão";"SC";"Sul";"2019";"Expansão";"";"678723,92";"8278549,05"
"2026-06-26 13:43:48.523000000";"Cergapa";"01229747000189";"Permissão";"SC";"Sul";"2019";"Melhoria";"";"16250,40";"21733,55"
"2026-06-26 13:43:48.523000000";"Cergapa";"01229747000189";"Permissão";"SC";"Sul";"2020";"Expansão";"";"559610,99";"596754,81"
"2026-06-26 13:43:48.523000000";"Cergapa";"01229747000189";"Permissão";"SC";"Sul";"2020";"Expansão";"Planejamento Setorial";",00";"7700000,00"
"2026-06-26 13:43:48.523000000";"Cergapa";"01229747000189";"Permissão";"SC";"Sul";"2020";"Melhoria";"";"35876,75";"20694,70"
"2026-06-26 13:43:48.523000000";"Cergapa";"01229747000189";"Permissão";"SC";"Sul";"2021";"Expansão";"";"725335,00";"637674,06"
"2026-06-26 13:43:48.523000000";"Cergapa";"01229747000189";"Permissão";"SC";"Sul";"2021";"Expansão";"Planejamento Setorial";",00";"7700000,00"
"2026-06-26 13:43:48.523000000";"Cergapa";"01229747000189";"Permissão";"SC";"Sul";"2021";"Melhoria";"";"311598,33";"803518,00"
"2026-06-26 13:43:48.523000000";"Cergapa";"01229747000189";"Permissão";"SC";"Sul";"2022";"Expansão";"";"1037268,14";"1016412,39"
"2026-06-26 13:43:48.523000000";"Cergapa";"01229747000189";"Permissão";"SC";"Sul";"2022";"Expansão";"Planejamento Setorial";",00";"14000000,00"
"2026-06-26 13:43:48.523000000";"Cergapa";"01229747000189";"Permissão";"SC";"Sul";"2022";"Melhoria";"";"184626,02";"434723,49"
"2026-06-26 13:43:48.523000000";"Cergapa";"01229747000189";"Permissão";"SC";"Sul";"2023";"Expansão";"";"925924,55";"1065725,82"
"2026-06-26 13:43:48.523000000";"Cergapa";"01229747000189";"Permissão";"SC";"Sul";"2023";"Expansão";"Planejamento Setorial";"16098907,55";"18000000,00"
"2026-06-26 13:43:48.523000000";"Cergapa";"01229747000189";"Permissão";"SC";"Sul";"2023";"Melhoria";"";"526445,50";"466395,75"
"2026-06-26 13:43:48.523000000";"Cergapa";"01229747000189";"Permissão";"SC";"Sul";"2024";"Expansão";"";"727413,86";"840656,48"
"2026-06-26 13:43:48.523000000";"Cergapa";"01229747000189";"Permissão";"SC";"Sul";"2024";"Expansão";"Planejamento Setorial";"1922007,12";"1500000,00"
"2026-06-26 13:43:48.523000000";"Cergapa";"01229747000189";"Permissão";"SC";"Sul";"2024";"Melhoria";"";"59438,75";"41970,00"
"2026-06-26 13:43:48.523000000";"Cergapa";"01229747000189";"Permissão";"SC";"Sul";"2025";"Expansão";"";"1281754,33";"813623,06"
"2026-06-26 13:43:48.523000000";"Cergapa";"01229747000189";"Permissão";"SC";"Sul";"2025";"Expansão";"Planejamento Setorial";"749088,64";"1087289,89"
"2026-06-26 13:43:48.523000000";"Cergapa";"01229747000189";"Permissão";"SC";"Sul";"2025";"Melhoria";"";"96236,83";"39580,00"
"2026-06-26 13:43:48.523000000";"Cergapa";"01229747000189";"Permissão";"SC";"Sul";"2026";"Expansão";"";",00";"848053,79"
"2026-06-26 13:43:48.523000000";"Cergapa";"01229747000189";"Permissão";"SC";"Sul";"2026";"Expansão";"Planejamento Setorial";",00";"1087289,89"
"2026-06-26 13:43:48.523000000";"Cergapa";"01229747000189";"Permissão";"SC";"Sul";"2026";"Melhoria";"";",00";"392620,00"
"2026-06-26 13:43:48.523000000";"Cergapa";"01229747000189";"Permissão";"SC";"Sul";"2027";"Expansão";"";",00";"781935,30"
"2026-06-26 13:43:48.523000000";"Cergapa";"01229747000189";"Permissão";"SC";"Sul";"2027";"Melhoria";"";",00";"39580,00"
"2026-06-26 13:43:48.523000000";"Cergapa";"01229747000189";"Permissão";"SC";"Sul";"2028";"Expansão";"";",00";"808703,93"
"2026-06-26 13:43:48.523000000";"Cergapa";"01229747000189";"Permissão";"SC";"Sul";"2028";"Melhoria";"";",00";"42390,00"
"2026-06-26 13:43:48.523000000";"Cergapa";"01229747000189";"Permissão";"SC";"Sul";"2029";"Expansão";"";",00";"841748,40"
"2026-06-26 13:43:48.523000000";"Cergapa";"01229747000189";"Permissão";"SC";"Sul";"2029";"Melhoria";"";",00";"40970,00"
"2026-06-26 13:43:48.523000000";"Cergapa";"01229747000189";"Permissão";"SC";"Sul";"2030";"Expansão";"";",00";"853823,31"
"2026-06-26 13:43:48.523000000";"Cergapa";"01229747000189";"Permissão";"SC";"Sul";"2030";"Melhoria";"";",00";"40970,00"
"2026-06-26 13:43:48.523000000";"Cergral";"86449170000173";"Permissão";"SC";"Sul";"2016";"Expansão";"";"557285,71";"565970,00"
"2026-06-26 13:43:48.523000000";"Cergral";"86449170000173";"Permissão";"SC";"Sul";"2016";"Renovação";"";"104458,31";",00"
"2026-06-26 13:43:48.523000000";"Cergral";"86449170000173";"Permissão";"SC";"Sul";"2017";"Expansão";"";",00";"536300,00"
"2026-06-26 13:43:48.523000000";"Cergral";"86449170000173";"Permissão";"SC";"Sul";"2017";"Renovação";"Planejamento Setorial";"155423,89";",00"
"2026-06-26 13:43:48.523000000";"Cergral";"86449170000173";"Permissão";"SC";"Sul";"2018";"Expansão";"";",00";"483150,00"
"2026-06-26 13:43:48.523000000";"Cergral";"86449170000173";"Permissão";"SC";"Sul";"2018";"Renovação";"";"163812,14";",00"
"2026-06-26 13:43:48.523000000";"Cergral";"86449170000173";"Permissão";"SC";"Sul";"2019";"Expansão";"";"343670,18";"527995,00"
"2026-06-26 13:43:48.523000000";"Cergral";"86449170000173";"Permissão";"SC";"Sul";"2019";"Renovação";"";"156323,28";",00"
"2026-06-26 13:43:48.523000000";"Cergral";"86449170000173";"Permissão";"SC";"Sul";"2020";"Expansão";"";"447870,16";"499995,00"
"2026-06-26 13:43:48.523000000";"Cergral";"86449170000173";"Permissão";"SC";"Sul";"2020";"Renovação";"";"151824,58";",00"
"2026-06-26 13:43:48.523000000";"Cergral";"86449170000173";"Permissão";"SC";"Sul";"2021";"Expansão";"";"673850,81";"486205,00"
"2026-06-26 13:43:48.523000000";"Cergral";"86449170000173";"Permissão";"SC";"Sul";"2021";"Melhoria";"";"118838,40";",00"
"2026-06-26 13:43:48.523000000";"Cergral";"86449170000173";"Permissão";"SC";"Sul";"2021";"Renovação";"";"117124,84";",00"
"2026-06-26 13:43:48.523000000";"Cergral";"86449170000173";"Permissão";"SC";"Sul";"2022";"Expansão";"";"1080726,07";"634130,00"
"2026-06-26 13:43:48.523000000";"Cergral";"86449170000173";"Permissão";"SC";"Sul";"2022";"Renovação";"";"141686,02";",00"
"2026-06-26 13:43:48.523000000";"Cergral";"86449170000173";"Permissão";"SC";"Sul";"2023";"Expansão";"";"1258847,97";"1111847,69"
"2026-06-26 13:43:48.523000000";"Cergral";"86449170000173";"Permissão";"SC";"Sul";"2023";"Renovação";"";"308515,36";",00"
"2026-06-26 13:43:48.523000000";"Cergral";"86449170000173";"Permissão";"SC";"Sul";"2024";"Expansão";"";"5555249,88";"10774804,46"
"2026-06-26 13:43:48.523000000";"Cergral";"86449170000173";"Permissão";"SC";"Sul";"2024";"Renovação";"";"145575,60";",00"
"2026-06-26 13:43:48.523000000";"Cergral";"86449170000173";"Permissão";"SC";"Sul";"2025";"Expansão";"";"104697,35";"22288313,16"
"2026-06-26 13:43:48.523000000";"Cergral";"86449170000173";"Permissão";"SC";"Sul";"2025";"Renovação";"";"259615,95";",00"
"2026-06-26 13:43:48.523000000";"Cergral";"86449170000173";"Permissão";"SC";"Sul";"2026";"Expansão";"";",00";"3707531,98"
"2026-06-26 13:43:48.523000000";"Cergral";"86449170000173";"Permissão";"SC";"Sul";"2027";"Expansão";"";",00";"775965,82"
"2026-06-26 13:43:48.523000000";"Cergral";"86449170000173";"Permissão";"SC";"Sul";"2028";"Expansão";"";",00";"791659,57"
"2026-06-26 13:43:48.523000000";"Cergral";"86449170000173";"Permissão";"SC";"Sul";"2029";"Expansão";"";",00";"807653,32"
"2026-06-26 13:43:48.523000000";"Cergral";"86449170000173";"Permissão";"SC";"Sul";"2030";"Expansão";"";",00";"823947,07"
"2026-06-26 13:43:48.523000000";"Ceriluz";"87656989000174";"Permissão";"RS";"Sul";"2016";"Expansão";"";"6816764,15";"6223301,37"
"2026-06-26 13:43:48.523000000";"Ceriluz";"87656989000174";"Permissão";"RS";"Sul";"2016";"Expansão";"Obra com Participação Financeira";"3876672,17";"2076156,82"
"2026-06-26 13:43:48.523000000";"Ceriluz";"87656989000174";"Permissão";"RS";"Sul";"2016";"Melhoria";"";"866954,62";"408295,40"
"2026-06-26 13:43:48.523000000";"Ceriluz";"87656989000174";"Permissão";"RS";"Sul";"2016";"Renovação";"";"350159,89";"231472,14"
"2026-06-26 13:43:48.523000000";"Ceriluz";"87656989000174";"Permissão";"RS";"Sul";"2017";"Expansão";"";"3522908,33";"3554972,79"
"2026-06-26 13:43:48.523000000";"Ceriluz";"87656989000174";"Permissão";"RS";"Sul";"2017";"Melhoria";"";"1095270,60";"539760,33"
"2026-06-26 13:43:48.523000000";"Ceriluz";"87656989000174";"Permissão";"RS";"Sul";"2017";"Renovação";"";"624796,67";"245500,69"
"2026-06-26 13:43:48.523000000";"Ceriluz";"87656989000174";"Permissão";"RS";"Sul";"2018";"Expansão";"";"8328028,48";"6374639,38"
"2026-06-26 13:43:48.523000000";"Ceriluz";"87656989000174";"Permissão";"RS";"Sul";"2018";"Melhoria";"";"858276,04";"869626,85"
"2026-06-26 13:43:48.523000000";"Ceriluz";"87656989000174";"Permissão";"RS";"Sul";"2018";"Renovação";"";"412306,43";"439300,69"
"2026-06-26 13:43:48.523000000";"Ceriluz";"87656989000174";"Permissão";"RS";"Sul";"2019";"Expansão";"";"7370052,10";"5323000,74"
"2026-06-26 13:43:48.523000000";"Ceriluz";"87656989000174";"Permissão";"RS";"Sul";"2019";"Melhoria";"";"1697748,84";"872709,20"
"2026-06-26 13:43:48.523000000";"Ceriluz";"87656989000174";"Permissão";"RS";"Sul";"2019";"Renovação";"";"609624,09";"406403,73"
"2026-06-26 13:43:48.523000000";"Ceriluz";"87656989000174";"Permissão";"RS";"Sul";"2020";"Expansão";"";"1296867,64";"671692,94"
"2026-06-26 13:43:48.523000000";"Ceriluz";"87656989000174";"Permissão";"RS";"Sul";"2020";"Expansão";"Obra com Participação Financeira";"2824150,46";"2089766,50"
"2026-06-26 13:43:48.523000000";"Ceriluz";"87656989000174";"Permissão";"RS";"Sul";"2020";"Expansão";"Planejamento Setorial";"3900352,43";"4372500,00"
"2026-06-26 13:43:48.523000000";"Ceriluz";"87656989000174";"Permissão";"RS";"Sul";"2020";"Melhoria";"";"1646610,67";"1041873,75"
"2026-06-26 13:43:48.523000000";"Ceriluz";"87656989000174";"Permissão";"RS";"Sul";"2020";"Renovação";"";"661480,06";"738277,79"
"2026-06-26 13:43:48.523000000";"Ceriluz";"87656989000174";"Permissão";"RS";"Sul";"2020";"Renovação";"Planejamento Setorial";"305603,06";"260000,00"
"2026-06-26 13:43:48.523000000";"Ceriluz";"87656989000174";"Permissão";"RS";"Sul";"2021";"Expansão";"";"2145084,44";"1146505,00"
"2026-06-26 13:43:48.523000000";"Ceriluz";"87656989000174";"Permissão";"RS";"Sul";"2021";"Expansão";"Obra com Participação Financeira";"5031815,02";"2672837,60"
"2026-06-26 13:43:48.523000000";"Ceriluz";"87656989000174";"Permissão";"RS";"Sul";"2021";"Expansão";"Planejamento Setorial";"15010855,24";"15842185,98"
"2026-06-26 13:43:48.523000000";"Ceriluz";"87656989000174";"Permissão";"RS";"Sul";"2021";"Melhoria";"";"1535230,89";"1392180,60"
"2026-06-26 13:43:48.523000000";"Ceriluz";"87656989000174";"Permissão";"RS";"Sul";"2021";"Renovação";"";"912810,20";"901499,75"
"2026-06-26 13:43:48.523000000";"Ceriluz";"87656989000174";"Permissão";"RS";"Sul";"2022";"Expansão";"";"3143577,27";"2262470,10"
"2026-06-26 13:43:48.523000000";"Ceriluz";"87656989000174";"Permissão";"RS";"Sul";"2022";"Expansão";"Obra com Participação Financeira";"7572239,63";"3980717,90"
"2026-06-26 13:43:48.523000000";"Ceriluz";"87656989000174";"Permissão";"RS";"Sul";"2022";"Expansão";"Planejamento Setorial";"11481656,87";"16194724,59"
"2026-06-26 13:43:48.523000000";"Ceriluz";"87656989000174";"Permissão";"RS";"Sul";"2022";"Melhoria";"";"2557608,01";"1719615,60"
"2026-06-26 13:43:48.523000000";"Ceriluz";"87656989000174";"Permissão";"RS";"Sul";"2022";"Renovação";"";"2839445,13";"1166268,10"
"2026-06-26 13:43:48.523000000";"Ceriluz";"87656989000174";"Permissão";"RS";"Sul";"2023";"Expansão";"";"3643780,10";"5216105,00"
"2026-06-26 13:43:48.523000000";"Ceriluz";"87656989000174";"Permissão";"RS";"Sul";"2023";"Expansão";"Obra com Participação Financeira";"5597714,70";"5199575,00"
"2026-06-26 13:43:48.523000000";"Ceriluz";"87656989000174";"Permissão";"RS";"Sul";"2023";"Melhoria";"";"3046970,95";"2651725,00"
"2026-06-26 13:43:48.523000000";"Ceriluz";"87656989000174";"Permissão";"RS";"Sul";"2023";"Renovação";"";"1593428,30";"1614160,00"
"2026-06-26 13:43:48.523000000";"Ceriluz";"87656989000174";"Permissão";"RS";"Sul";"2024";"Expansão";"";"2320051,08";"3277136,20"
"2026-06-26 13:43:48.523000000";"Ceriluz";"87656989000174";"Permissão";"RS";"Sul";"2024";"Expansão";"Obra com Participação Financeira";"6243813,29";"4620600,00"
"2026-06-26 13:43:48.523000000";"Ceriluz";"87656989000174";"Permissão";"RS";"Sul";"2024";"Expansão";"Planejamento Setorial";"19410553,53";"3617200,00"
"2026-06-26 13:43:48.523000000";"Ceriluz";"87656989000174";"Permissão";"RS";"Sul";"2024";"Melhoria";"";"2590251,31";"2317631,20"
"2026-06-26 13:43:48.523000000";"Ceriluz";"87656989000174";"Permissão";"RS";"Sul";"2024";"Renovação";"";"2273816,47";"1602741,20"
"2026-06-26 13:43:48.523000000";"Ceriluz";"87656989000174";"Permissão";"RS";"Sul";"2025";"Expansão";"";"3435215,49";"2346066,05"
"2026-06-26 13:43:48.523000000";"Ceriluz";"87656989000174";"Permissão";"RS";"Sul";"2025";"Expansão";"Obra com Participação Financeira";"9848719,54";"4242081,45"
"2026-06-26 13:43:48.523000000";"Ceriluz";"87656989000174";"Permissão";"RS";"Sul";"2025";"Expansão";"Planejamento Setorial";"4666704,37";"4900800,00"
"2026-06-26 13:43:48.523000000";"Ceriluz";"87656989000174";"Permissão";"RS";"Sul";"2025";"Melhoria";"";"2716952,55";"2214364,71"
"2026-06-26 13:43:48.523000000";"Ceriluz";"87656989000174";"Permissão";"RS";"Sul";"2025";"Renovação";"";"1723913,81";"2337246,27"
"2026-06-26 13:43:48.523000000";"Ceriluz";"87656989000174";"Permissão";"RS";"Sul";"2026";"Expansão";"";",00";"3118084,05"
"2026-06-26 13:43:48.523000000";"Ceriluz";"87656989000174";"Permissão";"RS";"Sul";"2026";"Expansão";"Obra com Participação Financeira";",00";"4993844,40"
"2026-06-26 13:43:48.523000000";"Ceriluz";"87656989000174";"Permissão";"RS";"Sul";"2026";"Expansão";"Planejamento Setorial";",00";"20895800,00"
"2026-06-26 13:43:48.523000000";"Ceriluz";"87656989000174";"Permissão";"RS";"Sul";"2026";"Melhoria";"";",00";"2828349,45"
"2026-06-26 13:43:48.523000000";"Ceriluz";"87656989000174";"Permissão";"RS";"Sul";"2026";"Renovação";"";",00";"1929681,70"
"2026-06-26 13:43:48.523000000";"Ceriluz";"87656989000174";"Permissão";"RS";"Sul";"2027";"Expansão";"";",00";"3118084,05"
"2026-06-26 13:43:48.523000000";"Ceriluz";"87656989000174";"Permissão";"RS";"Sul";"2027";"Expansão";"Obra com Participação Financeira";",00";"4993844,40"
"2026-06-26 13:43:48.523000000";"Ceriluz";"87656989000174";"Permissão";"RS";"Sul";"2027";"Expansão";"Planejamento Setorial";",00";"6456351,47"
"2026-06-26 13:43:48.523000000";"Ceriluz";"87656989000174";"Permissão";"RS";"Sul";"2027";"Melhoria";"";",00";"2828349,45"
"2026-06-26 13:43:48.523000000";"Ceriluz";"87656989000174";"Permissão";"RS";"Sul";"2027";"Renovação";"";",00";"1929681,70"
"2026-06-26 13:43:48.523000000";"Ceriluz";"87656989000174";"Permissão";"RS";"Sul";"2028";"Expansão";"";",00";"3118084,05"
"2026-06-26 13:43:48.523000000";"Ceriluz";"87656989000174";"Permissão";"RS";"Sul";"2028";"Expansão";"Obra com Participação Financeira";",00";"4993844,40"
"2026-06-26 13:43:48.523000000";"Ceriluz";"87656989000174";"Permissão";"RS";"Sul";"2028";"Expansão";"Planejamento Setorial";",00";"5444163,91"
"2026-06-26 13:43:48.523000000";"Ceriluz";"87656989000174";"Permissão";"RS";"Sul";"2028";"Melhoria";"";",00";"2828349,45"
"2026-06-26 13:43:48.523000000";"Ceriluz";"87656989000174";"Permissão";"RS";"Sul";"2028";"Renovação";"";",00";"1929681,70"
"2026-06-26 13:43:48.523000000";"Ceriluz";"87656989000174";"Permissão";"RS";"Sul";"2029";"Expansão";"";",00";"3118084,05"
"2026-06-26 13:43:48.523000000";"Ceriluz";"87656989000174";"Permissão";"RS";"Sul";"2029";"Expansão";"Obra com Participação Financeira";",00";"4993844,40"
"2026-06-26 13:43:48.523000000";"Ceriluz";"87656989000174";"Permissão";"RS";"Sul";"2029";"Expansão";"Planejamento Setorial";",00";"1399787,59"
"2026-06-26 13:43:48.523000000";"Ceriluz";"87656989000174";"Permissão";"RS";"Sul";"2029";"Melhoria";"";",00";"2828349,45"
"2026-06-26 13:43:48.523000000";"Ceriluz";"87656989000174";"Permissão";"RS";"Sul";"2029";"Melhoria";"Planejamento Setorial";",00";"4000000,00"
"2026-06-26 13:43:48.523000000";"Ceriluz";"87656989000174";"Permissão";"RS";"Sul";"2029";"Renovação";"";",00";"1929681,70"
"2026-06-26 13:43:48.523000000";"Ceriluz";"87656989000174";"Permissão";"RS";"Sul";"2030";"Expansão";"";",00";"3118084,05"
"2026-06-26 13:43:48.523000000";"Ceriluz";"87656989000174";"Permissão";"RS";"Sul";"2030";"Expansão";"Obra com Participação Financeira";",00";"4993844,40"
"2026-06-26 13:43:48.523000000";"Ceriluz";"87656989000174";"Permissão";"RS";"Sul";"2030";"Melhoria";"";",00";"2828349,45"
"2026-06-26 13:43:48.523000000";"Ceriluz";"87656989000174";"Permissão";"RS";"Sul";"2030";"Renovação";"";",00";"1929681,70"
"2026-06-26 13:43:48.523000000";"Cerim";"50235449000107";"Permissão";"SP";"Sudeste";"2016";"Expansão";"";"886349,56";"850637,16"
"2026-06-26 13:43:48.523000000";"Cerim";"50235449000107";"Permissão";"SP";"Sudeste";"2016";"Expansão";"Obra com Participação Financeira";"1445312,96";"996983,36"
"2026-06-26 13:43:48.523000000";"Cerim";"50235449000107";"Permissão";"SP";"Sudeste";"2016";"Melhoria";"";"143069,28";"199844,79"
"2026-06-26 13:43:48.523000000";"Cerim";"50235449000107";"Permissão";"SP";"Sudeste";"2016";"Renovação";"";"526602,35";"441575,59"
"2026-06-26 13:43:48.523000000";"Cerim";"50235449000107";"Permissão";"SP";"Sudeste";"2016";"Renovação";"Obra com Participação Financeira";"14968,09";"26401,23"
"2026-06-26 13:43:48.523000000";"Cerim";"50235449000107";"Permissão";"SP";"Sudeste";"2017";"Expansão";"";"775021,10";"880048,43"
"2026-06-26 13:43:48.523000000";"Cerim";"50235449000107";"Permissão";"SP";"Sudeste";"2017";"Expansão";"Obra com Participação Financeira";"870021,87";"1302162,69"
"2026-06-26 13:43:48.523000000";"Cerim";"50235449000107";"Permissão";"SP";"Sudeste";"2017";"Melhoria";"";"239898,05";"70344,23"
"2026-06-26 13:43:48.523000000";"Cerim";"50235449000107";"Permissão";"SP";"Sudeste";"2017";"Renovação";"";"515094,13";"547740,04"
"2026-06-26 13:43:48.523000000";"Cerim";"50235449000107";"Permissão";"SP";"Sudeste";"2017";"Renovação";"Obra com Participação Financeira";"6206,40";"15716,49"
"2026-06-26 13:43:48.523000000";"Cerim";"50235449000107";"Permissão";"SP";"Sudeste";"2018";"Expansão";"";"811030,44";"1061138,97"
"2026-06-26 13:43:48.523000000";"Cerim";"50235449000107";"Permissão";"SP";"Sudeste";"2018";"Expansão";"Obra com Participação Financeira";"1479407,50";"913522,97"
"2026-06-26 13:43:48.523000000";"Cerim";"50235449000107";"Permissão";"SP";"Sudeste";"2018";"Melhoria";"";"23178,86";"30344,61"
"2026-06-26 13:43:48.523000000";"Cerim";"50235449000107";"Permissão";"SP";"Sudeste";"2018";"Renovação";"";"809308,90";"419252,32"
"2026-06-26 13:43:48.523000000";"Cerim";"50235449000107";"Permissão";"SP";"Sudeste";"2018";"Renovação";"Obra com Participação Financeira";"8138,43";"6516,72"
"2026-06-26 13:43:48.523000000";"Cerim";"50235449000107";"Permissão";"SP";"Sudeste";"2019";"Expansão";"";"1436613,46";"1014485,08"
"2026-06-26 13:43:48.523000000";"Cerim";"50235449000107";"Permissão";"SP";"Sudeste";"2019";"Expansão";"Obra com Participação Financeira";"1851998,05";"1518226,27"
"2026-06-26 13:43:48.523000000";"Cerim";"50235449000107";"Permissão";"SP";"Sudeste";"2019";"Melhoria";"";"378876,59";"24337,80"
"2026-06-26 13:43:48.523000000";"Cerim";"50235449000107";"Permissão";"SP";"Sudeste";"2019";"Renovação";"";"541996,27";"493982,36"
"2026-06-26 13:43:48.523000000";"Cerim";"50235449000107";"Permissão";"SP";"Sudeste";"2019";"Renovação";"Obra com Participação Financeira";"39559,38";"7580,19"
"2026-06-26 13:43:48.523000000";"Cerim";"50235449000107";"Permissão";"SP";"Sudeste";"2020";"Expansão";"";"2153391,73";"1964727,15"
"2026-06-26 13:43:48.523000000";"Cerim";"50235449000107";"Permissão";"SP";"Sudeste";"2020";"Expansão";"Obra com Participação Financeira";"1612513,06";"1796438,11"
"2026-06-26 13:43:48.523000000";"Cerim";"50235449000107";"Permissão";"SP";"Sudeste";"2020";"Melhoria";"";"406013,87";"435395,73"
"2026-06-26 13:43:48.523000000";"Cerim";"50235449000107";"Permissão";"SP";"Sudeste";"2020";"Renovação";"";"698565,05";"525736,38"
"2026-06-26 13:43:48.523000000";"Cerim";"50235449000107";"Permissão";"SP";"Sudeste";"2020";"Renovação";"Obra com Participação Financeira";"48494,08";"38372,60"
"2026-06-26 13:43:48.523000000";"Cerim";"50235449000107";"Permissão";"SP";"Sudeste";"2021";"Expansão";"";"2733880,90";"2141352,82"
"2026-06-26 13:43:48.523000000";"Cerim";"50235449000107";"Permissão";"SP";"Sudeste";"2021";"Expansão";"Obra com Participação Financeira";"3039361,89";"1693138,70"
"2026-06-26 13:43:48.523000000";"Cerim";"50235449000107";"Permissão";"SP";"Sudeste";"2021";"Melhoria";"";"1018531,03";"1326314,57"
"2026-06-26 13:43:48.523000000";"Cerim";"50235449000107";"Permissão";"SP";"Sudeste";"2021";"Renovação";"";"618195,02";"733493,31"
"2026-06-26 13:43:48.523000000";"Cerim";"50235449000107";"Permissão";"SP";"Sudeste";"2021";"Renovação";"Obra com Participação Financeira";"45485,91";"50918,78"
"2026-06-26 13:43:48.523000000";"Cerim";"50235449000107";"Permissão";"SP";"Sudeste";"2022";"Expansão";"";"4169093,56";"2084124,07"
"2026-06-26 13:43:48.523000000";"Cerim";"50235449000107";"Permissão";"SP";"Sudeste";"2022";"Expansão";"Obra com Participação Financeira";"2057485,07";"2443989,52"
"2026-06-26 13:43:48.523000000";"Cerim";"50235449000107";"Permissão";"SP";"Sudeste";"2022";"Melhoria";"";"1513638,59";"1060130,55"
"2026-06-26 13:43:48.523000000";"Cerim";"50235449000107";"Permissão";"SP";"Sudeste";"2022";"Renovação";"";"1384003,40";"649104,78"
"2026-06-26 13:43:48.523000000";"Cerim";"50235449000107";"Permissão";"SP";"Sudeste";"2022";"Renovação";"Obra com Participação Financeira";"58387,76";"48960,22"
"2026-06-26 13:43:48.523000000";"Cerim";"50235449000107";"Permissão";"SP";"Sudeste";"2023";"Expansão";"";"1881826,55";"4475480,30"
"2026-06-26 13:43:48.523000000";"Cerim";"50235449000107";"Permissão";"SP";"Sudeste";"2023";"Expansão";"Obra com Participação Financeira";"3321458,20";"2160359,31"
"2026-06-26 13:43:48.523000000";"Cerim";"50235449000107";"Permissão";"SP";"Sudeste";"2023";"Melhoria";"";"1134626,05";"937337,06"
"2026-06-26 13:43:48.523000000";"Cerim";"50235449000107";"Permissão";"SP";"Sudeste";"2023";"Renovação";"";"841447,96";"1453203,57"
"2026-06-26 13:43:48.523000000";"Cerim";"50235449000107";"Permissão";"SP";"Sudeste";"2023";"Renovação";"Obra com Participação Financeira";"11826,28";"34088,13"
"2026-06-26 13:43:48.523000000";"Cerim";"50235449000107";"Permissão";"SP";"Sudeste";"2024";"Expansão";"";"1830387,51";"4163452,90"
"2026-06-26 13:43:48.523000000";"Cerim";"50235449000107";"Permissão";"SP";"Sudeste";"2024";"Expansão";"Obra com Participação Financeira";"1139002,75";"2268377,30"
"2026-06-26 13:43:48.523000000";"Cerim";"50235449000107";"Permissão";"SP";"Sudeste";"2024";"Melhoria";"";"819994,69";"774383,90"
"2026-06-26 13:43:48.523000000";"Cerim";"50235449000107";"Permissão";"SP";"Sudeste";"2024";"Renovação";"";"647400,88";"1525863,74"
"2026-06-26 13:43:48.523000000";"Cerim";"50235449000107";"Permissão";"SP";"Sudeste";"2024";"Renovação";"Obra com Participação Financeira";"234124,71";"35792,55"
"2026-06-26 13:43:48.523000000";"Cerim";"50235449000107";"Permissão";"SP";"Sudeste";"2025";"Expansão";"";"5863383,65";"4211198,77"
"2026-06-26 13:43:48.523000000";"Cerim";"50235449000107";"Permissão";"SP";"Sudeste";"2025";"Expansão";"Obra com Participação Financeira";"3100217,90";"2303822,60"
"2026-06-26 13:43:48.523000000";"Cerim";"50235449000107";"Permissão";"SP";"Sudeste";"2025";"Melhoria";"";"979815,74";"320987,33"
"2026-06-26 13:43:48.523000000";"Cerim";"50235449000107";"Permissão";"SP";"Sudeste";"2025";"Renovação";"";"855331,38";"550290,75"
"2026-06-26 13:43:48.523000000";"Cerim";"50235449000107";"Permissão";"SP";"Sudeste";"2025";"Renovação";"Obra com Participação Financeira";"223786,24";"70237,41"
"2026-06-26 13:43:48.523000000";"Cerim";"50235449000107";"Permissão";"SP";"Sudeste";"2026";"Expansão";"";",00";"6767215,86"
"2026-06-26 13:43:48.523000000";"Cerim";"50235449000107";"Permissão";"SP";"Sudeste";"2026";"Expansão";"Obra com Participação Financeira";",00";"3853431,26"
"2026-06-26 13:43:48.523000000";"Cerim";"50235449000107";"Permissão";"SP";"Sudeste";"2026";"Melhoria";"";",00";"792670,11"
"2026-06-26 13:43:48.523000000";"Cerim";"50235449000107";"Permissão";"SP";"Sudeste";"2026";"Renovação";"";",00";"1282997,09"
"2026-06-26 13:43:48.523000000";"Cerim";"50235449000107";"Permissão";"SP";"Sudeste";"2026";"Renovação";"Obra com Participação Financeira";",00";"290922,10"
"2026-06-26 13:43:48.523000000";"Cerim";"50235449000107";"Permissão";"SP";"Sudeste";"2027";"Expansão";"";",00";"5230206,40"
"2026-06-26 13:43:48.523000000";"Cerim";"50235449000107";"Permissão";"SP";"Sudeste";"2027";"Expansão";"Obra com Participação Financeira";",00";"5341960,49"
"2026-06-26 13:43:48.523000000";"Cerim";"50235449000107";"Permissão";"SP";"Sudeste";"2027";"Melhoria";"";",00";"904685,99"
"2026-06-26 13:43:48.523000000";"Cerim";"50235449000107";"Permissão";"SP";"Sudeste";"2027";"Renovação";"";",00";"1732046,05"
"2026-06-26 13:43:48.523000000";"Cerim";"50235449000107";"Permissão";"SP";"Sudeste";"2027";"Renovação";"Obra com Participação Financeira";",00";"349106,54"
"2026-06-26 13:43:48.523000000";"Cerim";"50235449000107";"Permissão";"SP";"Sudeste";"2028";"Expansão";"";",00";"5491716,73"
"2026-06-26 13:43:48.523000000";"Cerim";"50235449000107";"Permissão";"SP";"Sudeste";"2028";"Expansão";"Obra com Participação Financeira";",00";"5609058,51"
"2026-06-26 13:43:48.523000000";"Cerim";"50235449000107";"Permissão";"SP";"Sudeste";"2028";"Melhoria";"";",00";"949920,31"
"2026-06-26 13:43:48.523000000";"Cerim";"50235449000107";"Permissão";"SP";"Sudeste";"2028";"Renovação";"";",00";"1818648,35"
"2026-06-26 13:43:48.523000000";"Cerim";"50235449000107";"Permissão";"SP";"Sudeste";"2028";"Renovação";"Obra com Participação Financeira";",00";"366561,86"
"2026-06-26 13:43:48.523000000";"Cerim";"50235449000107";"Permissão";"SP";"Sudeste";"2029";"Expansão";"";",00";"5766302,57"
"2026-06-26 13:43:48.523000000";"Cerim";"50235449000107";"Permissão";"SP";"Sudeste";"2029";"Expansão";"Obra com Participação Financeira";",00";"5889511,41"
"2026-06-26 13:43:48.523000000";"Cerim";"50235449000107";"Permissão";"SP";"Sudeste";"2029";"Melhoria";"";",00";"997416,32"
"2026-06-26 13:43:48.523000000";"Cerim";"50235449000107";"Permissão";"SP";"Sudeste";"2029";"Renovação";"";",00";"1909580,76"
"2026-06-26 13:43:48.523000000";"Cerim";"50235449000107";"Permissão";"SP";"Sudeste";"2029";"Renovação";"Obra com Participação Financeira";",00";"384889,95"
"2026-06-26 13:43:48.523000000";"Cerim";"50235449000107";"Permissão";"SP";"Sudeste";"2030";"Expansão";"";",00";"6054617,68"
"2026-06-26 13:43:48.523000000";"Cerim";"50235449000107";"Permissão";"SP";"Sudeste";"2030";"Expansão";"Obra com Participação Financeira";",00";"6183986,99"
"2026-06-26 13:43:48.523000000";"Cerim";"50235449000107";"Permissão";"SP";"Sudeste";"2030";"Melhoria";"";",00";"1047287,15"
"2026-06-26 13:43:48.523000000";"Cerim";"50235449000107";"Permissão";"SP";"Sudeste";"2030";"Renovação";"";",00";"2005059,81"
"2026-06-26 13:43:48.523000000";"Cerim";"50235449000107";"Permissão";"SP";"Sudeste";"2030";"Renovação";"Obra com Participação Financeira";",00";"404134,46"
"2026-06-26 13:43:48.523000000";"Ceripa";"49606312000132";"Permissão";"SP";"Sudeste";"2016";"Expansão";"Planejamento Setorial";"1284354,05";"1012580,00"
"2026-06-26 13:43:48.523000000";"Ceripa";"49606312000132";"Permissão";"SP";"Sudeste";"2016";"Melhoria";"";"645400,00";"645400,00"
"2026-06-26 13:43:48.523000000";"Ceripa";"49606312000132";"Permissão";"SP";"Sudeste";"2016";"Melhoria";"Planejamento Setorial";"670250,00";"880250,00"
"2026-06-26 13:43:48.523000000";"Ceripa";"49606312000132";"Permissão";"SP";"Sudeste";"2016";"Renovação";"";"160000,00";"160000,00"
"2026-06-26 13:43:48.523000000";"Ceripa";"49606312000132";"Permissão";"SP";"Sudeste";"2016";"Renovação";"Planejamento Setorial";"280000,00";"280000,00"
"2026-06-26 13:43:48.523000000";"Ceripa";"49606312000132";"Permissão";"SP";"Sudeste";"2017";"Expansão";"Planejamento Setorial";"1469559,04";"2021400,00"
"2026-06-26 13:43:48.523000000";"Ceripa";"49606312000132";"Permissão";"SP";"Sudeste";"2017";"Melhoria";"Planejamento Setorial";"411162,52";"830000,00"
"2026-06-26 13:43:48.523000000";"Ceripa";"49606312000132";"Permissão";"SP";"Sudeste";"2017";"Renovação";"";",00";"392000,00"
"2026-06-26 13:43:48.523000000";"Ceripa";"49606312000132";"Permissão";"SP";"Sudeste";"2018";"Expansão";"Planejamento Setorial";",00";"1831442,48"
"2026-06-26 13:43:48.523000000";"Ceripa";"49606312000132";"Permissão";"SP";"Sudeste";"2018";"Melhoria";"Planejamento Setorial";",00";"380000,00"
"2026-06-26 13:43:48.523000000";"Ceripa";"49606312000132";"Permissão";"SP";"Sudeste";"2018";"Renovação";"";",00";"599000,00"
"2026-06-26 13:43:48.523000000";"Ceripa";"49606312000132";"Permissão";"SP";"Sudeste";"2019";"Expansão";"Planejamento Setorial";"5645000,00";"5957000,00"
"2026-06-26 13:43:48.523000000";"Ceripa";"49606312000132";"Permissão";"SP";"Sudeste";"2019";"Melhoria";"Planejamento Setorial";"430000,00";"1030000,00"
"2026-06-26 13:43:48.523000000";"Ceripa";"49606312000132";"Permissão";"SP";"Sudeste";"2020";"Expansão";"Planejamento Setorial";"439000,00";"1617905,00"
"2026-06-26 13:43:48.523000000";"Ceripa";"49606312000132";"Permissão";"SP";"Sudeste";"2020";"Melhoria";"Planejamento Setorial";"505000,00";"1135000,00"
"2026-06-26 13:43:48.523000000";"Ceripa";"49606312000132";"Permissão";"SP";"Sudeste";"2020";"Renovação";"";"309000,00";"839000,00"
"2026-06-26 13:43:48.523000000";"Ceripa";"49606312000132";"Permissão";"SP";"Sudeste";"2020";"Renovação";"Planejamento Setorial";"90000,00";"90000,00"
"2026-06-26 13:43:48.523000000";"Ceripa";"49606312000132";"Permissão";"SP";"Sudeste";"2021";"Expansão";"Planejamento Setorial";"3838000,00";"4621000,00"
"2026-06-26 13:43:48.523000000";"Ceripa";"49606312000132";"Permissão";"SP";"Sudeste";"2021";"Melhoria";"";"320000,00";"320000,00"
"2026-06-26 13:43:48.523000000";"Ceripa";"49606312000132";"Permissão";"SP";"Sudeste";"2021";"Melhoria";"Planejamento Setorial";"541870,00";"1730000,00"
"2026-06-26 13:43:48.523000000";"Ceripa";"49606312000132";"Permissão";"SP";"Sudeste";"2021";"Renovação";"";",00";"580000,00"
"2026-06-26 13:43:48.523000000";"Ceripa";"49606312000132";"Permissão";"SP";"Sudeste";"2021";"Renovação";"Planejamento Setorial";"360000,00";"2410000,00"
"2026-06-26 13:43:48.523000000";"Ceripa";"49606312000132";"Permissão";"SP";"Sudeste";"2022";"Expansão";"Planejamento Setorial";"6700000,00";"14996049,88"
"2026-06-26 13:43:48.523000000";"Ceripa";"49606312000132";"Permissão";"SP";"Sudeste";"2022";"Melhoria";"Planejamento Setorial";"1500000,00";"3540000,00"
"2026-06-26 13:43:48.523000000";"Ceripa";"49606312000132";"Permissão";"SP";"Sudeste";"2022";"Renovação";"";"600000,00";"940000,00"
"2026-06-26 13:43:48.523000000";"Ceripa";"49606312000132";"Permissão";"SP";"Sudeste";"2022";"Renovação";"Planejamento Setorial";",00";"250000,00"
"2026-06-26 13:43:48.523000000";"Ceripa";"49606312000132";"Permissão";"SP";"Sudeste";"2023";"Expansão";"Planejamento Setorial";"11488149,00";"17588149,88"
"2026-06-26 13:43:48.523000000";"Ceripa";"49606312000132";"Permissão";"SP";"Sudeste";"2023";"Melhoria";"Planejamento Setorial";"210000,00";"2660000,00"
"2026-06-26 13:43:48.523000000";"Ceripa";"49606312000132";"Permissão";"SP";"Sudeste";"2023";"Renovação";"";"520000,00";"1605000,00"
"2026-06-26 13:43:48.523000000";"Ceripa";"49606312000132";"Permissão";"SP";"Sudeste";"2023";"Renovação";"Planejamento Setorial";"4500000,00";"4500000,00"
"2026-06-26 13:43:48.523000000";"Ceripa";"49606312000132";"Permissão";"SP";"Sudeste";"2024";"Expansão";"Planejamento Setorial";"37250000,00";"46000000,00"
"2026-06-26 13:43:48.523000000";"Ceripa";"49606312000132";"Permissão";"SP";"Sudeste";"2024";"Melhoria";"Planejamento Setorial";"1900000,00";"4700000,00"
"2026-06-26 13:43:48.523000000";"Ceripa";"49606312000132";"Permissão";"SP";"Sudeste";"2024";"Renovação";"";"220000,00";"1085000,00"
"2026-06-26 13:43:48.523000000";"Ceripa";"49606312000132";"Permissão";"SP";"Sudeste";"2024";"Renovação";"Planejamento Setorial";"4500000,00";"4750000,00"
"2026-06-26 13:43:48.523000000";"Ceripa";"49606312000132";"Permissão";"SP";"Sudeste";"2025";"Expansão";"Planejamento Setorial";"27800000,00";"54832141,00"
"2026-06-26 13:43:48.523000000";"Ceripa";"49606312000132";"Permissão";"SP";"Sudeste";"2025";"Melhoria";"Planejamento Setorial";",00";"4800000,00"
"2026-06-26 13:43:48.523000000";"Ceripa";"49606312000132";"Permissão";"SP";"Sudeste";"2025";"Renovação";"";",00";"905000,00"
"2026-06-26 13:43:48.523000000";"Ceripa";"49606312000132";"Permissão";"SP";"Sudeste";"2025";"Renovação";"Planejamento Setorial";",00";"250000,00"
"2026-06-26 13:43:48.523000000";"Ceripa";"49606312000132";"Permissão";"SP";"Sudeste";"2026";"Expansão";"Planejamento Setorial";",00";"18749941,00"
"2026-06-26 13:43:48.523000000";"Ceripa";"49606312000132";"Permissão";"SP";"Sudeste";"2026";"Melhoria";"Planejamento Setorial";",00";"5000000,00"
"2026-06-26 13:43:48.523000000";"Ceripa";"49606312000132";"Permissão";"SP";"Sudeste";"2026";"Renovação";"Planejamento Setorial";",00";"4550000,00"
"2026-06-26 13:43:48.523000000";"Ceripa";"49606312000132";"Permissão";"SP";"Sudeste";"2027";"Expansão";"Planejamento Setorial";",00";"9832200,00"
"2026-06-26 13:43:48.523000000";"Ceripa";"49606312000132";"Permissão";"SP";"Sudeste";"2027";"Melhoria";"Planejamento Setorial";",00";"2004000,00"
"2026-06-26 13:43:48.523000000";"Ceripa";"49606312000132";"Permissão";"SP";"Sudeste";"2027";"Renovação";"Planejamento Setorial";",00";"3800000,00"
"2026-06-26 13:43:48.523000000";"Ceripa";"49606312000132";"Permissão";"SP";"Sudeste";"2028";"Expansão";"Planejamento Setorial";",00";"852500,00"
"2026-06-26 13:43:48.523000000";"Ceripa";"49606312000132";"Permissão";"SP";"Sudeste";"2028";"Melhoria";"Planejamento Setorial";",00";"9010000,00"
"2026-06-26 13:43:48.523000000";"Ceripa";"49606312000132";"Permissão";"SP";"Sudeste";"2028";"Renovação";"";",00";"680000,00"
"2026-06-26 13:43:48.523000000";"Ceripa";"49606312000132";"Permissão";"SP";"Sudeste";"2028";"Renovação";"Planejamento Setorial";",00";"2320000,00"
"2026-06-26 13:43:48.523000000";"Ceripa";"49606312000132";"Permissão";"SP";"Sudeste";"2029";"Expansão";"Planejamento Setorial";",00";"5814000,00"
"2026-06-26 13:43:48.523000000";"Ceripa";"49606312000132";"Permissão";"SP";"Sudeste";"2029";"Melhoria";"Planejamento Setorial";",00";"1900000,00"
"2026-06-26 13:43:48.523000000";"Ceripa";"49606312000132";"Permissão";"SP";"Sudeste";"2029";"Renovação";"";",00";"905000,00"
"2026-06-26 13:43:48.523000000";"Ceripa";"49606312000132";"Permissão";"SP";"Sudeste";"2029";"Renovação";"Planejamento Setorial";",00";"3700000,00"
"2026-06-26 13:43:48.523000000";"Ceripa";"49606312000132";"Permissão";"SP";"Sudeste";"2030";"Expansão";"Planejamento Setorial";",00";"15500000,00"
"2026-06-26 13:43:48.523000000";"Ceripa";"49606312000132";"Permissão";"SP";"Sudeste";"2030";"Melhoria";"Planejamento Setorial";",00";"200000,00"
"2026-06-26 13:43:48.523000000";"Ceripa";"49606312000132";"Permissão";"SP";"Sudeste";"2030";"Renovação";"";",00";"839000,00"
"2026-06-26 13:43:48.523000000";"Ceripa";"49606312000132";"Permissão";"SP";"Sudeste";"2030";"Renovação";"Planejamento Setorial";",00";"90000,00"
"2026-06-26 13:43:48.523000000";"Ceris";"57384943000182";"Permissão";"SP";"Sudeste";"2016";"Expansão";"Planejamento Setorial";"149654,89";"137500,00"
"2026-06-26 13:43:48.523000000";"Ceris";"57384943000182";"Permissão";"SP";"Sudeste";"2016";"Melhoria";"Planejamento Setorial";"85242,00";"131100,00"
"2026-06-26 13:43:48.523000000";"Ceris";"57384943000182";"Permissão";"SP";"Sudeste";"2016";"Renovação";"Planejamento Setorial";"235316,19";"83250,00"
"2026-06-26 13:43:48.523000000";"Ceris";"57384943000182";"Permissão";"SP";"Sudeste";"2017";"Expansão";"Planejamento Setorial";"196908,22";"137400,00"
"2026-06-26 13:43:48.523000000";"Ceris";"57384943000182";"Permissão";"SP";"Sudeste";"2017";"Melhoria";"Planejamento Setorial";"106011,87";"111400,00"
"2026-06-26 13:43:48.523000000";"Ceris";"57384943000182";"Permissão";"SP";"Sudeste";"2017";"Renovação";"Planejamento Setorial";"126976,77";"102709,00"
"2026-06-26 13:43:48.523000000";"Ceris";"57384943000182";"Permissão";"SP";"Sudeste";"2018";"Expansão";"Planejamento Setorial";"131029,02";"130000,00"
"2026-06-26 13:43:48.523000000";"Ceris";"57384943000182";"Permissão";"SP";"Sudeste";"2018";"Melhoria";"Planejamento Setorial";"134026,09";"130000,00"
"2026-06-26 13:43:48.523000000";"Ceris";"57384943000182";"Permissão";"SP";"Sudeste";"2018";"Renovação";"Planejamento Setorial";"135275,93";"120000,00"
"2026-06-26 13:43:48.523000000";"Ceris";"57384943000182";"Permissão";"SP";"Sudeste";"2019";"Expansão";"Planejamento Setorial";"136690,56";"132000,00"
"2026-06-26 13:43:48.523000000";"Ceris";"57384943000182";"Permissão";"SP";"Sudeste";"2019";"Melhoria";"Planejamento Setorial";"208225,66";"195000,00"
"2026-06-26 13:43:48.523000000";"Ceris";"57384943000182";"Permissão";"SP";"Sudeste";"2019";"Renovação";"Planejamento Setorial";"205545,98";"173000,00"
"2026-06-26 13:43:48.523000000";"Ceris";"57384943000182";"Permissão";"SP";"Sudeste";"2020";"Expansão";"Planejamento Setorial";"188345,30";"130080,00"
"2026-06-26 13:43:48.523000000";"Ceris";"57384943000182";"Permissão";"SP";"Sudeste";"2020";"Melhoria";"Planejamento Setorial";"174475,11";"170000,00"
"2026-06-26 13:43:48.523000000";"Ceris";"57384943000182";"Permissão";"SP";"Sudeste";"2020";"Renovação";"Planejamento Setorial";"213525,42";"200010,00"
"2026-06-26 13:43:48.523000000";"Ceris";"57384943000182";"Permissão";"SP";"Sudeste";"2021";"Expansão";"Planejamento Setorial";"294743,17";"150000,00"
"2026-06-26 13:43:48.523000000";"Ceris";"57384943000182";"Permissão";"SP";"Sudeste";"2021";"Melhoria";"Planejamento Setorial";"338593,00";"284000,00"
"2026-06-26 13:43:48.523000000";"Ceris";"57384943000182";"Permissão";"SP";"Sudeste";"2021";"Renovação";"Planejamento Setorial";"390137,00";"326210,00"
"2026-06-26 13:43:48.523000000";"Ceris";"57384943000182";"Permissão";"SP";"Sudeste";"2022";"Expansão";"";"263019,39";"286400,00"
"2026-06-26 13:43:48.523000000";"Ceris";"57384943000182";"Permissão";"SP";"Sudeste";"2022";"Melhoria";"";"601816,55";"552000,00"
"2026-06-26 13:43:48.523000000";"Ceris";"57384943000182";"Permissão";"SP";"Sudeste";"2022";"Renovação";"";"314784,43";"265000,00"
"2026-06-26 13:43:48.523000000";"Ceris";"57384943000182";"Permissão";"SP";"Sudeste";"2023";"Expansão";"";"231217,49";"283950,00"
"2026-06-26 13:43:48.523000000";"Ceris";"57384943000182";"Permissão";"SP";"Sudeste";"2023";"Melhoria";"";"564309,76";"563000,00"
"2026-06-26 13:43:48.523000000";"Ceris";"57384943000182";"Permissão";"SP";"Sudeste";"2023";"Renovação";"";"417225,06";"388120,00"
"2026-06-26 13:43:48.523000000";"Ceris";"57384943000182";"Permissão";"SP";"Sudeste";"2024";"Expansão";"";"258807,34";"290000,00"
"2026-06-26 13:43:48.523000000";"Ceris";"57384943000182";"Permissão";"SP";"Sudeste";"2024";"Melhoria";"";"557531,95";"580400,00"
"2026-06-26 13:43:48.523000000";"Ceris";"57384943000182";"Permissão";"SP";"Sudeste";"2024";"Renovação";"";"435205,70";"485100,00"
"2026-06-26 13:43:48.523000000";"Ceris";"57384943000182";"Permissão";"SP";"Sudeste";"2025";"Expansão";"";"248097,20";"245070,00"
"2026-06-26 13:43:48.523000000";"Ceris";"57384943000182";"Permissão";"SP";"Sudeste";"2025";"Melhoria";"";"386453,70";"387000,00"
"2026-06-26 13:43:48.523000000";"Ceris";"57384943000182";"Permissão";"SP";"Sudeste";"2025";"Renovação";"";"501525,07";"425070,00"
"2026-06-26 13:43:48.523000000";"Ceris";"57384943000182";"Permissão";"SP";"Sudeste";"2026";"Expansão";"";",00";"245210,00"
"2026-06-26 13:43:48.523000000";"Ceris";"57384943000182";"Permissão";"SP";"Sudeste";"2026";"Melhoria";"";",00";"423000,00"
"2026-06-26 13:43:48.523000000";"Ceris";"57384943000182";"Permissão";"SP";"Sudeste";"2026";"Renovação";"";",00";"432140,00"
"2026-06-26 13:43:48.523000000";"Ceris";"57384943000182";"Permissão";"SP";"Sudeste";"2027";"Expansão";"";",00";"245210,00"
"2026-06-26 13:43:48.523000000";"Ceris";"57384943000182";"Permissão";"SP";"Sudeste";"2027";"Melhoria";"";",00";"423000,00"
"2026-06-26 13:43:48.523000000";"Ceris";"57384943000182";"Permissão";"SP";"Sudeste";"2027";"Renovação";"";",00";"432140,00"
"2026-06-26 13:43:48.523000000";"Ceris";"57384943000182";"Permissão";"SP";"Sudeste";"2028";"Expansão";"";",00";"245210,00"
"2026-06-26 13:43:48.523000000";"Ceris";"57384943000182";"Permissão";"SP";"Sudeste";"2028";"Melhoria";"";",00";"423000,00"
"2026-06-26 13:43:48.523000000";"Ceris";"57384943000182";"Permissão";"SP";"Sudeste";"2028";"Renovação";"";",00";"432140,00"
"2026-06-26 13:43:48.523000000";"Ceris";"57384943000182";"Permissão";"SP";"Sudeste";"2029";"Expansão";"";",00";"245210,00"
"2026-06-26 13:43:48.523000000";"Ceris";"57384943000182";"Permissão";"SP";"Sudeste";"2029";"Melhoria";"";",00";"423000,00"
"2026-06-26 13:43:48.523000000";"Ceris";"57384943000182";"Permissão";"SP";"Sudeste";"2029";"Renovação";"";",00";"432140,00"
"2026-06-26 13:43:48.523000000";"Ceris";"57384943000182";"Permissão";"SP";"Sudeste";"2030";"Expansão";"";",00";"245210,00"
"2026-06-26 13:43:48.523000000";"Ceris";"57384943000182";"Permissão";"SP";"Sudeste";"2030";"Melhoria";"";",00";"423000,00"
"2026-06-26 13:43:48.523000000";"Ceris";"57384943000182";"Permissão";"SP";"Sudeste";"2030";"Renovação";"";",00";"432140,00"
"2026-06-26 13:43:48.523000000";"Cermc";"52548732000114";"Permissão";"SP";"Sudeste";"2016";"Expansão";"";"301858,31";"290664,52"
"2026-06-26 13:43:48.523000000";"Cermc";"52548732000114";"Permissão";"SP";"Sudeste";"2016";"Expansão";"Obra com Participação Financeira";"6858,77";"7001,11"
"2026-06-26 13:43:48.523000000";"Cermc";"52548732000114";"Permissão";"SP";"Sudeste";"2016";"Melhoria";"";"54262,24";"50816,80"
"2026-06-26 13:43:48.523000000";"Cermc";"52548732000114";"Permissão";"SP";"Sudeste";"2016";"Melhoria";"Obra com Participação Financeira";"4181,48";"3701,08"
"2026-06-26 13:43:48.523000000";"Cermc";"52548732000114";"Permissão";"SP";"Sudeste";"2016";"Renovação";"";"94669,79";"180872,40"
"2026-06-26 13:43:48.523000000";"Cermc";"52548732000114";"Permissão";"SP";"Sudeste";"2017";"Expansão";"";"77880,90";"161592,39"
"2026-06-26 13:43:48.523000000";"Cermc";"52548732000114";"Permissão";"SP";"Sudeste";"2017";"Melhoria";"";"15350,75";"181978,18"
"2026-06-26 13:43:48.523000000";"Cermc";"52548732000114";"Permissão";"SP";"Sudeste";"2017";"Renovação";"";"91738,58";"221066,13"
"2026-06-26 13:43:48.523000000";"Cermc";"52548732000114";"Permissão";"SP";"Sudeste";"2018";"Expansão";"";"80663,84";"126627,41"
"2026-06-26 13:43:48.523000000";"Cermc";"52548732000114";"Permissão";"SP";"Sudeste";"2018";"Melhoria";"";"83252,00";"202051,13"
"2026-06-26 13:43:48.523000000";"Cermc";"52548732000114";"Permissão";"SP";"Sudeste";"2018";"Renovação";"";"102428,03";"230104,65"
"2026-06-26 13:43:48.523000000";"Cermc";"52548732000114";"Permissão";"SP";"Sudeste";"2019";"Expansão";"";"129142,11";"199266,95"
"2026-06-26 13:43:48.523000000";"Cermc";"52548732000114";"Permissão";"SP";"Sudeste";"2019";"Melhoria";"";"141420,99";"237497,73"
"2026-06-26 13:43:48.523000000";"Cermc";"52548732000114";"Permissão";"SP";"Sudeste";"2019";"Renovação";"";"223346,63";"206151,33"
"2026-06-26 13:43:48.523000000";"Cermc";"52548732000114";"Permissão";"SP";"Sudeste";"2020";"Expansão";"";"57670,25";"202520,00"
"2026-06-26 13:43:48.523000000";"Cermc";"52548732000114";"Permissão";"SP";"Sudeste";"2020";"Melhoria";"";"166938,65";"235451,00"
"2026-06-26 13:43:48.523000000";"Cermc";"52548732000114";"Permissão";"SP";"Sudeste";"2020";"Renovação";"";"123557,24";"309767,97"
"2026-06-26 13:43:48.523000000";"Cermc";"52548732000114";"Permissão";"SP";"Sudeste";"2021";"Expansão";"";"93189,91";"50352,00"
"2026-06-26 13:43:48.523000000";"Cermc";"52548732000114";"Permissão";"SP";"Sudeste";"2021";"Expansão";"Planejamento Setorial";"23224,21";"20277,00"
"2026-06-26 13:43:48.523000000";"Cermc";"52548732000114";"Permissão";"SP";"Sudeste";"2021";"Melhoria";"";"96690,32";"195969,01"
"2026-06-26 13:43:48.523000000";"Cermc";"52548732000114";"Permissão";"SP";"Sudeste";"2021";"Melhoria";"Planejamento Setorial";"352011,17";"202038,99"
"2026-06-26 13:43:48.523000000";"Cermc";"52548732000114";"Permissão";"SP";"Sudeste";"2021";"Renovação";"";"65633,91";"72778,00"
"2026-06-26 13:43:48.523000000";"Cermc";"52548732000114";"Permissão";"SP";"Sudeste";"2021";"Renovação";"Planejamento Setorial";"8243,13";"50482,00"
"2026-06-26 13:43:48.523000000";"Cermc";"52548732000114";"Permissão";"SP";"Sudeste";"2022";"Expansão";"Planejamento Setorial";"363436,71";"56600,00"
"2026-06-26 13:43:48.523000000";"Cermc";"52548732000114";"Permissão";"SP";"Sudeste";"2022";"Melhoria";"Planejamento Setorial";"97179,53";"187701,24"
"2026-06-26 13:43:48.523000000";"Cermc";"52548732000114";"Permissão";"SP";"Sudeste";"2022";"Renovação";"";"78836,54";"55700,00"
"2026-06-26 13:43:48.523000000";"Cermc";"52548732000114";"Permissão";"SP";"Sudeste";"2023";"Expansão";"Planejamento Setorial";"172910,88";"85001,05"
"2026-06-26 13:43:48.523000000";"Cermc";"52548732000114";"Permissão";"SP";"Sudeste";"2023";"Melhoria";"Planejamento Setorial";"312687,98";"209000,02"
"2026-06-26 13:43:48.523000000";"Cermc";"52548732000114";"Permissão";"SP";"Sudeste";"2023";"Renovação";"";"124546,30";"60000,00"
"2026-06-26 13:43:48.523000000";"Cermc";"52548732000114";"Permissão";"SP";"Sudeste";"2024";"Expansão";"Planejamento Setorial";",00";"110053,05"
"2026-06-26 13:43:48.523000000";"Cermc";"52548732000114";"Permissão";"SP";"Sudeste";"2024";"Melhoria";"";",00";"210007,55"
"2026-06-26 13:43:48.523000000";"Cermc";"52548732000114";"Permissão";"SP";"Sudeste";"2024";"Melhoria";"Planejamento Setorial";",00";"70000,01"
"2026-06-26 13:43:48.523000000";"Cermc";"52548732000114";"Permissão";"SP";"Sudeste";"2024";"Renovação";"";",00";"110021,00"
"2026-06-26 13:43:48.523000000";"Cermc";"52548732000114";"Permissão";"SP";"Sudeste";"2025";"Expansão";"Planejamento Setorial";"103189,43";",00"
"2026-06-26 13:43:48.523000000";"Cermc";"52548732000114";"Permissão";"SP";"Sudeste";"2025";"Melhoria";"Planejamento Setorial";"181024,89";",00"
"2026-06-26 13:43:48.523000000";"Cermc";"52548732000114";"Permissão";"SP";"Sudeste";"2025";"Renovação";"Planejamento Setorial";"159528,31";",00"
"2026-06-26 13:43:48.523000000";"Cermc";"52548732000114";"Permissão";"SP";"Sudeste";"2026";"Expansão";"Planejamento Setorial";",00";"271614,92"
"2026-06-26 13:43:48.523000000";"Cermc";"52548732000114";"Permissão";"SP";"Sudeste";"2026";"Melhoria";"Planejamento Setorial";",00";"382473,34"
"2026-06-26 13:43:48.523000000";"Cermc";"52548732000114";"Permissão";"SP";"Sudeste";"2026";"Renovação";"Planejamento Setorial";",00";"138135,03"
"2026-06-26 13:43:48.523000000";"Cermc";"52548732000114";"Permissão";"SP";"Sudeste";"2027";"Expansão";"Planejamento Setorial";",00";"175387,46"
"2026-06-26 13:43:48.523000000";"Cermc";"52548732000114";"Permissão";"SP";"Sudeste";"2027";"Melhoria";"Planejamento Setorial";",00";"247825,85"
"2026-06-26 13:43:48.523000000";"Cermc";"52548732000114";"Permissão";"SP";"Sudeste";"2027";"Renovação";"Planejamento Setorial";",00";"137340,50"
"2026-06-26 13:43:48.523000000";"Cermc";"52548732000114";"Permissão";"SP";"Sudeste";"2028";"Expansão";"Planejamento Setorial";",00";"124575,45"
"2026-06-26 13:43:48.523000000";"Cermc";"52548732000114";"Permissão";"SP";"Sudeste";"2028";"Melhoria";"Planejamento Setorial";",00";"267361,09"
"2026-06-26 13:43:48.523000000";"Cermc";"52548732000114";"Permissão";"SP";"Sudeste";"2028";"Renovação";"Planejamento Setorial";",00";"155992,20"
"2026-06-26 13:43:48.523000000";"Cermc";"52548732000114";"Permissão";"SP";"Sudeste";"2029";"Expansão";"Planejamento Setorial";",00";"172858,82"
"2026-06-26 13:43:48.523000000";"Cermc";"52548732000114";"Permissão";"SP";"Sudeste";"2029";"Melhoria";"Planejamento Setorial";",00";"251800,68"
"2026-06-26 13:43:48.523000000";"Cermc";"52548732000114";"Permissão";"SP";"Sudeste";"2029";"Renovação";"Planejamento Setorial";",00";"146165,46"
"2026-06-26 13:43:48.523000000";"Cermc";"52548732000114";"Permissão";"SP";"Sudeste";"2030";"Expansão";"Planejamento Setorial";",00";"141457,73"
"2026-06-26 13:43:48.523000000";"Cermc";"52548732000114";"Permissão";"SP";"Sudeste";"2030";"Melhoria";"Planejamento Setorial";",00";"270002,37"
"2026-06-26 13:43:48.523000000";"Cermc";"52548732000114";"Permissão";"SP";"Sudeste";"2030";"Renovação";"Planejamento Setorial";",00";"156370,12"
"2026-06-26 13:43:48.523000000";"Cermissões";"97081434000103";"Permissão";"RS";"Sul";"2016";"Expansão";"Obra com Participação Financeira";"1373310,41";"1298000,00"
"2026-06-26 13:43:48.523000000";"Cermissões";"97081434000103";"Permissão";"RS";"Sul";"2016";"Expansão";"Planejamento Setorial";"1743659,39";"2806746,35"
"2026-06-26 13:43:48.523000000";"Cermissões";"97081434000103";"Permissão";"RS";"Sul";"2016";"Melhoria";"Planejamento Setorial";"511961,23";"1350000,00"
"2026-06-26 13:43:48.523000000";"Cermissões";"97081434000103";"Permissão";"RS";"Sul";"2016";"Renovação";"Planejamento Setorial";"3604152,48";"385950,00"
"2026-06-26 13:43:48.523000000";"Cermissões";"97081434000103";"Permissão";"RS";"Sul";"2017";"Expansão";"Obra com Participação Financeira";"7242968,77";"420000,00"
"2026-06-26 13:43:48.523000000";"Cermissões";"97081434000103";"Permissão";"RS";"Sul";"2017";"Expansão";"Planejamento Setorial";"4308020,21";"8282140,44"
"2026-06-26 13:43:48.523000000";"Cermissões";"97081434000103";"Permissão";"RS";"Sul";"2017";"Melhoria";"Planejamento Setorial";"524029,82";"500000,00"
"2026-06-26 13:43:48.523000000";"Cermissões";"97081434000103";"Permissão";"RS";"Sul";"2017";"Renovação";"Planejamento Setorial";"2652832,50";"1235516,61"
"2026-06-26 13:43:48.523000000";"Cermissões";"97081434000103";"Permissão";"RS";"Sul";"2018";"Expansão";"";"22789300,71";"20571684,00"
"2026-06-26 13:43:48.523000000";"Cermissões";"97081434000103";"Permissão";"RS";"Sul";"2018";"Expansão";"Obra com Participação Financeira";"1663279,38";"773000,00"
"2026-06-26 13:43:48.523000000";"Cermissões";"97081434000103";"Permissão";"RS";"Sul";"2018";"Melhoria";"";"170225,99";"625000,00"
"2026-06-26 13:43:48.523000000";"Cermissões";"97081434000103";"Permissão";"RS";"Sul";"2018";"Renovação";"";"2228916,46";"1778528,32"
"2026-06-26 13:43:48.523000000";"Cermissões";"97081434000103";"Permissão";"RS";"Sul";"2019";"Expansão";"";"7278300,61";"6470231,96"
"2026-06-26 13:43:48.523000000";"Cermissões";"97081434000103";"Permissão";"RS";"Sul";"2019";"Expansão";"Obra com Participação Financeira";"632518,37";"483000,00"
"2026-06-26 13:43:48.523000000";"Cermissões";"97081434000103";"Permissão";"RS";"Sul";"2019";"Melhoria";"";"424458,39";"400000,00"
"2026-06-26 13:43:48.523000000";"Cermissões";"97081434000103";"Permissão";"RS";"Sul";"2019";"Renovação";"";"824479,11";"1016772,60"
"2026-06-26 13:43:48.523000000";"Cermissões";"97081434000103";"Permissão";"RS";"Sul";"2020";"Expansão";"";"4609878,49";"4796713,86"
"2026-06-26 13:43:48.523000000";"Cermissões";"97081434000103";"Permissão";"RS";"Sul";"2020";"Expansão";"Obra com Participação Financeira";"1087895,35";"1032025,46"
"2026-06-26 13:43:48.523000000";"Cermissões";"97081434000103";"Permissão";"RS";"Sul";"2020";"Melhoria";"";"511992,15";"420000,00"
"2026-06-26 13:43:48.523000000";"Cermissões";"97081434000103";"Permissão";"RS";"Sul";"2020";"Renovação";"";"671238,58";"879889,08"
"2026-06-26 13:43:48.523000000";"Cermissões";"97081434000103";"Permissão";"RS";"Sul";"2021";"Expansão";"";"8674685,11";"7309745,00"
"2026-06-26 13:43:48.523000000";"Cermissões";"97081434000103";"Permissão";"RS";"Sul";"2021";"Expansão";"Obra com Participação Financeira";"3303941,38";"2260000,00"
"2026-06-26 13:43:48.523000000";"Cermissões";"97081434000103";"Permissão";"RS";"Sul";"2021";"Melhoria";"";"1417334,37";"475000,00"
"2026-06-26 13:43:48.523000000";"Cermissões";"97081434000103";"Permissão";"RS";"Sul";"2021";"Renovação";"";"565228,35";"952682,60"
"2026-06-26 13:43:48.523000000";"Cermissões";"97081434000103";"Permissão";"RS";"Sul";"2022";"Expansão";"";"9741860,27";"8425848,25"
"2026-06-26 13:43:48.523000000";"Cermissões";"97081434000103";"Permissão";"RS";"Sul";"2022";"Expansão";"Obra com Participação Financeira";"6298767,19";"4915000,00"
"2026-06-26 13:43:48.523000000";"Cermissões";"97081434000103";"Permissão";"RS";"Sul";"2022";"Melhoria";"";"1519720,63";"750000,00"
"2026-06-26 13:43:48.523000000";"Cermissões";"97081434000103";"Permissão";"RS";"Sul";"2022";"Renovação";"";"1237681,11";"1020922,60"
"2026-06-26 13:43:48.523000000";"Cermissões";"97081434000103";"Permissão";"RS";"Sul";"2023";"Expansão";"";"11895868,15";"7835159,00"
"2026-06-26 13:43:48.523000000";"Cermissões";"97081434000103";"Permissão";"RS";"Sul";"2023";"Expansão";"Obra com Participação Financeira";"9394277,58";"8645000,00"
"2026-06-26 13:43:48.523000000";"Cermissões";"97081434000103";"Permissão";"RS";"Sul";"2023";"Melhoria";"";"669726,16";"1575000,00"
"2026-06-26 13:43:48.523000000";"Cermissões";"97081434000103";"Permissão";"RS";"Sul";"2023";"Renovação";"";"1320492,94";"1199922,60"
"2026-06-26 13:43:48.523000000";"Cermissões";"97081434000103";"Permissão";"RS";"Sul";"2024";"Expansão";"";"13624556,69";"16708509,00"
"2026-06-26 13:43:48.523000000";"Cermissões";"97081434000103";"Permissão";"RS";"Sul";"2024";"Expansão";"Obra com Participação Financeira";"4667235,22";"9775000,00"
"2026-06-26 13:43:48.523000000";"Cermissões";"97081434000103";"Permissão";"RS";"Sul";"2024";"Melhoria";"";"264617,14";"940000,00"
"2026-06-26 13:43:48.523000000";"Cermissões";"97081434000103";"Permissão";"RS";"Sul";"2024";"Renovação";"";"2083357,60";"1033592,60"
"2026-06-26 13:43:48.523000000";"Cermissões";"97081434000103";"Permissão";"RS";"Sul";"2025";"Expansão";"";",00";"15781663,34"
"2026-06-26 13:43:48.523000000";"Cermissões";"97081434000103";"Permissão";"RS";"Sul";"2025";"Expansão";"Obra com Participação Financeira";",00";"5265000,00"
"2026-06-26 13:43:48.523000000";"Cermissões";"97081434000103";"Permissão";"RS";"Sul";"2025";"Melhoria";"";",00";"940000,00"
"2026-06-26 13:43:48.523000000";"Cermissões";"97081434000103";"Permissão";"RS";"Sul";"2025";"Renovação";"";",00";"1033592,60"
"2026-06-26 13:43:48.523000000";"Cermoful";"86533346000170";"Permissão";"SC";"Sul";"2016";"Expansão";"";"205139,77";"283486,00"
"2026-06-26 13:43:48.523000000";"Cermoful";"86533346000170";"Permissão";"SC";"Sul";"2016";"Expansão";"Obra com Participação Financeira";"147373,48";",00"
"2026-06-26 13:43:48.523000000";"Cermoful";"86533346000170";"Permissão";"SC";"Sul";"2016";"Expansão";"Planejamento Setorial";"113394,81";"53622,00"
"2026-06-26 13:43:48.523000000";"Cermoful";"86533346000170";"Permissão";"SC";"Sul";"2016";"Melhoria";"";"214014,82";"527420,83"
"2026-06-26 13:43:48.523000000";"Cermoful";"86533346000170";"Permissão";"SC";"Sul";"2016";"Melhoria";"Obra com Participação Financeira";"2736,33";",00"
"2026-06-26 13:43:48.523000000";"Cermoful";"86533346000170";"Permissão";"SC";"Sul";"2016";"Melhoria";"Planejamento Setorial";"591536,43";",00"
"2026-06-26 13:43:48.523000000";"Cermoful";"86533346000170";"Permissão";"SC";"Sul";"2016";"Renovação";"Planejamento Setorial";"45417,66";"206437,55"
"2026-06-26 13:43:48.523000000";"Cermoful";"86533346000170";"Permissão";"SC";"Sul";"2017";"Expansão";"Obra com Participação Financeira";"94523,57";",00"
"2026-06-26 13:43:48.523000000";"Cermoful";"86533346000170";"Permissão";"SC";"Sul";"2017";"Expansão";"Planejamento Setorial";"134890,99";"307705,50"
"2026-06-26 13:43:48.523000000";"Cermoful";"86533346000170";"Permissão";"SC";"Sul";"2017";"Melhoria";"";"345761,40";"536387,76"
"2026-06-26 13:43:48.523000000";"Cermoful";"86533346000170";"Permissão";"SC";"Sul";"2017";"Melhoria";"Obra com Participação Financeira";"69056,98";",00"
"2026-06-26 13:43:48.523000000";"Cermoful";"86533346000170";"Permissão";"SC";"Sul";"2017";"Melhoria";"Planejamento Setorial";"16004,76";",00"
"2026-06-26 13:43:48.523000000";"Cermoful";"86533346000170";"Permissão";"SC";"Sul";"2017";"Renovação";"Planejamento Setorial";"125588,61";"76230,62"
"2026-06-26 13:43:48.523000000";"Cermoful";"86533346000170";"Permissão";"SC";"Sul";"2018";"Expansão";"Obra com Participação Financeira";"77352,33";",00"
"2026-06-26 13:43:48.523000000";"Cermoful";"86533346000170";"Permissão";"SC";"Sul";"2018";"Expansão";"Planejamento Setorial";"250584,15";"148250,15"
"2026-06-26 13:43:48.523000000";"Cermoful";"86533346000170";"Permissão";"SC";"Sul";"2018";"Melhoria";"";"195150,05";"263683,34"
"2026-06-26 13:43:48.523000000";"Cermoful";"86533346000170";"Permissão";"SC";"Sul";"2018";"Melhoria";"Obra com Participação Financeira";"23791,67";",00"
"2026-06-26 13:43:48.523000000";"Cermoful";"86533346000170";"Permissão";"SC";"Sul";"2018";"Melhoria";"Planejamento Setorial";"253933,37";"429233,31"
"2026-06-26 13:43:48.523000000";"Cermoful";"86533346000170";"Permissão";"SC";"Sul";"2018";"Renovação";"Planejamento Setorial";"145278,02";"100000,00"
"2026-06-26 13:43:48.523000000";"Cermoful";"86533346000170";"Permissão";"SC";"Sul";"2019";"Expansão";"Obra com Participação Financeira";"103104,29";",00"
"2026-06-26 13:43:48.523000000";"Cermoful";"86533346000170";"Permissão";"SC";"Sul";"2019";"Expansão";"Planejamento Setorial";"443484,74";"485812,67"
"2026-06-26 13:43:48.523000000";"Cermoful";"86533346000170";"Permissão";"SC";"Sul";"2019";"Melhoria";"Obra com Participação Financeira";"144179,74";",00"
"2026-06-26 13:43:48.523000000";"Cermoful";"86533346000170";"Permissão";"SC";"Sul";"2019";"Melhoria";"Planejamento Setorial";"450061,74";"492764,34"
"2026-06-26 13:43:48.523000000";"Cermoful";"86533346000170";"Permissão";"SC";"Sul";"2020";"Expansão";"Obra com Participação Financeira";"115808,72";",00"
"2026-06-26 13:43:48.523000000";"Cermoful";"86533346000170";"Permissão";"SC";"Sul";"2020";"Expansão";"Planejamento Setorial";"403354,38";"337612,93"
"2026-06-26 13:43:48.523000000";"Cermoful";"86533346000170";"Permissão";"SC";"Sul";"2020";"Melhoria";"";"123393,88";"123393,88"
"2026-06-26 13:43:48.523000000";"Cermoful";"86533346000170";"Permissão";"SC";"Sul";"2020";"Melhoria";"Obra com Participação Financeira";"96000,64";",00"
"2026-06-26 13:43:48.523000000";"Cermoful";"86533346000170";"Permissão";"SC";"Sul";"2020";"Melhoria";"Planejamento Setorial";"115984,04";"1011330,25"
"2026-06-26 13:43:48.523000000";"Cermoful";"86533346000170";"Permissão";"SC";"Sul";"2020";"Renovação";"Planejamento Setorial";"186493,15";"106781,92"
"2026-06-26 13:43:48.523000000";"Cermoful";"86533346000170";"Permissão";"SC";"Sul";"2021";"Expansão";"Obra com Participação Financeira";"202245,63";",00"
"2026-06-26 13:43:48.523000000";"Cermoful";"86533346000170";"Permissão";"SC";"Sul";"2021";"Expansão";"Planejamento Setorial";"610546,09";"339243,13"
"2026-06-26 13:43:48.523000000";"Cermoful";"86533346000170";"Permissão";"SC";"Sul";"2021";"Melhoria";"";"239346,65";"123393,88"
"2026-06-26 13:43:48.523000000";"Cermoful";"86533346000170";"Permissão";"SC";"Sul";"2021";"Melhoria";"Obra com Participação Financeira";"27574,28";",00"
"2026-06-26 13:43:48.523000000";"Cermoful";"86533346000170";"Permissão";"SC";"Sul";"2021";"Melhoria";"Planejamento Setorial";"297971,85";"267109,59"
"2026-06-26 13:43:48.523000000";"Cermoful";"86533346000170";"Permissão";"SC";"Sul";"2021";"Renovação";"Planejamento Setorial";"119873,87";"109931,98"
"2026-06-26 13:43:48.523000000";"Cermoful";"86533346000170";"Permissão";"SC";"Sul";"2022";"Expansão";"Planejamento Setorial";"830977,90";"17820814,70"
"2026-06-26 13:43:48.523000000";"Cermoful";"86533346000170";"Permissão";"SC";"Sul";"2022";"Melhoria";"Planejamento Setorial";"1188278,37";"670409,53"
"2026-06-26 13:43:48.523000000";"Cermoful";"86533346000170";"Permissão";"SC";"Sul";"2022";"Renovação";"Planejamento Setorial";"374819,59";"209000,00"
"2026-06-26 13:43:48.523000000";"Cermoful";"86533346000170";"Permissão";"SC";"Sul";"2023";"Expansão";"Obra com Participação Financeira";"284602,84";",00"
"2026-06-26 13:43:48.523000000";"Cermoful";"86533346000170";"Permissão";"SC";"Sul";"2023";"Expansão";"Planejamento Setorial";"24874640,56";"27144950,44"
"2026-06-26 13:43:48.523000000";"Cermoful";"86533346000170";"Permissão";"SC";"Sul";"2023";"Melhoria";"";",00";"5631,78"
"2026-06-26 13:43:48.523000000";"Cermoful";"86533346000170";"Permissão";"SC";"Sul";"2023";"Melhoria";"Obra com Participação Financeira";"18491,08";",00"
"2026-06-26 13:43:48.523000000";"Cermoful";"86533346000170";"Permissão";"SC";"Sul";"2023";"Melhoria";"Planejamento Setorial";"368741,86";"294433,92"
"2026-06-26 13:43:48.523000000";"Cermoful";"86533346000170";"Permissão";"SC";"Sul";"2024";"Expansão";"Obra com Participação Financeira";"426801,36";",00"
"2026-06-26 13:43:48.523000000";"Cermoful";"86533346000170";"Permissão";"SC";"Sul";"2024";"Expansão";"Planejamento Setorial";"1279327,03";"3497603,73"
"2026-06-26 13:43:48.523000000";"Cermoful";"86533346000170";"Permissão";"SC";"Sul";"2024";"Melhoria";"";"6052,03";"5631,78"
"2026-06-26 13:43:48.523000000";"Cermoful";"86533346000170";"Permissão";"SC";"Sul";"2024";"Melhoria";"Obra com Participação Financeira";"414813,45";",00"
"2026-06-26 13:43:48.523000000";"Cermoful";"86533346000170";"Permissão";"SC";"Sul";"2024";"Melhoria";"Planejamento Setorial";"807483,00";"192250,51"
"2026-06-26 13:43:48.523000000";"Cermoful";"86533346000170";"Permissão";"SC";"Sul";"2024";"Renovação";"Planejamento Setorial";"253136,13";"309000,00"
"2026-06-26 13:43:48.523000000";"Cermoful";"86533346000170";"Permissão";"SC";"Sul";"2025";"Expansão";"Obra com Participação Financeira";"338919,77";"138843,10"
"2026-06-26 13:43:48.523000000";"Cermoful";"86533346000170";"Permissão";"SC";"Sul";"2025";"Expansão";"Planejamento Setorial";"941811,47";"4198944,48"
"2026-06-26 13:43:48.523000000";"Cermoful";"86533346000170";"Permissão";"SC";"Sul";"2025";"Melhoria";"Planejamento Setorial";"1292655,64";"522181,44"
"2026-06-26 13:43:48.523000000";"Cermoful";"86533346000170";"Permissão";"SC";"Sul";"2025";"Renovação";"Planejamento Setorial";"376226,05";"286000,00"
"2026-06-26 13:43:48.523000000";"Cermoful";"86533346000170";"Permissão";"SC";"Sul";"2026";"Expansão";"Obra com Participação Financeira";",00";"192500,81"
"2026-06-26 13:43:48.523000000";"Cermoful";"86533346000170";"Permissão";"SC";"Sul";"2026";"Expansão";"Planejamento Setorial";",00";"5943356,19"
"2026-06-26 13:43:48.523000000";"Cermoful";"86533346000170";"Permissão";"SC";"Sul";"2026";"Melhoria";"Obra com Participação Financeira";",00";"101469,69"
"2026-06-26 13:43:48.523000000";"Cermoful";"86533346000170";"Permissão";"SC";"Sul";"2026";"Melhoria";"Planejamento Setorial";",00";"87636,13"
"2026-06-26 13:43:48.523000000";"Cermoful";"86533346000170";"Permissão";"SC";"Sul";"2026";"Renovação";"Planejamento Setorial";",00";"296403,63"
"2026-06-26 13:43:48.523000000";"Cermoful";"86533346000170";"Permissão";"SC";"Sul";"2027";"Expansão";"Planejamento Setorial";",00";"3592397,33"
"2026-06-26 13:43:48.523000000";"Cermoful";"86533346000170";"Permissão";"SC";"Sul";"2027";"Renovação";"Planejamento Setorial";",00";"152830,16"
"2026-06-26 13:43:48.523000000";"Cermoful";"86533346000170";"Permissão";"SC";"Sul";"2028";"Expansão";"";",00";"127980,45"
"2026-06-26 13:43:48.523000000";"Cermoful";"86533346000170";"Permissão";"SC";"Sul";"2028";"Expansão";"Planejamento Setorial";",00";"13817968,35"
"2026-06-26 13:43:48.523000000";"Cermoful";"86533346000170";"Permissão";"SC";"Sul";"2029";"Expansão";"Planejamento Setorial";",00";"1964790,00"
"2026-06-26 13:43:48.523000000";"Cermoful";"86533346000170";"Permissão";"SC";"Sul";"2029";"Renovação";"Planejamento Setorial";",00";"225932,14"
"2026-06-26 13:43:48.523000000";"Cermoful";"86533346000170";"Permissão";"SC";"Sul";"2030";"Expansão";"Planejamento Setorial";",00";"3267832,54"
"2026-06-26 13:43:48.523000000";"Cermoful";"86533346000170";"Permissão";"SC";"Sul";"2030";"Renovação";"Planejamento Setorial";",00";"225932,14"
"2026-06-26 13:43:48.523000000";"Cernhe";"53176038000186";"Permissão";"SP";"Sudeste";"2016";"Expansão";"";"181800,89";",00"
"2026-06-26 13:43:48.523000000";"Cernhe";"53176038000186";"Permissão";"SP";"Sudeste";"2016";"Expansão";"Obra com Participação Financeira";"53984,92";"58115,80"
"2026-06-26 13:43:48.523000000";"Cernhe";"53176038000186";"Permissão";"SP";"Sudeste";"2016";"Expansão";"Planejamento Setorial";"181800,89";"153123,70"
"2026-06-26 13:43:48.523000000";"Cernhe";"53176038000186";"Permissão";"SP";"Sudeste";"2016";"Melhoria";"";"378512,25";",00"
"2026-06-26 13:43:48.523000000";"Cernhe";"53176038000186";"Permissão";"SP";"Sudeste";"2016";"Melhoria";"Planejamento Setorial";"359096,40";"444629,77"
"2026-06-26 13:43:48.523000000";"Cernhe";"53176038000186";"Permissão";"SP";"Sudeste";"2016";"Renovação";"";"402609,22";",00"
"2026-06-26 13:43:48.523000000";"Cernhe";"53176038000186";"Permissão";"SP";"Sudeste";"2016";"Renovação";"Planejamento Setorial";"402609,22";"208313,54"
"2026-06-26 13:43:48.523000000";"Cernhe";"53176038000186";"Permissão";"SP";"Sudeste";"2017";"Expansão";"";"145139,20";"189644,16"
"2026-06-26 13:43:48.523000000";"Cernhe";"53176038000186";"Permissão";"SP";"Sudeste";"2017";"Expansão";"Obra com Participação Financeira";"45898,89";"60939,70"
"2026-06-26 13:43:48.523000000";"Cernhe";"53176038000186";"Permissão";"SP";"Sudeste";"2017";"Melhoria";"";"824750,08";"894721,49"
"2026-06-26 13:43:48.523000000";"Cernhe";"53176038000186";"Permissão";"SP";"Sudeste";"2017";"Renovação";"";"397206,38";"394627,10"
"2026-06-26 13:43:48.523000000";"Cernhe";"53176038000186";"Permissão";"SP";"Sudeste";"2018";"Expansão";"";"845905,03";"146229,68"
"2026-06-26 13:43:48.523000000";"Cernhe";"53176038000186";"Permissão";"SP";"Sudeste";"2018";"Expansão";"Obra com Participação Financeira";"240750,22";"48293,00"
"2026-06-26 13:43:48.523000000";"Cernhe";"53176038000186";"Permissão";"SP";"Sudeste";"2018";"Melhoria";"";"602333,67";"623271,30"
"2026-06-26 13:43:48.523000000";"Cernhe";"53176038000186";"Permissão";"SP";"Sudeste";"2018";"Renovação";"";"141083,85";"251965,65"
"2026-06-26 13:43:48.523000000";"Cernhe";"53176038000186";"Permissão";"SP";"Sudeste";"2019";"Expansão";"";"838300,14";"803105,87"
"2026-06-26 13:43:48.523000000";"Cernhe";"53176038000186";"Permissão";"SP";"Sudeste";"2019";"Expansão";"Obra com Participação Financeira";"243403,00";"48293,00"
"2026-06-26 13:43:48.523000000";"Cernhe";"53176038000186";"Permissão";"SP";"Sudeste";"2019";"Melhoria";"";"381034,02";"454107,36"
"2026-06-26 13:43:48.523000000";"Cernhe";"53176038000186";"Permissão";"SP";"Sudeste";"2019";"Renovação";"";"367548,14";"429105,47"
"2026-06-26 13:43:48.523000000";"Cernhe";"53176038000186";"Permissão";"SP";"Sudeste";"2020";"Expansão";"";"981105,05";"1547466,96"
"2026-06-26 13:43:48.523000000";"Cernhe";"53176038000186";"Permissão";"SP";"Sudeste";"2020";"Expansão";"Obra com Participação Financeira";"179412,08";"205654,82"
"2026-06-26 13:43:48.523000000";"Cernhe";"53176038000186";"Permissão";"SP";"Sudeste";"2020";"Melhoria";"";"428037,35";"804401,06"
"2026-06-26 13:43:48.523000000";"Cernhe";"53176038000186";"Permissão";"SP";"Sudeste";"2020";"Renovação";"";"141530,24";"257374,13"
"2026-06-26 13:43:48.523000000";"Cernhe";"53176038000186";"Permissão";"SP";"Sudeste";"2021";"Expansão";"";"660145,54";"430596,36"
"2026-06-26 13:43:48.523000000";"Cernhe";"53176038000186";"Permissão";"SP";"Sudeste";"2021";"Expansão";"Obra com Participação Financeira";"395145,43";"166367,42"
"2026-06-26 13:43:48.523000000";"Cernhe";"53176038000186";"Permissão";"SP";"Sudeste";"2021";"Melhoria";"";"917667,21";"656451,70"
"2026-06-26 13:43:48.523000000";"Cernhe";"53176038000186";"Permissão";"SP";"Sudeste";"2021";"Renovação";"";"360844,82";"394525,89"
"2026-06-26 13:43:48.523000000";"Cernhe";"53176038000186";"Permissão";"SP";"Sudeste";"2022";"Expansão";"";"628734,86";"758659,14"
"2026-06-26 13:43:48.523000000";"Cernhe";"53176038000186";"Permissão";"SP";"Sudeste";"2022";"Expansão";"Obra com Participação Financeira";"587468,04";"371670,30"
"2026-06-26 13:43:48.523000000";"Cernhe";"53176038000186";"Permissão";"SP";"Sudeste";"2022";"Melhoria";"";"318230,76";"942293,68"
"2026-06-26 13:43:48.523000000";"Cernhe";"53176038000186";"Permissão";"SP";"Sudeste";"2022";"Renovação";"";"365435,29";"317683,55"
"2026-06-26 13:43:48.523000000";"Cernhe";"53176038000186";"Permissão";"SP";"Sudeste";"2023";"Expansão";"";"844273,48";"664789,71"
"2026-06-26 13:43:48.523000000";"Cernhe";"53176038000186";"Permissão";"SP";"Sudeste";"2023";"Expansão";"Obra com Participação Financeira";"506672,09";"278370,30"
"2026-06-26 13:43:48.523000000";"Cernhe";"53176038000186";"Permissão";"SP";"Sudeste";"2023";"Melhoria";"";"745797,16";"688838,40"
"2026-06-26 13:43:48.523000000";"Cernhe";"53176038000186";"Permissão";"SP";"Sudeste";"2023";"Renovação";"";"918536,91";"276403,00"
"2026-06-26 13:43:48.523000000";"Cernhe";"53176038000186";"Permissão";"SP";"Sudeste";"2024";"Expansão";"";"1182213,89";"1029377,46"
"2026-06-26 13:43:48.523000000";"Cernhe";"53176038000186";"Permissão";"SP";"Sudeste";"2024";"Expansão";"Obra com Participação Financeira";"266905,83";"373574,83"
"2026-06-26 13:43:48.523000000";"Cernhe";"53176038000186";"Permissão";"SP";"Sudeste";"2024";"Melhoria";"";"974627,31";"1497936,84"
"2026-06-26 13:43:48.523000000";"Cernhe";"53176038000186";"Permissão";"SP";"Sudeste";"2024";"Renovação";"";"618695,83";"620253,96"
"2026-06-26 13:43:48.523000000";"Cernhe";"53176038000186";"Permissão";"SP";"Sudeste";"2025";"Expansão";"";"1131934,19";"1604569,40"
"2026-06-26 13:43:48.523000000";"Cernhe";"53176038000186";"Permissão";"SP";"Sudeste";"2025";"Expansão";"Obra com Participação Financeira";"1685215,20";"299564,58"
"2026-06-26 13:43:48.523000000";"Cernhe";"53176038000186";"Permissão";"SP";"Sudeste";"2025";"Melhoria";"";"2797068,63";"2444369,50"
"2026-06-26 13:43:48.523000000";"Cernhe";"53176038000186";"Permissão";"SP";"Sudeste";"2025";"Renovação";"";"573665,87";"652715,01"
"2026-06-26 13:43:48.523000000";"Cernhe";"53176038000186";"Permissão";"SP";"Sudeste";"2026";"Expansão";"";",00";"1068127,20"
"2026-06-26 13:43:48.523000000";"Cernhe";"53176038000186";"Permissão";"SP";"Sudeste";"2026";"Expansão";"Obra com Participação Financeira";",00";"1409807,30"
"2026-06-26 13:43:48.523000000";"Cernhe";"53176038000186";"Permissão";"SP";"Sudeste";"2026";"Melhoria";"";",00";"3475963,89"
"2026-06-26 13:43:48.523000000";"Cernhe";"53176038000186";"Permissão";"SP";"Sudeste";"2026";"Renovação";"";",00";"710736,50"
"2026-06-26 13:43:48.523000000";"Cernhe";"53176038000186";"Permissão";"SP";"Sudeste";"2027";"Expansão";"";",00";"1136504,47"
"2026-06-26 13:43:48.523000000";"Cernhe";"53176038000186";"Permissão";"SP";"Sudeste";"2027";"Expansão";"Obra com Participação Financeira";",00";"1726215,05"
"2026-06-26 13:43:48.523000000";"Cernhe";"53176038000186";"Permissão";"SP";"Sudeste";"2027";"Melhoria";"";",00";"3185993,43"
"2026-06-26 13:43:48.523000000";"Cernhe";"53176038000186";"Permissão";"SP";"Sudeste";"2027";"Renovação";"";",00";"805234,85"
"2026-06-26 13:43:48.523000000";"Cernhe";"53176038000186";"Permissão";"SP";"Sudeste";"2028";"Expansão";"";",00";"1822258,47"
"2026-06-26 13:43:48.523000000";"Cernhe";"53176038000186";"Permissão";"SP";"Sudeste";"2028";"Expansão";"Obra com Participação Financeira";",00";"1574727,97"
"2026-06-26 13:43:48.523000000";"Cernhe";"53176038000186";"Permissão";"SP";"Sudeste";"2028";"Melhoria";"";",00";"2695776,39"
"2026-06-26 13:43:48.523000000";"Cernhe";"53176038000186";"Permissão";"SP";"Sudeste";"2028";"Renovação";"";",00";"843857,47"
"2026-06-26 13:43:48.523000000";"Cernhe";"53176038000186";"Permissão";"SP";"Sudeste";"2029";"Expansão";"";",00";"1870736,28"
"2026-06-26 13:43:48.523000000";"Cernhe";"53176038000186";"Permissão";"SP";"Sudeste";"2029";"Expansão";"Obra com Participação Financeira";",00";"1621293,96"
"2026-06-26 13:43:48.523000000";"Cernhe";"53176038000186";"Permissão";"SP";"Sudeste";"2029";"Melhoria";"";",00";"2603447,24"
"2026-06-26 13:43:48.523000000";"Cernhe";"53176038000186";"Permissão";"SP";"Sudeste";"2029";"Renovação";"";",00";"923354,32"
"2026-06-26 13:43:48.523000000";"Cernhe";"53176038000186";"Permissão";"SP";"Sudeste";"2030";"Expansão";"";",00";"1543662,06"
"2026-06-26 13:43:48.523000000";"Cernhe";"53176038000186";"Permissão";"SP";"Sudeste";"2030";"Expansão";"Obra com Participação Financeira";",00";"1660206,13"
"2026-06-26 13:43:48.523000000";"Cernhe";"53176038000186";"Permissão";"SP";"Sudeste";"2030";"Melhoria";"";",00";"2988877,06"
"2026-06-26 13:43:48.523000000";"Cernhe";"53176038000186";"Permissão";"SP";"Sudeste";"2030";"Renovação";"";",00";"928315,74"
"2026-06-26 13:43:48.523000000";"Cerpalo";"85318640000105";"Permissão";"SC";"Sul";"2016";"Expansão";"";"1453455,34";"1717222,10"
"2026-06-26 13:43:48.523000000";"Cerpalo";"85318640000105";"Permissão";"SC";"Sul";"2016";"Melhoria";"";"476509,74";"461543,00"
"2026-06-26 13:43:48.523000000";"Cerpalo";"85318640000105";"Permissão";"SC";"Sul";"2016";"Melhoria";"Planejamento Setorial";"91677,50";"281349,00"
"2026-06-26 13:43:48.523000000";"Cerpalo";"85318640000105";"Permissão";"SC";"Sul";"2017";"Expansão";"";"1570635,46";"2395035,00"
"2026-06-26 13:43:48.523000000";"Cerpalo";"85318640000105";"Permissão";"SC";"Sul";"2017";"Melhoria";"";"935843,15";"181418,00"
"2026-06-26 13:43:48.523000000";"Cerpalo";"85318640000105";"Permissão";"SC";"Sul";"2018";"Expansão";"";"1094694,00";"4150637,18"
"2026-06-26 13:43:48.523000000";"Cerpalo";"85318640000105";"Permissão";"SC";"Sul";"2018";"Melhoria";"";"1522368,00";"832110,00"
"2026-06-26 13:43:48.523000000";"Cerpalo";"85318640000105";"Permissão";"SC";"Sul";"2019";"Expansão";"";"3791017,28";"3421290,68"
"2026-06-26 13:43:48.523000000";"Cerpalo";"85318640000105";"Permissão";"SC";"Sul";"2019";"Melhoria";"";"962833,26";"190453,00"
"2026-06-26 13:43:48.523000000";"Cerpalo";"85318640000105";"Permissão";"SC";"Sul";"2020";"Expansão";"";"495100,60";"575268,00"
"2026-06-26 13:43:48.523000000";"Cerpalo";"85318640000105";"Permissão";"SC";"Sul";"2020";"Melhoria";"";"653471,90";"211703,00"
"2026-06-26 13:43:48.523000000";"Cerpalo";"85318640000105";"Permissão";"SC";"Sul";"2021";"Expansão";"";"672485,59";"480405,50"
"2026-06-26 13:43:48.523000000";"Cerpalo";"85318640000105";"Permissão";"SC";"Sul";"2021";"Melhoria";"";"1036684,00";"517401,00"
"2026-06-26 13:43:48.523000000";"Cerpalo";"85318640000105";"Permissão";"SC";"Sul";"2022";"Expansão";"";"1388147,32";"913032,00"
"2026-06-26 13:43:48.523000000";"Cerpalo";"85318640000105";"Permissão";"SC";"Sul";"2022";"Melhoria";"";"960384,00";"1003284,50"
"2026-06-26 13:43:48.523000000";"Cerpalo";"85318640000105";"Permissão";"SC";"Sul";"2023";"Expansão";"";"14416672,29";"14970809,61"
"2026-06-26 13:43:48.523000000";"Cerpalo";"85318640000105";"Permissão";"SC";"Sul";"2023";"Expansão";"Planejamento Setorial";"40688,02";"82785,00"
"2026-06-26 13:43:48.523000000";"Cerpalo";"85318640000105";"Permissão";"SC";"Sul";"2023";"Melhoria";"";"1694964,55";"1397336,72"
"2026-06-26 13:43:48.523000000";"Cerpalo";"85318640000105";"Permissão";"SC";"Sul";"2024";"Expansão";"";"887299,96";"873496,60"
"2026-06-26 13:43:48.523000000";"Cerpalo";"85318640000105";"Permissão";"SC";"Sul";"2024";"Expansão";"Planejamento Setorial";"46255,15";"45882,00"
"2026-06-26 13:43:48.523000000";"Cerpalo";"85318640000105";"Permissão";"SC";"Sul";"2024";"Melhoria";"";"1313660,82";"999576,34"
"2026-06-26 13:43:48.523000000";"Cerpalo";"85318640000105";"Permissão";"SC";"Sul";"2025";"Expansão";"";"380027,29";"380027,28"
"2026-06-26 13:43:48.523000000";"Cerpalo";"85318640000105";"Permissão";"SC";"Sul";"2025";"Expansão";"Obra com Participação Financeira";"49507,69";"48566,82"
"2026-06-26 13:43:48.523000000";"Cerpalo";"85318640000105";"Permissão";"SC";"Sul";"2025";"Expansão";"Planejamento Setorial";"460022,50";"454353,93"
"2026-06-26 13:43:48.523000000";"Cerpalo";"85318640000105";"Permissão";"SC";"Sul";"2025";"Melhoria";"";"3353,51";"3353,51"
"2026-06-26 13:43:48.523000000";"Cerpalo";"85318640000105";"Permissão";"SC";"Sul";"2025";"Melhoria";"Planejamento Setorial";"1217463,15";"1060109,64"
"2026-06-26 13:43:48.523000000";"Cerpalo";"85318640000105";"Permissão";"SC";"Sul";"2025";"Renovação";"Planejamento Setorial";"369440,28";"369440,28"
"2026-06-26 13:43:48.523000000";"Cerpalo";"85318640000105";"Permissão";"SC";"Sul";"2026";"Expansão";"";",00";"380027,28"
"2026-06-26 13:43:48.523000000";"Cerpalo";"85318640000105";"Permissão";"SC";"Sul";"2026";"Expansão";"Planejamento Setorial";",00";"3420392,05"
"2026-06-26 13:43:48.523000000";"Cerpalo";"85318640000105";"Permissão";"SC";"Sul";"2026";"Melhoria";"";",00";"191729,57"
"2026-06-26 13:43:48.523000000";"Cerpalo";"85318640000105";"Permissão";"SC";"Sul";"2026";"Melhoria";"Planejamento Setorial";",00";"1580087,06"
"2026-06-26 13:43:48.523000000";"Cerpalo";"85318640000105";"Permissão";"SC";"Sul";"2026";"Renovação";"Planejamento Setorial";",00";"369440,28"
"2026-06-26 13:43:48.523000000";"Cerpalo";"85318640000105";"Permissão";"SC";"Sul";"2027";"Expansão";"";",00";"859979,68"
"2026-06-26 13:43:48.523000000";"Cerpalo";"85318640000105";"Permissão";"SC";"Sul";"2027";"Expansão";"Planejamento Setorial";",00";"3100000,00"
"2026-06-26 13:43:48.523000000";"Cerpalo";"85318640000105";"Permissão";"SC";"Sul";"2027";"Melhoria";"";",00";"1172276,03"
"2026-06-26 13:43:48.523000000";"Cerpalo";"85318640000105";"Permissão";"SC";"Sul";"2028";"Expansão";"";",00";"889022,67"
"2026-06-26 13:43:48.523000000";"Cerpalo";"85318640000105";"Permissão";"SC";"Sul";"2028";"Melhoria";"";",00";"1173133,58"
"2026-06-26 13:43:48.523000000";"Cerpalo";"85318640000105";"Permissão";"SC";"Sul";"2029";"Expansão";"";",00";"900884,55"
"2026-06-26 13:43:48.523000000";"Cerpalo";"85318640000105";"Permissão";"SC";"Sul";"2029";"Melhoria";"";",00";"1191046,00"
"2026-06-26 13:43:48.523000000";"Cerpalo";"85318640000105";"Permissão";"SC";"Sul";"2030";"Expansão";"";",00";"588891,14"
"2026-06-26 13:43:48.523000000";"Cerpalo";"85318640000105";"Permissão";"SC";"Sul";"2030";"Expansão";"Planejamento Setorial";",00";"315288,64"
"2026-06-26 13:43:48.523000000";"Cerpalo";"85318640000105";"Permissão";"SC";"Sul";"2030";"Melhoria";"";",00";"1219312,23"
"2026-06-26 13:43:48.523000000";"Cerpro";"44560381000139";"Permissão";"SP";"Sudeste";"2016";"Expansão";"Planejamento Setorial";"104409,87";"129411,52"
"2026-06-26 13:43:48.523000000";"Cerpro";"44560381000139";"Permissão";"SP";"Sudeste";"2016";"Melhoria";"Planejamento Setorial";"192427,95";"416999,00"
"2026-06-26 13:43:48.523000000";"Cerpro";"44560381000139";"Permissão";"SP";"Sudeste";"2016";"Renovação";"Planejamento Setorial";"17269,40";"2845,60"
"2026-06-26 13:43:48.523000000";"Cerpro";"44560381000139";"Permissão";"SP";"Sudeste";"2017";"Expansão";"Planejamento Setorial";"6402,20";"16543,20"
"2026-06-26 13:43:48.523000000";"Cerpro";"44560381000139";"Permissão";"SP";"Sudeste";"2017";"Melhoria";"Planejamento Setorial";"2177691,17";"308860,00"
"2026-06-26 13:43:48.523000000";"Cerpro";"44560381000139";"Permissão";"SP";"Sudeste";"2018";"Expansão";"Planejamento Setorial";",00";"80500,00"
"2026-06-26 13:43:48.523000000";"Cerpro";"44560381000139";"Permissão";"SP";"Sudeste";"2018";"Melhoria";"Planejamento Setorial";",00";"519803,80"
"2026-06-26 13:43:48.523000000";"Cerpro";"44560381000139";"Permissão";"SP";"Sudeste";"2019";"Expansão";"Planejamento Setorial";"142604,47";"173100,00"
"2026-06-26 13:43:48.523000000";"Cerpro";"44560381000139";"Permissão";"SP";"Sudeste";"2019";"Melhoria";"Planejamento Setorial";",00";"212500,00"
"2026-06-26 13:43:48.523000000";"Cerpro";"44560381000139";"Permissão";"SP";"Sudeste";"2019";"Renovação";"Planejamento Setorial";"7077,36";"12500,00"
"2026-06-26 13:43:48.523000000";"Cerpro";"44560381000139";"Permissão";"SP";"Sudeste";"2020";"Expansão";"Planejamento Setorial";"194263,24";"173100,00"
"2026-06-26 13:43:48.523000000";"Cerpro";"44560381000139";"Permissão";"SP";"Sudeste";"2020";"Melhoria";"Planejamento Setorial";"113191,82";"132500,00"
"2026-06-26 13:43:48.523000000";"Cerpro";"44560381000139";"Permissão";"SP";"Sudeste";"2020";"Renovação";"Planejamento Setorial";"16654,89";"12500,00"
"2026-06-26 13:43:48.523000000";"Cerpro";"44560381000139";"Permissão";"SP";"Sudeste";"2021";"Expansão";"Planejamento Setorial";"340407,64";"442700,00"
"2026-06-26 13:43:48.523000000";"Cerpro";"44560381000139";"Permissão";"SP";"Sudeste";"2021";"Melhoria";"Planejamento Setorial";"548673,30";"1062525,00"
"2026-06-26 13:43:48.523000000";"Cerpro";"44560381000139";"Permissão";"SP";"Sudeste";"2021";"Renovação";"Planejamento Setorial";"38072,36";"20644,60"
"2026-06-26 13:43:48.523000000";"Cerpro";"44560381000139";"Permissão";"SP";"Sudeste";"2022";"Expansão";"Planejamento Setorial";"311992,94";"299275,00"
"2026-06-26 13:43:48.523000000";"Cerpro";"44560381000139";"Permissão";"SP";"Sudeste";"2022";"Melhoria";"Planejamento Setorial";"562271,66";"587390,00"
"2026-06-26 13:43:48.523000000";"Cerpro";"44560381000139";"Permissão";"SP";"Sudeste";"2022";"Renovação";"Planejamento Setorial";"27828,47";"15000,00"
"2026-06-26 13:43:48.523000000";"Cerpro";"44560381000139";"Permissão";"SP";"Sudeste";"2023";"Expansão";"Planejamento Setorial";"337908,24";"425850,00"
"2026-06-26 13:43:48.523000000";"Cerpro";"44560381000139";"Permissão";"SP";"Sudeste";"2023";"Melhoria";"Planejamento Setorial";"189614,83";"748725,00"
"2026-06-26 13:43:48.523000000";"Cerpro";"44560381000139";"Permissão";"SP";"Sudeste";"2023";"Renovação";"Planejamento Setorial";"130275,25";"107000,00"
"2026-06-26 13:43:48.523000000";"Cerpro";"44560381000139";"Permissão";"SP";"Sudeste";"2024";"Expansão";"Planejamento Setorial";"253011,69";"357650,00"
"2026-06-26 13:43:48.523000000";"Cerpro";"44560381000139";"Permissão";"SP";"Sudeste";"2024";"Melhoria";"Planejamento Setorial";"275641,89";"606100,00"
"2026-06-26 13:43:48.523000000";"Cerpro";"44560381000139";"Permissão";"SP";"Sudeste";"2024";"Renovação";"Planejamento Setorial";"136338,42";"261704,68"
"2026-06-26 13:43:48.523000000";"Cerpro";"44560381000139";"Permissão";"SP";"Sudeste";"2025";"Expansão";"";"230469,60";"336050,00"
"2026-06-26 13:43:48.523000000";"Cerpro";"44560381000139";"Permissão";"SP";"Sudeste";"2025";"Melhoria";"";"335664,61";"593198,34"
"2026-06-26 13:43:48.523000000";"Cerpro";"44560381000139";"Permissão";"SP";"Sudeste";"2025";"Renovação";"";"86027,29";"124748,87"
"2026-06-26 13:43:48.523000000";"Cerpro";"44560381000139";"Permissão";"SP";"Sudeste";"2025";"Renovação";"Planejamento Setorial";",00";"60000,00"
"2026-06-26 13:43:48.523000000";"Cerpro";"44560381000139";"Permissão";"SP";"Sudeste";"2026";"Expansão";"";",00";"18213175,74"
"2026-06-26 13:43:48.523000000";"Cerpro";"44560381000139";"Permissão";"SP";"Sudeste";"2026";"Melhoria";"";",00";"3296584,36"
"2026-06-26 13:43:48.523000000";"Cerpro";"44560381000139";"Permissão";"SP";"Sudeste";"2026";"Renovação";"";",00";"80250,00"
"2026-06-26 13:43:48.523000000";"Cerpro";"44560381000139";"Permissão";"SP";"Sudeste";"2026";"Renovação";"Planejamento Setorial";",00";"60000,00"
"2026-06-26 13:43:48.523000000";"Cerpro";"44560381000139";"Permissão";"SP";"Sudeste";"2027";"Expansão";"";",00";"18213175,74"
"2026-06-26 13:43:48.523000000";"Cerpro";"44560381000139";"Permissão";"SP";"Sudeste";"2027";"Melhoria";"";",00";"51600,00"
"2026-06-26 13:43:48.523000000";"Cerpro";"44560381000139";"Permissão";"SP";"Sudeste";"2027";"Renovação";"";",00";"80250,00"
"2026-06-26 13:43:48.523000000";"Cerpro";"44560381000139";"Permissão";"SP";"Sudeste";"2028";"Expansão";"";",00";"14108175,74"
"2026-06-26 13:43:48.523000000";"Cerpro";"44560381000139";"Permissão";"SP";"Sudeste";"2028";"Melhoria";"";",00";"51600,00"
"2026-06-26 13:43:48.523000000";"Cerpro";"44560381000139";"Permissão";"SP";"Sudeste";"2028";"Renovação";"";",00";"80250,00"
"2026-06-26 13:43:48.523000000";"Cerpro";"44560381000139";"Permissão";"SP";"Sudeste";"2029";"Expansão";"";",00";"201500,00"
"2026-06-26 13:43:48.523000000";"Cerpro";"44560381000139";"Permissão";"SP";"Sudeste";"2029";"Melhoria";"";",00";"51600,00"
"2026-06-26 13:43:48.523000000";"Cerpro";"44560381000139";"Permissão";"SP";"Sudeste";"2029";"Renovação";"";",00";"80250,00"
"2026-06-26 13:43:48.523000000";"Cerpro";"44560381000139";"Permissão";"SP";"Sudeste";"2030";"Expansão";"";",00";"201500,00"
"2026-06-26 13:43:48.523000000";"Cerpro";"44560381000139";"Permissão";"SP";"Sudeste";"2030";"Melhoria";"";",00";"51600,00"
"2026-06-26 13:43:48.523000000";"Cerpro";"44560381000139";"Permissão";"SP";"Sudeste";"2030";"Renovação";"";",00";"80250,00"
"2026-06-26 13:43:48.523000000";"Cerr";"05938444000196";"Concessão";"RR";"Norte";"2016";"Expansão";"";",00";"47005670,04"
"2026-06-26 13:43:48.523000000";"Cerr";"05938444000196";"Concessão";"RR";"Norte";"2016";"Expansão";"Luz Para Todos";",00";"1453723,87"
"2026-06-26 13:43:48.523000000";"Cerr";"05938444000196";"Concessão";"RR";"Norte";"2016";"Melhoria";"";",00";"460375,00"
"2026-06-26 13:43:48.523000000";"Cerr";"05938444000196";"Concessão";"RR";"Norte";"2016";"Renovação";"";",00";"523250,00"
"2026-06-26 13:43:48.523000000";"Cerrp";"46598678000119";"Permissão";"SP";"Sudeste";"2016";"Expansão";"";"462216,30";"507095,00"
"2026-06-26 13:43:48.523000000";"Cerrp";"46598678000119";"Permissão";"SP";"Sudeste";"2016";"Expansão";"Obra com Participação Financeira";"1338697,43";"1274000,00"
"2026-06-26 13:43:48.523000000";"Cerrp";"46598678000119";"Permissão";"SP";"Sudeste";"2016";"Melhoria";"";"216564,88";"438000,00"
"2026-06-26 13:43:48.523000000";"Cerrp";"46598678000119";"Permissão";"SP";"Sudeste";"2016";"Renovação";"";"197631,38";"261070,00"
"2026-06-26 13:43:48.523000000";"Cerrp";"46598678000119";"Permissão";"SP";"Sudeste";"2017";"Expansão";"";"505750,47";"608110,00"
"2026-06-26 13:43:48.523000000";"Cerrp";"46598678000119";"Permissão";"SP";"Sudeste";"2017";"Expansão";"Obra com Participação Financeira";"1272193,41";"1602000,00"
"2026-06-26 13:43:48.523000000";"Cerrp";"46598678000119";"Permissão";"SP";"Sudeste";"2017";"Melhoria";"";"188055,84";"202000,00"
"2026-06-26 13:43:48.523000000";"Cerrp";"46598678000119";"Permissão";"SP";"Sudeste";"2017";"Renovação";"";"163701,51";"418590,00"
"2026-06-26 13:43:48.523000000";"Cerrp";"46598678000119";"Permissão";"SP";"Sudeste";"2018";"Expansão";"";"685934,50";"665085,00"
"2026-06-26 13:43:48.523000000";"Cerrp";"46598678000119";"Permissão";"SP";"Sudeste";"2018";"Expansão";"Obra com Participação Financeira";"1242028,10";"1610000,00"
"2026-06-26 13:43:48.523000000";"Cerrp";"46598678000119";"Permissão";"SP";"Sudeste";"2018";"Melhoria";"";"385083,94";"225000,00"
"2026-06-26 13:43:48.523000000";"Cerrp";"46598678000119";"Permissão";"SP";"Sudeste";"2018";"Melhoria";"Planejamento Setorial";"341861,38";",00"
"2026-06-26 13:43:48.523000000";"Cerrp";"46598678000119";"Permissão";"SP";"Sudeste";"2018";"Renovação";"";"209509,31";"197500,00"
"2026-06-26 13:43:48.523000000";"Cerrp";"46598678000119";"Permissão";"SP";"Sudeste";"2019";"Expansão";"";"722312,40";"726850,00"
"2026-06-26 13:43:48.523000000";"Cerrp";"46598678000119";"Permissão";"SP";"Sudeste";"2019";"Expansão";"Obra com Participação Financeira";"1147755,41";"1840000,00"
"2026-06-26 13:43:48.523000000";"Cerrp";"46598678000119";"Permissão";"SP";"Sudeste";"2019";"Melhoria";"";"611609,55";"620000,00"
"2026-06-26 13:43:48.523000000";"Cerrp";"46598678000119";"Permissão";"SP";"Sudeste";"2019";"Renovação";"";"159174,76";"207955,00"
"2026-06-26 13:43:48.523000000";"Cerrp";"46598678000119";"Permissão";"SP";"Sudeste";"2020";"Expansão";"";"969166,88";"829325,00"
"2026-06-26 13:43:48.523000000";"Cerrp";"46598678000119";"Permissão";"SP";"Sudeste";"2020";"Expansão";"Obra com Participação Financeira";"480612,18";"1175000,00"
"2026-06-26 13:43:48.523000000";"Cerrp";"46598678000119";"Permissão";"SP";"Sudeste";"2020";"Melhoria";"";"722137,34";"612000,00"
"2026-06-26 13:43:48.523000000";"Cerrp";"46598678000119";"Permissão";"SP";"Sudeste";"2020";"Renovação";"";"171674,31";"101675,00"
"2026-06-26 13:43:48.523000000";"Cerrp";"46598678000119";"Permissão";"SP";"Sudeste";"2021";"Expansão";"";"1539610,48";"919950,00"
"2026-06-26 13:43:48.523000000";"Cerrp";"46598678000119";"Permissão";"SP";"Sudeste";"2021";"Expansão";"Obra com Participação Financeira";"2500562,10";"1406071,00"
"2026-06-26 13:43:48.523000000";"Cerrp";"46598678000119";"Permissão";"SP";"Sudeste";"2021";"Melhoria";"";"751746,12";"492674,00"
"2026-06-26 13:43:48.523000000";"Cerrp";"46598678000119";"Permissão";"SP";"Sudeste";"2021";"Melhoria";"Planejamento Setorial";"114238,33";",00"
"2026-06-26 13:43:48.523000000";"Cerrp";"46598678000119";"Permissão";"SP";"Sudeste";"2021";"Renovação";"";"299478,16";"274350,00"
"2026-06-26 13:43:48.523000000";"Cerrp";"46598678000119";"Permissão";"SP";"Sudeste";"2022";"Expansão";"";"1124226,59";"1059000,00"
"2026-06-26 13:43:48.523000000";"Cerrp";"46598678000119";"Permissão";"SP";"Sudeste";"2022";"Expansão";"Obra com Participação Financeira";",00";"1359850,00"
"2026-06-26 13:43:48.523000000";"Cerrp";"46598678000119";"Permissão";"SP";"Sudeste";"2022";"Melhoria";"";"891368,48";"862058,14"
"2026-06-26 13:43:48.523000000";"Cerrp";"46598678000119";"Permissão";"SP";"Sudeste";"2022";"Renovação";"";"147145,14";"331900,00"
"2026-06-26 13:43:48.523000000";"Cerrp";"46598678000119";"Permissão";"SP";"Sudeste";"2023";"Expansão";"";"1329832,16";"1344400,00"
"2026-06-26 13:43:48.523000000";"Cerrp";"46598678000119";"Permissão";"SP";"Sudeste";"2023";"Expansão";"Obra com Participação Financeira";"1546259,92";"1548600,00"
"2026-06-26 13:43:48.523000000";"Cerrp";"46598678000119";"Permissão";"SP";"Sudeste";"2023";"Melhoria";"";"2036609,43";"2190000,00"
"2026-06-26 13:43:48.523000000";"Cerrp";"46598678000119";"Permissão";"SP";"Sudeste";"2023";"Renovação";"";"246812,95";"318954,96"
"2026-06-26 13:43:48.523000000";"Cerrp";"46598678000119";"Permissão";"SP";"Sudeste";"2024";"Expansão";"";"1430826,97";"1383850,00"
"2026-06-26 13:43:48.523000000";"Cerrp";"46598678000119";"Permissão";"SP";"Sudeste";"2024";"Expansão";"Obra com Participação Financeira";"2237767,84";"1625000,00"
"2026-06-26 13:43:48.523000000";"Cerrp";"46598678000119";"Permissão";"SP";"Sudeste";"2024";"Melhoria";"";"2210421,39";"2035000,00"
"2026-06-26 13:43:48.523000000";"Cerrp";"46598678000119";"Permissão";"SP";"Sudeste";"2024";"Renovação";"";"542477,21";"298900,00"
"2026-06-26 13:43:48.523000000";"Cerrp";"46598678000119";"Permissão";"SP";"Sudeste";"2025";"Expansão";"";"1055181,17";"1567710,08"
"2026-06-26 13:43:48.523000000";"Cerrp";"46598678000119";"Permissão";"SP";"Sudeste";"2025";"Expansão";"Obra com Participação Financeira";",00";"2014840,00"
"2026-06-26 13:43:48.523000000";"Cerrp";"46598678000119";"Permissão";"SP";"Sudeste";"2025";"Melhoria";"";"2452523,11";"2534000,00"
"2026-06-26 13:43:48.523000000";"Cerrp";"46598678000119";"Permissão";"SP";"Sudeste";"2025";"Renovação";"";"626933,06";"686194,00"
"2026-06-26 13:43:48.523000000";"Cerrp";"46598678000119";"Permissão";"SP";"Sudeste";"2026";"Expansão";"";",00";"1485250,00"
"2026-06-26 13:43:48.523000000";"Cerrp";"46598678000119";"Permissão";"SP";"Sudeste";"2026";"Expansão";"Obra com Participação Financeira";",00";"1822278,00"
"2026-06-26 13:43:48.523000000";"Cerrp";"46598678000119";"Permissão";"SP";"Sudeste";"2026";"Melhoria";"";",00";"2650700,00"
"2026-06-26 13:43:48.523000000";"Cerrp";"46598678000119";"Permissão";"SP";"Sudeste";"2026";"Renovação";"";",00";"715194,00"
"2026-06-26 13:43:48.523000000";"Cerrp";"46598678000119";"Permissão";"SP";"Sudeste";"2027";"Expansão";"";",00";"1645400,00"
"2026-06-26 13:43:48.523000000";"Cerrp";"46598678000119";"Permissão";"SP";"Sudeste";"2027";"Expansão";"Obra com Participação Financeira";",00";"1200000,00"
"2026-06-26 13:43:48.523000000";"Cerrp";"46598678000119";"Permissão";"SP";"Sudeste";"2027";"Melhoria";"";",00";"2558000,00"
"2026-06-26 13:43:48.523000000";"Cerrp";"46598678000119";"Permissão";"SP";"Sudeste";"2027";"Renovação";"";",00";"563450,00"
"2026-06-26 13:43:48.523000000";"Cerrp";"46598678000119";"Permissão";"SP";"Sudeste";"2028";"Expansão";"";",00";"1642400,00"
"2026-06-26 13:43:48.523000000";"Cerrp";"46598678000119";"Permissão";"SP";"Sudeste";"2028";"Expansão";"Obra com Participação Financeira";",00";"772422,00"
"2026-06-26 13:43:48.523000000";"Cerrp";"46598678000119";"Permissão";"SP";"Sudeste";"2028";"Melhoria";"";",00";"2335413,00"
"2026-06-26 13:43:48.523000000";"Cerrp";"46598678000119";"Permissão";"SP";"Sudeste";"2028";"Renovação";"";",00";"611365,00"
"2026-06-26 13:43:48.523000000";"Cerrp";"46598678000119";"Permissão";"SP";"Sudeste";"2029";"Expansão";"";",00";"1662003,00"
"2026-06-26 13:43:48.523000000";"Cerrp";"46598678000119";"Permissão";"SP";"Sudeste";"2029";"Expansão";"Obra com Participação Financeira";",00";"1058663,00"
"2026-06-26 13:43:48.523000000";"Cerrp";"46598678000119";"Permissão";"SP";"Sudeste";"2029";"Melhoria";"";",00";"2350987,00"
"2026-06-26 13:43:48.523000000";"Cerrp";"46598678000119";"Permissão";"SP";"Sudeste";"2029";"Renovação";"";",00";"635197,00"
"2026-06-26 13:43:48.523000000";"Cerrp";"46598678000119";"Permissão";"SP";"Sudeste";"2030";"Expansão";"";",00";"1652457,00"
"2026-06-26 13:43:48.523000000";"Cerrp";"46598678000119";"Permissão";"SP";"Sudeste";"2030";"Expansão";"Obra com Participação Financeira";",00";"1321787,00"
"2026-06-26 13:43:48.523000000";"Cerrp";"46598678000119";"Permissão";"SP";"Sudeste";"2030";"Melhoria";"";",00";"2518000,00"
"2026-06-26 13:43:48.523000000";"Cerrp";"46598678000119";"Permissão";"SP";"Sudeste";"2030";"Renovação";"";",00";"769356,00"
"2026-06-26 13:43:48.523000000";"Cersad";"11615872000180";"Permissão";"SC";"Sul";"2024";"Expansão";"Planejamento Setorial";",00";"430000,00"
"2026-06-26 13:43:48.523000000";"Cersad";"11615872000180";"Permissão";"SC";"Sul";"2024";"Melhoria";"Planejamento Setorial";",00";"293200,00"
"2026-06-26 13:43:48.523000000";"Cersul";"86512670000102";"Permissão";"SC";"Sul";"2016";"Expansão";"";"6802799,14";"8376649,22"
"2026-06-26 13:43:48.523000000";"Cersul";"86512670000102";"Permissão";"SC";"Sul";"2016";"Expansão";"Obra com Participação Financeira";"79754,56";"177440,46"
"2026-06-26 13:43:48.523000000";"Cersul";"86512670000102";"Permissão";"SC";"Sul";"2016";"Melhoria";"";"2590898,26";"3015982,09"
"2026-06-26 13:43:48.523000000";"Cersul";"86512670000102";"Permissão";"SC";"Sul";"2016";"Renovação";"";"624478,31";"595272,74"
"2026-06-26 13:43:48.523000000";"Cersul";"86512670000102";"Permissão";"SC";"Sul";"2017";"Expansão";"";"3099130,71";"2822114,85"
"2026-06-26 13:43:48.523000000";"Cersul";"86512670000102";"Permissão";"SC";"Sul";"2017";"Expansão";"Obra com Participação Financeira";"278241,81";"130572,60"
"2026-06-26 13:43:48.523000000";"Cersul";"86512670000102";"Permissão";"SC";"Sul";"2017";"Melhoria";"";"545221,97";"854655,42"
"2026-06-26 13:43:48.523000000";"Cersul";"86512670000102";"Permissão";"SC";"Sul";"2017";"Renovação";"";"842876,10";"563502,74"
"2026-06-26 13:43:48.523000000";"Cersul";"86512670000102";"Permissão";"SC";"Sul";"2018";"Expansão";"";"1743196,62";"3863812,31"
"2026-06-26 13:43:48.523000000";"Cersul";"86512670000102";"Permissão";"SC";"Sul";"2018";"Expansão";"Obra com Participação Financeira";"489035,91";"868879,91"
"2026-06-26 13:43:48.523000000";"Cersul";"86512670000102";"Permissão";"SC";"Sul";"2018";"Melhoria";"";"317862,81";"318486,90"
"2026-06-26 13:43:48.523000000";"Cersul";"86512670000102";"Permissão";"SC";"Sul";"2018";"Renovação";"";"382171,49";"535874,48"
"2026-06-26 13:43:48.523000000";"Cersul";"86512670000102";"Permissão";"SC";"Sul";"2019";"Expansão";"";"1135832,73";"2172155,39"
"2026-06-26 13:43:48.523000000";"Cersul";"86512670000102";"Permissão";"SC";"Sul";"2019";"Expansão";"Obra com Participação Financeira";"110383,32";"69099,94"
"2026-06-26 13:43:48.523000000";"Cersul";"86512670000102";"Permissão";"SC";"Sul";"2019";"Melhoria";"";"148464,97";"76426,46"
"2026-06-26 13:43:48.523000000";"Cersul";"86512670000102";"Permissão";"SC";"Sul";"2019";"Renovação";"";"604161,24";"570720,59"
"2026-06-26 13:43:48.523000000";"Cersul";"86512670000102";"Permissão";"SC";"Sul";"2020";"Expansão";"";"2515515,32";"2044250,82"
"2026-06-26 13:43:48.523000000";"Cersul";"86512670000102";"Permissão";"SC";"Sul";"2020";"Expansão";"Obra com Participação Financeira";"178692,14";"121912,25"
"2026-06-26 13:43:48.523000000";"Cersul";"86512670000102";"Permissão";"SC";"Sul";"2020";"Melhoria";"";"135432,22";"154169,66"
"2026-06-26 13:43:48.523000000";"Cersul";"86512670000102";"Permissão";"SC";"Sul";"2020";"Renovação";"";"701642,13";"622365,92"
"2026-06-26 13:43:48.523000000";"Cersul";"86512670000102";"Permissão";"SC";"Sul";"2021";"Expansão";"";"4579443,60";"29271855,37"
"2026-06-26 13:43:48.523000000";"Cersul";"86512670000102";"Permissão";"SC";"Sul";"2021";"Expansão";"Obra com Participação Financeira";"161942,64";"197310,72"
"2026-06-26 13:43:48.523000000";"Cersul";"86512670000102";"Permissão";"SC";"Sul";"2021";"Melhoria";"";"168266,00";"142904,65"
"2026-06-26 13:43:48.523000000";"Cersul";"86512670000102";"Permissão";"SC";"Sul";"2021";"Renovação";"";"868753,32";"691155,15"
"2026-06-26 13:43:48.523000000";"Cersul";"86512670000102";"Permissão";"SC";"Sul";"2022";"Expansão";"";"40098499,88";"36485163,69"
"2026-06-26 13:43:48.523000000";"Cersul";"86512670000102";"Permissão";"SC";"Sul";"2022";"Expansão";"Obra com Participação Financeira";"303764,24";"170039,77"
"2026-06-26 13:43:48.523000000";"Cersul";"86512670000102";"Permissão";"SC";"Sul";"2022";"Expansão";"Planejamento Setorial";"952911,10";"2258246,50"
"2026-06-26 13:43:48.523000000";"Cersul";"86512670000102";"Permissão";"SC";"Sul";"2022";"Melhoria";"";"179704,69";"171185,09"
"2026-06-26 13:43:48.523000000";"Cersul";"86512670000102";"Permissão";"SC";"Sul";"2022";"Renovação";"";"1174284,75";"704139,22"
"2026-06-26 13:43:48.523000000";"Cersul";"86512670000102";"Permissão";"SC";"Sul";"2023";"Expansão";"";"7555044,64";"10178383,76"
"2026-06-26 13:43:48.523000000";"Cersul";"86512670000102";"Permissão";"SC";"Sul";"2023";"Expansão";"Obra com Participação Financeira";"370970,01";"319386,39"
"2026-06-26 13:43:48.523000000";"Cersul";"86512670000102";"Permissão";"SC";"Sul";"2023";"Expansão";"Planejamento Setorial";"841671,89";"840796,80"
"2026-06-26 13:43:48.523000000";"Cersul";"86512670000102";"Permissão";"SC";"Sul";"2023";"Melhoria";"";"226468,41";"188235,63"
"2026-06-26 13:43:48.523000000";"Cersul";"86512670000102";"Permissão";"SC";"Sul";"2023";"Renovação";"";"1169471,88";"910848,55"
"2026-06-26 13:43:48.523000000";"Cersul";"86512670000102";"Permissão";"SC";"Sul";"2024";"Expansão";"";"12898322,47";"17530322,48"
"2026-06-26 13:43:48.523000000";"Cersul";"86512670000102";"Permissão";"SC";"Sul";"2024";"Expansão";"Obra com Participação Financeira";"371876,88";"390205,49"
"2026-06-26 13:43:48.523000000";"Cersul";"86512670000102";"Permissão";"SC";"Sul";"2024";"Melhoria";"";"238120,52";"238129,91"
"2026-06-26 13:43:48.523000000";"Cersul";"86512670000102";"Permissão";"SC";"Sul";"2024";"Renovação";"";"1759549,11";"1542998,18"
"2026-06-26 13:43:48.523000000";"Cersul";"86512670000102";"Permissão";"SC";"Sul";"2025";"Expansão";"";"12372708,36";"16179408,06"
"2026-06-26 13:43:48.523000000";"Cersul";"86512670000102";"Permissão";"SC";"Sul";"2025";"Expansão";"Obra com Participação Financeira";"363218,33";"391001,99"
"2026-06-26 13:43:48.523000000";"Cersul";"86512670000102";"Permissão";"SC";"Sul";"2025";"Melhoria";"";"260438,44";"249799,06"
"2026-06-26 13:43:48.523000000";"Cersul";"86512670000102";"Permissão";"SC";"Sul";"2025";"Renovação";"";"1313776,00";"1144327,28"
"2026-06-26 13:43:48.523000000";"Cersul";"86512670000102";"Permissão";"SC";"Sul";"2026";"Expansão";"Obra com Participação Financeira";",00";"381965,07"
"2026-06-26 13:43:48.523000000";"Cersul";"86512670000102";"Permissão";"SC";"Sul";"2026";"Expansão";"Planejamento Setorial";",00";"14727643,11"
"2026-06-26 13:43:48.523000000";"Cersul";"86512670000102";"Permissão";"SC";"Sul";"2026";"Melhoria";"Planejamento Setorial";",00";"273459,41"
"2026-06-26 13:43:48.523000000";"Cersul";"86512670000102";"Permissão";"SC";"Sul";"2026";"Renovação";"Planejamento Setorial";",00";"1287413,13"
"2026-06-26 13:43:48.523000000";"Cersul";"86512670000102";"Permissão";"SC";"Sul";"2027";"Expansão";"";",00";"520304,04"
"2026-06-26 13:43:48.523000000";"Cersul";"86512670000102";"Permissão";"SC";"Sul";"2027";"Expansão";"Obra com Participação Financeira";",00";"401063,40"
"2026-06-26 13:43:48.523000000";"Cersul";"86512670000102";"Permissão";"SC";"Sul";"2027";"Expansão";"Planejamento Setorial";",00";"7802558,35"
"2026-06-26 13:43:48.523000000";"Cersul";"86512670000102";"Permissão";"SC";"Sul";"2027";"Melhoria";"";",00";"287132,46"
"2026-06-26 13:43:48.523000000";"Cersul";"86512670000102";"Permissão";"SC";"Sul";"2027";"Renovação";"";",00";"1365333,82"
"2026-06-26 13:43:48.523000000";"Cersul";"86512670000102";"Permissão";"SC";"Sul";"2027";"Renovação";"Planejamento Setorial";",00";"435000,00"
"2026-06-26 13:43:48.523000000";"Cersul";"86512670000102";"Permissão";"SC";"Sul";"2028";"Expansão";"Obra com Participação Financeira";",00";"421116,44"
"2026-06-26 13:43:48.523000000";"Cersul";"86512670000102";"Permissão";"SC";"Sul";"2028";"Expansão";"Planejamento Setorial";",00";"8184294,88"
"2026-06-26 13:43:48.523000000";"Cersul";"86512670000102";"Permissão";"SC";"Sul";"2028";"Melhoria";"Planejamento Setorial";",00";"301490,04"
"2026-06-26 13:43:48.523000000";"Cersul";"86512670000102";"Permissão";"SC";"Sul";"2028";"Renovação";"Planejamento Setorial";",00";"1446102,32"
"2026-06-26 13:43:48.523000000";"Cersul";"86512670000102";"Permissão";"SC";"Sul";"2029";"Expansão";"Obra com Participação Financeira";",00";"442172,18"
"2026-06-26 13:43:48.523000000";"Cersul";"86512670000102";"Permissão";"SC";"Sul";"2029";"Expansão";"Planejamento Setorial";",00";"31162440,40"
"2026-06-26 13:43:48.523000000";"Cersul";"86512670000102";"Permissão";"SC";"Sul";"2029";"Melhoria";"Planejamento Setorial";",00";"316564,55"
"2026-06-26 13:43:48.523000000";"Cersul";"86512670000102";"Permissão";"SC";"Sul";"2029";"Renovação";"Planejamento Setorial";",00";"1532482,35"
"2026-06-26 13:43:48.523000000";"Cersul";"86512670000102";"Permissão";"SC";"Sul";"2030";"Expansão";"Obra com Participação Financeira";",00";"464280,18"
"2026-06-26 13:43:48.523000000";"Cersul";"86512670000102";"Permissão";"SC";"Sul";"2030";"Expansão";"Planejamento Setorial";",00";"8484794,16"
"2026-06-26 13:43:48.523000000";"Cersul";"86512670000102";"Permissão";"SC";"Sul";"2030";"Melhoria";"Planejamento Setorial";",00";"332392,77"
"2026-06-26 13:43:48.523000000";"Cersul";"86512670000102";"Permissão";"SC";"Sul";"2030";"Renovação";"Planejamento Setorial";",00";"1624624,63"
"2026-06-26 13:43:48.523000000";"Certaja Energia";"97839922000129";"Permissão";"RS";"Sul";"2016";"Expansão";"";"2886596,43";"2146576,73"
"2026-06-26 13:43:48.523000000";"Certaja Energia";"97839922000129";"Permissão";"RS";"Sul";"2016";"Expansão";"Obra com Participação Financeira";"195642,30";"167909,83"
"2026-06-26 13:43:48.523000000";"Certaja Energia";"97839922000129";"Permissão";"RS";"Sul";"2016";"Melhoria";"Planejamento Setorial";"2029779,80";"1536167,11"
"2026-06-26 13:43:48.523000000";"Certaja Energia";"97839922000129";"Permissão";"RS";"Sul";"2016";"Renovação";"";"3122750,27";"1214175,98"
"2026-06-26 13:43:48.523000000";"Certaja Energia";"97839922000129";"Permissão";"RS";"Sul";"2017";"Expansão";"Obra com Participação Financeira";"2087213,23";"2844958,10"
"2026-06-26 13:43:48.523000000";"Certaja Energia";"97839922000129";"Permissão";"RS";"Sul";"2017";"Melhoria";"Planejamento Setorial";"3336919,89";"4143818,38"
"2026-06-26 13:43:48.523000000";"Certaja Energia";"97839922000129";"Permissão";"RS";"Sul";"2017";"Renovação";"";"1467704,51";"1727109,00"
"2026-06-26 13:43:48.523000000";"Certaja Energia";"97839922000129";"Permissão";"RS";"Sul";"2018";"Expansão";"Obra com Participação Financeira";"3234375,11";"2197629,47"
"2026-06-26 13:43:48.523000000";"Certaja Energia";"97839922000129";"Permissão";"RS";"Sul";"2018";"Expansão";"Planejamento Setorial";",00";"4391488,00"
"2026-06-26 13:43:48.523000000";"Certaja Energia";"97839922000129";"Permissão";"RS";"Sul";"2018";"Melhoria";"Planejamento Setorial";"2587412,62";"3244261,40"
"2026-06-26 13:43:48.523000000";"Certaja Energia";"97839922000129";"Permissão";"RS";"Sul";"2018";"Renovação";"";"1567633,30";"1889942,65"
"2026-06-26 13:43:48.523000000";"Certaja Energia";"97839922000129";"Permissão";"RS";"Sul";"2019";"Expansão";"Obra com Participação Financeira";"6401171,60";"3504000,18"
"2026-06-26 13:43:48.523000000";"Certaja Energia";"97839922000129";"Permissão";"RS";"Sul";"2019";"Melhoria";"Planejamento Setorial";"3259522,50";"3639107,13"
"2026-06-26 13:43:48.523000000";"Certaja Energia";"97839922000129";"Permissão";"RS";"Sul";"2019";"Renovação";"Planejamento Setorial";"1419862,61";"2348890,80"
"2026-06-26 13:43:48.523000000";"Certaja Energia";"97839922000129";"Permissão";"RS";"Sul";"2020";"Expansão";"Obra com Participação Financeira";"3649575,99";"2879637,30"
"2026-06-26 13:43:48.523000000";"Certaja Energia";"97839922000129";"Permissão";"RS";"Sul";"2020";"Expansão";"Planejamento Setorial";"1349396,52";"7816008,09"
"2026-06-26 13:43:48.523000000";"Certaja Energia";"97839922000129";"Permissão";"RS";"Sul";"2020";"Melhoria";"Planejamento Setorial";"3490235,05";"6260066,07"
"2026-06-26 13:43:48.523000000";"Certaja Energia";"97839922000129";"Permissão";"RS";"Sul";"2020";"Renovação";"Planejamento Setorial";"1285481,91";"1791128,25"
"2026-06-26 13:43:48.523000000";"Certaja Energia";"97839922000129";"Permissão";"RS";"Sul";"2021";"Expansão";"Obra com Participação Financeira";"4691148,87";"3499830,12"
"2026-06-26 13:43:48.523000000";"Certaja Energia";"97839922000129";"Permissão";"RS";"Sul";"2021";"Expansão";"Planejamento Setorial";"14839778,16";"26104889,91"
"2026-06-26 13:43:48.523000000";"Certaja Energia";"97839922000129";"Permissão";"RS";"Sul";"2021";"Melhoria";"Planejamento Setorial";"3005516,46";"3647129,74"
"2026-06-26 13:43:48.523000000";"Certaja Energia";"97839922000129";"Permissão";"RS";"Sul";"2021";"Renovação";"Planejamento Setorial";"694918,17";"1103387,11"
"2026-06-26 13:43:48.523000000";"Certaja Energia";"97839922000129";"Permissão";"RS";"Sul";"2022";"Expansão";"Obra com Participação Financeira";"7060813,00";"6104764,73"
"2026-06-26 13:43:48.523000000";"Certaja Energia";"97839922000129";"Permissão";"RS";"Sul";"2022";"Expansão";"Planejamento Setorial";"8361100,04";"11264978,97"
"2026-06-26 13:43:48.523000000";"Certaja Energia";"97839922000129";"Permissão";"RS";"Sul";"2022";"Melhoria";"Planejamento Setorial";"3712616,00";"5177630,09"
"2026-06-26 13:43:48.523000000";"Certaja Energia";"97839922000129";"Permissão";"RS";"Sul";"2022";"Renovação";"Planejamento Setorial";"1433835,00";"839422,77"
"2026-06-26 13:43:48.523000000";"Certaja Energia";"97839922000129";"Permissão";"RS";"Sul";"2023";"Expansão";"Obra com Participação Financeira";"9084577,06";"9565078,05"
"2026-06-26 13:43:48.523000000";"Certaja Energia";"97839922000129";"Permissão";"RS";"Sul";"2023";"Melhoria";"Planejamento Setorial";"3734987,14";"3571595,27"
"2026-06-26 13:43:48.523000000";"Certaja Energia";"97839922000129";"Permissão";"RS";"Sul";"2023";"Renovação";"Planejamento Setorial";"1208670,85";"1812076,56"
"2026-06-26 13:43:48.523000000";"Certaja Energia";"97839922000129";"Permissão";"RS";"Sul";"2024";"Expansão";"Obra com Participação Financeira";"9218376,65";"8218558,14"
"2026-06-26 13:43:48.523000000";"Certaja Energia";"97839922000129";"Permissão";"RS";"Sul";"2024";"Melhoria";"Planejamento Setorial";"3496567,80";"4102181,07"
"2026-06-26 13:43:48.523000000";"Certaja Energia";"97839922000129";"Permissão";"RS";"Sul";"2024";"Renovação";"Planejamento Setorial";"2468207,98";"2143932,75"
"2026-06-26 13:43:48.523000000";"Certaja Energia";"97839922000129";"Permissão";"RS";"Sul";"2025";"Expansão";"Obra com Participação Financeira";",00";"9800476,09"
"2026-06-26 13:43:48.523000000";"Certaja Energia";"97839922000129";"Permissão";"RS";"Sul";"2025";"Melhoria";"Planejamento Setorial";",00";"5276046,74"
"2026-06-26 13:43:48.523000000";"Certaja Energia";"97839922000129";"Permissão";"RS";"Sul";"2025";"Renovação";"Planejamento Setorial";",00";"1844207,25"
"2026-06-26 13:43:48.523000000";"Certel Energia";"09257558000121";"Permissão";"RS";"Sul";"2016";"Expansão";"";"1137851,61";"1240926,17"
"2026-06-26 13:43:48.523000000";"Certel Energia";"09257558000121";"Permissão";"RS";"Sul";"2016";"Expansão";"Obra com Participação Financeira";"1212816,52";"906040,67"
"2026-06-26 13:43:48.523000000";"Certel Energia";"09257558000121";"Permissão";"RS";"Sul";"2016";"Melhoria";"";"1617523,93";"5108596,75"
"2026-06-26 13:43:48.523000000";"Certel Energia";"09257558000121";"Permissão";"RS";"Sul";"2016";"Renovação";"";"498348,04";"731384,62"
"2026-06-26 13:43:48.523000000";"Certel Energia";"09257558000121";"Permissão";"RS";"Sul";"2017";"Expansão";"";",00";"657894,11"
"2026-06-26 13:43:48.523000000";"Certel Energia";"09257558000121";"Permissão";"RS";"Sul";"2017";"Expansão";"Obra com Participação Financeira";",00";"2000747,46"
"2026-06-26 13:43:48.523000000";"Certel Energia";"09257558000121";"Permissão";"RS";"Sul";"2017";"Melhoria";"";",00";"6094386,38"
"2026-06-26 13:43:48.523000000";"Certel Energia";"09257558000121";"Permissão";"RS";"Sul";"2017";"Renovação";"";",00";"746136,88"
"2026-06-26 13:43:48.523000000";"Certel Energia";"09257558000121";"Permissão";"RS";"Sul";"2018";"Expansão";"";"1396983,00";"1831908,69"
"2026-06-26 13:43:48.523000000";"Certel Energia";"09257558000121";"Permissão";"RS";"Sul";"2018";"Expansão";"Obra com Participação Financeira";"3119037,65";"2538344,55"
"2026-06-26 13:43:48.523000000";"Certel Energia";"09257558000121";"Permissão";"RS";"Sul";"2018";"Melhoria";"";"3909437,69";"2056175,94"
"2026-06-26 13:43:48.523000000";"Certel Energia";"09257558000121";"Permissão";"RS";"Sul";"2018";"Renovação";"";"603284,26";"596356,28"
"2026-06-26 13:43:48.523000000";"Certel Energia";"09257558000121";"Permissão";"RS";"Sul";"2019";"Expansão";"";"2684482,53";"3464072,01"
"2026-06-26 13:43:48.523000000";"Certel Energia";"09257558000121";"Permissão";"RS";"Sul";"2019";"Expansão";"Obra com Participação Financeira";"1884581,57";"1717167,35"
"2026-06-26 13:43:48.523000000";"Certel Energia";"09257558000121";"Permissão";"RS";"Sul";"2019";"Melhoria";"";"3276633,71";"3420042,42"
"2026-06-26 13:43:48.523000000";"Certel Energia";"09257558000121";"Permissão";"RS";"Sul";"2019";"Renovação";"";"394098,79";"572984,13"
"2026-06-26 13:43:48.523000000";"Certel Energia";"09257558000121";"Permissão";"RS";"Sul";"2020";"Expansão";"";"2482429,52";"15044668,87"
"2026-06-26 13:43:48.523000000";"Certel Energia";"09257558000121";"Permissão";"RS";"Sul";"2020";"Expansão";"Obra com Participação Financeira";"2257280,36";"1859414,22"
"2026-06-26 13:43:48.523000000";"Certel Energia";"09257558000121";"Permissão";"RS";"Sul";"2020";"Melhoria";"";"3306957,06";"5682269,88"
"2026-06-26 13:43:48.523000000";"Certel Energia";"09257558000121";"Permissão";"RS";"Sul";"2020";"Renovação";"";"519848,53";"423485,25"
"2026-06-26 13:43:48.523000000";"Certel Energia";"09257558000121";"Permissão";"RS";"Sul";"2021";"Expansão";"";"20528335,10";"15342746,64"
"2026-06-26 13:43:48.523000000";"Certel Energia";"09257558000121";"Permissão";"RS";"Sul";"2021";"Expansão";"Obra com Participação Financeira";"2030356,34";"2055903,23"
"2026-06-26 13:43:48.523000000";"Certel Energia";"09257558000121";"Permissão";"RS";"Sul";"2021";"Melhoria";"";"5609200,63";"5101572,37"
"2026-06-26 13:43:48.523000000";"Certel Energia";"09257558000121";"Permissão";"RS";"Sul";"2021";"Renovação";"";"696526,72";"462362,24"
"2026-06-26 13:43:48.523000000";"Certel Energia";"09257558000121";"Permissão";"RS";"Sul";"2022";"Expansão";"";"7613378,38";"16519267,48"
"2026-06-26 13:43:48.523000000";"Certel Energia";"09257558000121";"Permissão";"RS";"Sul";"2022";"Expansão";"Obra com Participação Financeira";"5580255,05";"2657124,38"
"2026-06-26 13:43:48.523000000";"Certel Energia";"09257558000121";"Permissão";"RS";"Sul";"2022";"Melhoria";"";"6351755,10";"6341167,04"
"2026-06-26 13:43:48.523000000";"Certel Energia";"09257558000121";"Permissão";"RS";"Sul";"2022";"Renovação";"";"1036527,61";"629355,89"
"2026-06-26 13:43:48.523000000";"Certel Energia";"09257558000121";"Permissão";"RS";"Sul";"2023";"Expansão";"";"21492885,15";"20667065,26"
"2026-06-26 13:43:48.523000000";"Certel Energia";"09257558000121";"Permissão";"RS";"Sul";"2023";"Expansão";"Obra com Participação Financeira";"2994183,78";"2439841,20"
"2026-06-26 13:43:48.523000000";"Certel Energia";"09257558000121";"Permissão";"RS";"Sul";"2023";"Melhoria";"";"6321039,38";"5485196,41"
"2026-06-26 13:43:48.523000000";"Certel Energia";"09257558000121";"Permissão";"RS";"Sul";"2023";"Renovação";"";"1374254,20";"930380,30"
"2026-06-26 13:43:48.523000000";"Certel Energia";"09257558000121";"Permissão";"RS";"Sul";"2024";"Expansão";"";"4714706,88";"5506230,38"
"2026-06-26 13:43:48.523000000";"Certel Energia";"09257558000121";"Permissão";"RS";"Sul";"2024";"Expansão";"Obra com Participação Financeira";"3415202,09";"4828503,02"
"2026-06-26 13:43:48.523000000";"Certel Energia";"09257558000121";"Permissão";"RS";"Sul";"2024";"Melhoria";"";"3105350,12";"6049774,03"
"2026-06-26 13:43:48.523000000";"Certel Energia";"09257558000121";"Permissão";"RS";"Sul";"2024";"Renovação";"";"1445405,68";"1212175,20"
"2026-06-26 13:43:48.523000000";"Certel Energia";"09257558000121";"Permissão";"RS";"Sul";"2025";"Expansão";"";"4004528,71";"4886322,11"
"2026-06-26 13:43:48.523000000";"Certel Energia";"09257558000121";"Permissão";"RS";"Sul";"2025";"Expansão";"Obra com Participação Financeira";"5619678,19";"3101788,57"
"2026-06-26 13:43:48.523000000";"Certel Energia";"09257558000121";"Permissão";"RS";"Sul";"2025";"Melhoria";"";"9703600,32";"3218384,77"
"2026-06-26 13:43:48.523000000";"Certel Energia";"09257558000121";"Permissão";"RS";"Sul";"2025";"Renovação";"";"8012216,91";"1498476,15"
"2026-06-26 13:43:48.523000000";"Certel Energia";"09257558000121";"Permissão";"RS";"Sul";"2026";"Expansão";"";",00";"4195211,33"
"2026-06-26 13:43:48.523000000";"Certel Energia";"09257558000121";"Permissão";"RS";"Sul";"2026";"Expansão";"Obra com Participação Financeira";",00";"5185960,16"
"2026-06-26 13:43:48.523000000";"Certel Energia";"09257558000121";"Permissão";"RS";"Sul";"2026";"Melhoria";"";",00";"8291364,83"
"2026-06-26 13:43:48.523000000";"Certel Energia";"09257558000121";"Permissão";"RS";"Sul";"2026";"Renovação";"";",00";"2025117,26"
"2026-06-26 13:43:48.523000000";"Certel Energia";"09257558000121";"Permissão";"RS";"Sul";"2027";"Expansão";"";",00";"26346949,02"
"2026-06-26 13:43:48.523000000";"Certel Energia";"09257558000121";"Permissão";"RS";"Sul";"2027";"Expansão";"Obra com Participação Financeira";",00";"5367469,02"
"2026-06-26 13:43:48.523000000";"Certel Energia";"09257558000121";"Permissão";"RS";"Sul";"2027";"Melhoria";"";",00";"9349102,62"
"2026-06-26 13:43:48.523000000";"Certel Energia";"09257558000121";"Permissão";"RS";"Sul";"2027";"Renovação";"";",00";"2094966,43"
"2026-06-26 13:43:48.523000000";"Certel Energia";"09257558000121";"Permissão";"RS";"Sul";"2028";"Expansão";"";",00";"29499092,39"
"2026-06-26 13:43:48.523000000";"Certel Energia";"09257558000121";"Permissão";"RS";"Sul";"2028";"Expansão";"Obra com Participação Financeira";",00";"5556528,94"
"2026-06-26 13:43:48.523000000";"Certel Energia";"09257558000121";"Permissão";"RS";"Sul";"2028";"Melhoria";"";",00";"8881512,34"
"2026-06-26 13:43:48.523000000";"Certel Energia";"09257558000121";"Permissão";"RS";"Sul";"2028";"Renovação";"";",00";"2168290,67"
"2026-06-26 13:43:48.523000000";"Certel Energia";"09257558000121";"Permissão";"RS";"Sul";"2029";"Expansão";"";",00";"4656166,44"
"2026-06-26 13:43:48.523000000";"Certel Energia";"09257558000121";"Permissão";"RS";"Sul";"2029";"Expansão";"Obra com Participação Financeira";",00";"5749766,84"
"2026-06-26 13:43:48.523000000";"Certel Energia";"09257558000121";"Permissão";"RS";"Sul";"2029";"Melhoria";"";",00";"9193487,39"
"2026-06-26 13:43:48.523000000";"Certel Energia";"09257558000121";"Permissão";"RS";"Sul";"2029";"Renovação";"";",00";"2244178,91"
"2026-06-26 13:43:48.523000000";"Certel Energia";"09257558000121";"Permissão";"RS";"Sul";"2030";"Expansão";"";",00";"4819540,16"
"2026-06-26 13:43:48.523000000";"Certel Energia";"09257558000121";"Permissão";"RS";"Sul";"2030";"Expansão";"Obra com Participação Financeira";",00";"5952614,34"
"2026-06-26 13:43:48.523000000";"Certel Energia";"09257558000121";"Permissão";"RS";"Sul";"2030";"Melhoria";"";",00";"9509212,36"
"2026-06-26 13:43:48.523000000";"Certel Energia";"09257558000121";"Permissão";"RS";"Sul";"2030";"Renovação";"";",00";"2322725,66"
"2026-06-26 13:43:48.523000000";"CERTEL ENERGIA";"89777692000192";"";"RS";"Sul";"2016";"Expansão";"";"1137851,61";",00"
"2026-06-26 13:43:48.523000000";"CERTEL ENERGIA";"89777692000192";"";"RS";"Sul";"2016";"Expansão";"Obra com Participação Financeira";"1212816,52";",00"
"2026-06-26 13:43:48.523000000";"CERTEL ENERGIA";"89777692000192";"";"RS";"Sul";"2016";"Melhoria";"";"1617523,93";",00"
"2026-06-26 13:43:48.523000000";"CERTEL ENERGIA";"89777692000192";"";"RS";"Sul";"2016";"Renovação";"";"498348,04";",00"
"2026-06-26 13:43:48.523000000";"CERTEL ENERGIA";"89777692000192";"";"RS";"Sul";"2017";"Expansão";"";",00";"657894,10"
"2026-06-26 13:43:48.523000000";"CERTEL ENERGIA";"89777692000192";"";"RS";"Sul";"2017";"Expansão";"Obra com Participação Financeira";",00";"2000747,54"
"2026-06-26 13:43:48.523000000";"CERTEL ENERGIA";"89777692000192";"";"RS";"Sul";"2017";"Melhoria";"";",00";"6094386,40"
"2026-06-26 13:43:48.523000000";"CERTEL ENERGIA";"89777692000192";"";"RS";"Sul";"2017";"Renovação";"";",00";"746136,81"
"2026-06-26 13:43:48.523000000";"Certhil";"98042963000152";"Permissão";"RS";"Sul";"2024";"Expansão";"Planejamento Setorial";",00";"4241000,00"
"2026-06-26 13:43:48.523000000";"Certhil";"98042963000152";"Permissão";"RS";"Sul";"2024";"Melhoria";"Planejamento Setorial";",00";"3185000,00"
"2026-06-26 13:43:48.523000000";"Certhil";"98042963000152";"Permissão";"RS";"Sul";"2025";"Expansão";"Planejamento Setorial";"4253824,27";",00"
"2026-06-26 13:43:48.523000000";"Certhil";"98042963000152";"Permissão";"RS";"Sul";"2025";"Melhoria";"Planejamento Setorial";"1020766,55";",00"
"2026-06-26 13:43:48.523000000";"Certhil";"98042963000152";"Permissão";"RS";"Sul";"2026";"Expansão";"Planejamento Setorial";",00";"6302274,61"
"2026-06-26 13:43:48.523000000";"Certhil";"98042963000152";"Permissão";"RS";"Sul";"2026";"Melhoria";"Planejamento Setorial";",00";"515499,20"
"2026-06-26 13:43:48.523000000";"Certhil";"98042963000152";"Permissão";"RS";"Sul";"2027";"Expansão";"Planejamento Setorial";",00";"3859986,00"
"2026-06-26 13:43:48.523000000";"Certhil";"98042963000152";"Permissão";"RS";"Sul";"2027";"Melhoria";"Planejamento Setorial";",00";"2889600,00"
"2026-06-26 13:43:48.523000000";"Certhil";"98042963000152";"Permissão";"RS";"Sul";"2028";"Expansão";"Planejamento Setorial";",00";"791000,00"
"2026-06-26 13:43:48.523000000";"Certhil";"98042963000152";"Permissão";"RS";"Sul";"2028";"Melhoria";"Planejamento Setorial";",00";"1421400,00"
"2026-06-26 13:43:48.523000000";"Certhil";"98042963000152";"Permissão";"RS";"Sul";"2029";"Expansão";"Planejamento Setorial";",00";"1084000,00"
"2026-06-26 13:43:48.523000000";"Certhil";"98042963000152";"Permissão";"RS";"Sul";"2029";"Renovação";"Planejamento Setorial";",00";"2637600,00"
"2026-06-26 13:43:48.523000000";"Certhil";"98042963000152";"Permissão";"RS";"Sul";"2030";"Expansão";"Planejamento Setorial";",00";"18432000,00"
"2026-06-26 13:43:48.523000000";"Certrel";"76583962000182";"Permissão";"SC";"Sul";"2016";"Expansão";"";"681760,14";"752774,04"
"2026-06-26 13:43:48.523000000";"Certrel";"76583962000182";"Permissão";"SC";"Sul";"2016";"Melhoria";"";"23284,88";"18200,00"
"2026-06-26 13:43:48.523000000";"Certrel";"76583962000182";"Permissão";"SC";"Sul";"2016";"Melhoria";"Planejamento Setorial";"84689,28";"76000,00"
"2026-06-26 13:43:48.523000000";"Certrel";"76583962000182";"Permissão";"SC";"Sul";"2016";"Renovação";"";"318748,12";"212565,00"
"2026-06-26 13:43:48.523000000";"Certrel";"76583962000182";"Permissão";"SC";"Sul";"2016";"Renovação";"Planejamento Setorial";"105275,28";",00"
"2026-06-26 13:43:48.523000000";"Certrel";"76583962000182";"Permissão";"SC";"Sul";"2017";"Expansão";"";"670442,82";"861377,15"
"2026-06-26 13:43:48.523000000";"Certrel";"76583962000182";"Permissão";"SC";"Sul";"2017";"Melhoria";"";"4281,39";"24035,00"
"2026-06-26 13:43:48.523000000";"Certrel";"76583962000182";"Permissão";"SC";"Sul";"2017";"Melhoria";"Planejamento Setorial";"78600,85";"73500,00"
"2026-06-26 13:43:48.523000000";"Certrel";"76583962000182";"Permissão";"SC";"Sul";"2017";"Renovação";"";"207793,72";"276055,00"
"2026-06-26 13:43:48.523000000";"Certrel";"76583962000182";"Permissão";"SC";"Sul";"2017";"Renovação";"Planejamento Setorial";"198134,62";",00"
"2026-06-26 13:43:48.523000000";"Certrel";"76583962000182";"Permissão";"SC";"Sul";"2018";"Expansão";"";"535824,98";"583074,87"
"2026-06-26 13:43:48.523000000";"Certrel";"76583962000182";"Permissão";"SC";"Sul";"2018";"Expansão";"Planejamento Setorial";"317323,08";"343000,00"
"2026-06-26 13:43:48.523000000";"Certrel";"76583962000182";"Permissão";"SC";"Sul";"2018";"Melhoria";"";"48328,09";"25880,00"
"2026-06-26 13:43:48.523000000";"Certrel";"76583962000182";"Permissão";"SC";"Sul";"2018";"Melhoria";"Planejamento Setorial";",00";"75000,00"
"2026-06-26 13:43:48.523000000";"Certrel";"76583962000182";"Permissão";"SC";"Sul";"2018";"Renovação";"";"343064,60";"288975,00"
"2026-06-26 13:43:48.523000000";"Certrel";"76583962000182";"Permissão";"SC";"Sul";"2018";"Renovação";"Planejamento Setorial";"40235,38";"285000,00"
"2026-06-26 13:43:48.523000000";"Certrel";"76583962000182";"Permissão";"SC";"Sul";"2019";"Expansão";"";"646991,80";"657575,45"
"2026-06-26 13:43:48.523000000";"Certrel";"76583962000182";"Permissão";"SC";"Sul";"2019";"Expansão";"Planejamento Setorial";"353749,03";"1157850,00"
"2026-06-26 13:43:48.523000000";"Certrel";"76583962000182";"Permissão";"SC";"Sul";"2019";"Melhoria";"";"5714,86";"37644,00"
"2026-06-26 13:43:48.523000000";"Certrel";"76583962000182";"Permissão";"SC";"Sul";"2019";"Melhoria";"Planejamento Setorial";"144866,99";"144500,00"
"2026-06-26 13:43:48.523000000";"Certrel";"76583962000182";"Permissão";"SC";"Sul";"2019";"Renovação";"";"591084,71";"269966,00"
"2026-06-26 13:43:48.523000000";"Certrel";"76583962000182";"Permissão";"SC";"Sul";"2020";"Expansão";"";"478920,80";"390295,88"
"2026-06-26 13:43:48.523000000";"Certrel";"76583962000182";"Permissão";"SC";"Sul";"2020";"Expansão";"Planejamento Setorial";"146858,24";"259107,00"
"2026-06-26 13:43:48.523000000";"Certrel";"76583962000182";"Permissão";"SC";"Sul";"2020";"Melhoria";"";"17680,63";"27728,00"
"2026-06-26 13:43:48.523000000";"Certrel";"76583962000182";"Permissão";"SC";"Sul";"2020";"Melhoria";"Planejamento Setorial";"114847,46";"134500,00"
"2026-06-26 13:43:48.523000000";"Certrel";"76583962000182";"Permissão";"SC";"Sul";"2020";"Renovação";"";"460372,46";"198466,00"
"2026-06-26 13:43:48.523000000";"Certrel";"76583962000182";"Permissão";"SC";"Sul";"2021";"Expansão";"";"1107243,00";"653467,71"
"2026-06-26 13:43:48.523000000";"Certrel";"76583962000182";"Permissão";"SC";"Sul";"2021";"Expansão";"Planejamento Setorial";"180918,92";"1049500,00"
"2026-06-26 13:43:48.523000000";"Certrel";"76583962000182";"Permissão";"SC";"Sul";"2021";"Melhoria";"";"264038,04";"41392,00"
"2026-06-26 13:43:48.523000000";"Certrel";"76583962000182";"Permissão";"SC";"Sul";"2021";"Renovação";"";"537771,57";"297460,00"
"2026-06-26 13:43:48.523000000";"Certrel";"76583962000182";"Permissão";"SC";"Sul";"2022";"Expansão";"";"1445417,47";"2049801,10"
"2026-06-26 13:43:48.523000000";"Certrel";"76583962000182";"Permissão";"SC";"Sul";"2022";"Expansão";"Planejamento Setorial";"74476,88";"174600,00"
"2026-06-26 13:43:48.523000000";"Certrel";"76583962000182";"Permissão";"SC";"Sul";"2022";"Melhoria";"";"15233,74";"15220,00"
"2026-06-26 13:43:48.523000000";"Certrel";"76583962000182";"Permissão";"SC";"Sul";"2022";"Renovação";"";"427800,74";"566985,00"
"2026-06-26 13:43:48.523000000";"Certrel";"76583962000182";"Permissão";"SC";"Sul";"2022";"Renovação";"Planejamento Setorial";"167154,18";",00"
"2026-06-26 13:43:48.523000000";"Certrel";"76583962000182";"Permissão";"SC";"Sul";"2023";"Expansão";"";"1112249,22";"1144418,12"
"2026-06-26 13:43:48.523000000";"Certrel";"76583962000182";"Permissão";"SC";"Sul";"2023";"Expansão";"Planejamento Setorial";"306490,70";"1105000,00"
"2026-06-26 13:43:48.523000000";"Certrel";"76583962000182";"Permissão";"SC";"Sul";"2023";"Melhoria";"";"16375,39";"15670,00"
"2026-06-26 13:43:48.523000000";"Certrel";"76583962000182";"Permissão";"SC";"Sul";"2023";"Melhoria";"Planejamento Setorial";"80785,65";"70000,00"
"2026-06-26 13:43:48.523000000";"Certrel";"76583962000182";"Permissão";"SC";"Sul";"2023";"Renovação";"";"319538,04";"447256,00"
"2026-06-26 13:43:48.523000000";"Certrel";"76583962000182";"Permissão";"SC";"Sul";"2024";"Expansão";"";"1382832,98";"1181150,26"
"2026-06-26 13:43:48.523000000";"Certrel";"76583962000182";"Permissão";"SC";"Sul";"2024";"Expansão";"Planejamento Setorial";"417890,01";"800000,00"
"2026-06-26 13:43:48.523000000";"Certrel";"76583962000182";"Permissão";"SC";"Sul";"2024";"Melhoria";"";"9132,43";"16130,00"
"2026-06-26 13:43:48.523000000";"Certrel";"76583962000182";"Permissão";"SC";"Sul";"2024";"Melhoria";"Planejamento Setorial";",00";"300000,00"
"2026-06-26 13:43:48.523000000";"Certrel";"76583962000182";"Permissão";"SC";"Sul";"2024";"Renovação";"";"467663,00";"464287,00"
"2026-06-26 13:43:48.523000000";"Certrel";"76583962000182";"Permissão";"SC";"Sul";"2025";"Expansão";"";"234544,06";"369690,00"
"2026-06-26 13:43:48.523000000";"Certrel";"76583962000182";"Permissão";"SC";"Sul";"2025";"Expansão";"Planejamento Setorial";"2073659,26";"2410010,97"
"2026-06-26 13:43:48.523000000";"Certrel";"76583962000182";"Permissão";"SC";"Sul";"2025";"Melhoria";"Planejamento Setorial";",00";"21550,00"
"2026-06-26 13:43:48.523000000";"Certrel";"76583962000182";"Permissão";"SC";"Sul";"2025";"Renovação";"Planejamento Setorial";"423550,70";"495900,00"
"2026-06-26 13:43:48.523000000";"Certrel";"76583962000182";"Permissão";"SC";"Sul";"2026";"Expansão";"";",00";"362860,00"
"2026-06-26 13:43:48.523000000";"Certrel";"76583962000182";"Permissão";"SC";"Sul";"2026";"Expansão";"Planejamento Setorial";",00";"17505225,75"
"2026-06-26 13:43:48.523000000";"Certrel";"76583962000182";"Permissão";"SC";"Sul";"2026";"Melhoria";"Planejamento Setorial";",00";"21550,00"
"2026-06-26 13:43:48.523000000";"Certrel";"76583962000182";"Permissão";"SC";"Sul";"2026";"Renovação";"Planejamento Setorial";",00";"461840,00"
"2026-06-26 13:43:48.523000000";"Certrel";"76583962000182";"Permissão";"SC";"Sul";"2027";"Expansão";"Planejamento Setorial";",00";"16222266,90"
"2026-06-26 13:43:48.523000000";"Certrel";"76583962000182";"Permissão";"SC";"Sul";"2027";"Melhoria";"Planejamento Setorial";",00";"515930,00"
"2026-06-26 13:43:48.523000000";"Certrel";"76583962000182";"Permissão";"SC";"Sul";"2027";"Renovação";"Planejamento Setorial";",00";"505920,00"
"2026-06-26 13:43:48.523000000";"Certrel";"76583962000182";"Permissão";"SC";"Sul";"2028";"Expansão";"Planejamento Setorial";",00";"1468871,30"
"2026-06-26 13:43:48.523000000";"Certrel";"76583962000182";"Permissão";"SC";"Sul";"2028";"Melhoria";"Planejamento Setorial";",00";"21550,00"
"2026-06-26 13:43:48.523000000";"Certrel";"76583962000182";"Permissão";"SC";"Sul";"2028";"Renovação";"Planejamento Setorial";",00";"555730,00"
"2026-06-26 13:43:48.523000000";"Certrel";"76583962000182";"Permissão";"SC";"Sul";"2029";"Expansão";"Planejamento Setorial";",00";"1561529,60"
"2026-06-26 13:43:48.523000000";"Certrel";"76583962000182";"Permissão";"SC";"Sul";"2029";"Melhoria";"Planejamento Setorial";",00";"28380,00"
"2026-06-26 13:43:48.523000000";"Certrel";"76583962000182";"Permissão";"SC";"Sul";"2029";"Renovação";"Planejamento Setorial";",00";"614835,00"
"2026-06-26 13:43:48.523000000";"Certrel";"76583962000182";"Permissão";"SC";"Sul";"2030";"Expansão";"Planejamento Setorial";",00";"1671479,75"
"2026-06-26 13:43:48.523000000";"Certrel";"76583962000182";"Permissão";"SC";"Sul";"2030";"Melhoria";"Planejamento Setorial";",00";"28380,00"
"2026-06-26 13:43:48.523000000";"Certrel";"76583962000182";"Permissão";"SC";"Sul";"2030";"Renovação";"Planejamento Setorial";",00";"657850,00"
"2026-06-26 13:43:48.523000000";"Cervam";"55188502000180";"Permissão";"SP";"Sudeste";"2023";"Expansão";"";"362124,04";"412526,87"
"2026-06-26 13:43:48.523000000";"Cervam";"55188502000180";"Permissão";"SP";"Sudeste";"2023";"Expansão";"Obra com Participação Financeira";"139954,69";",00"
"2026-06-26 13:43:48.523000000";"Cervam";"55188502000180";"Permissão";"SP";"Sudeste";"2023";"Melhoria";"";"838839,75";"2143216,67"
"2026-06-26 13:43:48.523000000";"Cervam";"55188502000180";"Permissão";"SP";"Sudeste";"2023";"Renovação";"";"239133,14";"463916,57"
"2026-06-26 13:43:48.523000000";"Cervam";"55188502000180";"Permissão";"SP";"Sudeste";"2024";"Expansão";"";"502048,33";"244771,28"
"2026-06-26 13:43:48.523000000";"Cervam";"55188502000180";"Permissão";"SP";"Sudeste";"2024";"Melhoria";"";"1176470,39";"1400003,38"
"2026-06-26 13:43:48.523000000";"Cervam";"55188502000180";"Permissão";"SP";"Sudeste";"2024";"Renovação";"";"331530,51";"176950,96"
"2026-06-26 13:43:48.523000000";"Cervam";"55188502000180";"Permissão";"SP";"Sudeste";"2025";"Expansão";"";",00";"497305,03"
"2026-06-26 13:43:48.523000000";"Cervam";"55188502000180";"Permissão";"SP";"Sudeste";"2025";"Melhoria";"";",00";"1167225,34"
"2026-06-26 13:43:48.523000000";"Cervam";"55188502000180";"Permissão";"SP";"Sudeste";"2025";"Renovação";"";",00";"184127,72"
"2026-06-26 13:43:48.523000000";"Cetril";"49313653000110";"Permissão";"SP";"Sudeste";"2016";"Expansão";"";"21877,81";"22772,50"
"2026-06-26 13:43:48.523000000";"Cetril";"49313653000110";"Permissão";"SP";"Sudeste";"2016";"Expansão";"Obra com Participação Financeira";"21628,93";"13040,00"
"2026-06-26 13:43:48.523000000";"Cetril";"49313653000110";"Permissão";"SP";"Sudeste";"2016";"Melhoria";"";"367158,59";"152880,00"
"2026-06-26 13:43:48.523000000";"Cetril";"49313653000110";"Permissão";"SP";"Sudeste";"2016";"Melhoria";"Planejamento Setorial";"67007,35";"35000,00"
"2026-06-26 13:43:48.523000000";"Cetril";"49313653000110";"Permissão";"SP";"Sudeste";"2016";"Renovação";"";"317635,35";"40000,00"
"2026-06-26 13:43:48.523000000";"Cetril";"49313653000110";"Permissão";"SP";"Sudeste";"2016";"Renovação";"Planejamento Setorial";"56249,77";"72000,00"
"2026-06-26 13:43:48.523000000";"Cetril";"49313653000110";"Permissão";"SP";"Sudeste";"2017";"Expansão";"";"931883,35";"1136900,00"
"2026-06-26 13:43:48.523000000";"Cetril";"49313653000110";"Permissão";"SP";"Sudeste";"2017";"Melhoria";"";"899204,66";"841600,00"
"2026-06-26 13:43:48.523000000";"Cetril";"49313653000110";"Permissão";"SP";"Sudeste";"2017";"Renovação";"";"337781,00";"233800,00"
"2026-06-26 13:43:48.523000000";"Cetril";"49313653000110";"Permissão";"SP";"Sudeste";"2017";"Renovação";"Planejamento Setorial";"103421,83";"45500,00"
"2026-06-26 13:43:48.523000000";"Cetril";"49313653000110";"Permissão";"SP";"Sudeste";"2018";"Expansão";"";"1541580,05";"1211270,00"
"2026-06-26 13:43:48.523000000";"Cetril";"49313653000110";"Permissão";"SP";"Sudeste";"2018";"Melhoria";"";"2003139,06";"659300,00"
"2026-06-26 13:43:48.523000000";"Cetril";"49313653000110";"Permissão";"SP";"Sudeste";"2018";"Renovação";"";"568924,33";"565000,00"
"2026-06-26 13:43:48.523000000";"Cetril";"49313653000110";"Permissão";"SP";"Sudeste";"2019";"Expansão";"";"1733300,00";"1141000,00"
"2026-06-26 13:43:48.523000000";"Cetril";"49313653000110";"Permissão";"SP";"Sudeste";"2019";"Expansão";"Obra com Participação Financeira";"115883,83";",00"
"2026-06-26 13:43:48.523000000";"Cetril";"49313653000110";"Permissão";"SP";"Sudeste";"2019";"Melhoria";"";"1820568,95";"1250000,00"
"2026-06-26 13:43:48.523000000";"Cetril";"49313653000110";"Permissão";"SP";"Sudeste";"2019";"Renovação";"";"548078,48";"582000,00"
"2026-06-26 13:43:48.523000000";"Cetril";"49313653000110";"Permissão";"SP";"Sudeste";"2020";"Expansão";"";"1721504,19";"1800000,00"
"2026-06-26 13:43:48.523000000";"Cetril";"49313653000110";"Permissão";"SP";"Sudeste";"2020";"Melhoria";"";"2085437,12";"2071000,00"
"2026-06-26 13:43:48.523000000";"Cetril";"49313653000110";"Permissão";"SP";"Sudeste";"2020";"Renovação";"";"481684,37";"515000,00"
"2026-06-26 13:43:48.523000000";"Cetril";"49313653000110";"Permissão";"SP";"Sudeste";"2021";"Expansão";"";"3102277,24";"1800000,00"
"2026-06-26 13:43:48.523000000";"Cetril";"49313653000110";"Permissão";"SP";"Sudeste";"2021";"Melhoria";"";"4084807,16";"2730000,00"
"2026-06-26 13:43:48.523000000";"Cetril";"49313653000110";"Permissão";"SP";"Sudeste";"2021";"Renovação";"";"706547,95";"490000,00"
"2026-06-26 13:43:48.523000000";"Cetril";"49313653000110";"Permissão";"SP";"Sudeste";"2022";"Expansão";"";"4069904,23";"3100000,00"
"2026-06-26 13:43:48.523000000";"Cetril";"49313653000110";"Permissão";"SP";"Sudeste";"2022";"Melhoria";"";"5273810,70";"4531400,00"
"2026-06-26 13:43:48.523000000";"Cetril";"49313653000110";"Permissão";"SP";"Sudeste";"2022";"Renovação";"";"409018,19";"819580,00"
"2026-06-26 13:43:48.523000000";"Cetril";"49313653000110";"Permissão";"SP";"Sudeste";"2023";"Expansão";"";"4960203,92";"5150000,00"
"2026-06-26 13:43:48.523000000";"Cetril";"49313653000110";"Permissão";"SP";"Sudeste";"2023";"Melhoria";"";"3973482,40";"5317000,00"
"2026-06-26 13:43:48.523000000";"Cetril";"49313653000110";"Permissão";"SP";"Sudeste";"2023";"Renovação";"";"722067,70";"591600,00"
"2026-06-26 13:43:48.523000000";"Cetril";"49313653000110";"Permissão";"SP";"Sudeste";"2024";"Expansão";"";"5730688,60";"5200700,00"
"2026-06-26 13:43:48.523000000";"Cetril";"49313653000110";"Permissão";"SP";"Sudeste";"2024";"Melhoria";"";"6749215,31";"5120000,00"
"2026-06-26 13:43:48.523000000";"Cetril";"49313653000110";"Permissão";"SP";"Sudeste";"2024";"Renovação";"";"490037,09";"591600,00"
"2026-06-26 13:43:48.523000000";"Cetril";"49313653000110";"Permissão";"SP";"Sudeste";"2025";"Expansão";"";"4385066,78";"5073334,80"
"2026-06-26 13:43:48.523000000";"Cetril";"49313653000110";"Permissão";"SP";"Sudeste";"2025";"Melhoria";"";"6926178,97";"6415105,00"
"2026-06-26 13:43:48.523000000";"Cetril";"49313653000110";"Permissão";"SP";"Sudeste";"2025";"Renovação";"";"408857,09";"590320,00"
"2026-06-26 13:43:48.523000000";"Cetril";"49313653000110";"Permissão";"SP";"Sudeste";"2026";"Expansão";"";",00";"6073334,80"
"2026-06-26 13:43:48.523000000";"Cetril";"49313653000110";"Permissão";"SP";"Sudeste";"2026";"Melhoria";"";",00";"6285105,00"
"2026-06-26 13:43:48.523000000";"Cetril";"49313653000110";"Permissão";"SP";"Sudeste";"2026";"Renovação";"";",00";"2890320,00"
"2026-06-26 13:43:48.523000000";"Cetril";"49313653000110";"Permissão";"SP";"Sudeste";"2027";"Expansão";"";",00";"45472314,76"
"2026-06-26 13:43:48.523000000";"Cetril";"49313653000110";"Permissão";"SP";"Sudeste";"2027";"Melhoria";"";",00";"6285105,00"
"2026-06-26 13:43:48.523000000";"Cetril";"49313653000110";"Permissão";"SP";"Sudeste";"2027";"Renovação";"";",00";"4165320,00"
"2026-06-26 13:43:48.523000000";"Cetril";"49313653000110";"Permissão";"SP";"Sudeste";"2028";"Expansão";"";",00";"4706750,00"
"2026-06-26 13:43:48.523000000";"Cetril";"49313653000110";"Permissão";"SP";"Sudeste";"2028";"Melhoria";"";",00";"6285105,00"
"2026-06-26 13:43:48.523000000";"Cetril";"49313653000110";"Permissão";"SP";"Sudeste";"2028";"Renovação";"";",00";"4165320,00"
"2026-06-26 13:43:48.523000000";"Cetril";"49313653000110";"Permissão";"SP";"Sudeste";"2029";"Expansão";"";",00";"4706750,00"
"2026-06-26 13:43:48.523000000";"Cetril";"49313653000110";"Permissão";"SP";"Sudeste";"2029";"Melhoria";"";",00";"6285105,00"
"2026-06-26 13:43:48.523000000";"Cetril";"49313653000110";"Permissão";"SP";"Sudeste";"2029";"Renovação";"";",00";"4165320,00"
"2026-06-26 13:43:48.523000000";"Cetril";"49313653000110";"Permissão";"SP";"Sudeste";"2030";"Expansão";"";",00";"4706750,00"
"2026-06-26 13:43:48.523000000";"Cetril";"49313653000110";"Permissão";"SP";"Sudeste";"2030";"Melhoria";"";",00";"6285105,00"
"2026-06-26 13:43:48.523000000";"Cetril";"49313653000110";"Permissão";"SP";"Sudeste";"2030";"Renovação";"";",00";"4165320,00"
"2026-06-26 13:43:48.523000000";"CFLO";"77882504000107";"Concessão";"PR";"Sul";"2016";"Expansão";"";"2556239,11";"1620414,24"
"2026-06-26 13:43:48.523000000";"CFLO";"77882504000107";"Concessão";"PR";"Sul";"2016";"Expansão";"Obra com Participação Financeira";"741595,43";"1683969,15"
"2026-06-26 13:43:48.523000000";"CFLO";"77882504000107";"Concessão";"PR";"Sul";"2016";"Melhoria";"";"156764,26";"146642,49"
"2026-06-26 13:43:48.523000000";"CFLO";"77882504000107";"Concessão";"PR";"Sul";"2016";"Melhoria";"Obra com Participação Financeira";"622103,24";"1076198,67"
"2026-06-26 13:43:48.523000000";"CFLO";"77882504000107";"Concessão";"PR";"Sul";"2016";"Renovação";"";"473681,59";"648239,11"
"2026-06-26 13:43:48.523000000";"CFLO";"77882504000107";"Concessão";"PR";"Sul";"2017";"Expansão";"";"1578818,84";"1236237,36"
"2026-06-26 13:43:48.523000000";"CFLO";"77882504000107";"Concessão";"PR";"Sul";"2017";"Expansão";"Obra com Participação Financeira";"830077,26";"1093765,52"
"2026-06-26 13:43:48.523000000";"CFLO";"77882504000107";"Concessão";"PR";"Sul";"2017";"Melhoria";"";"1156737,26";"2077036,52"
"2026-06-26 13:43:48.523000000";"CFLO";"77882504000107";"Concessão";"PR";"Sul";"2017";"Renovação";"";"727638,86";"1326086,86"
"2026-06-26 13:43:48.523000000";"Chesp";"01377555000110";"Concessão";"GO";"Centro Oeste";"2016";"Expansão";"";"1228153,74";"1842228,00"
"2026-06-26 13:43:48.523000000";"Chesp";"01377555000110";"Concessão";"GO";"Centro Oeste";"2016";"Melhoria";"";"436345,71";"401128,10"
"2026-06-26 13:43:48.523000000";"Chesp";"01377555000110";"Concessão";"GO";"Centro Oeste";"2016";"Renovação";"";"484914,28";"355500,00"
"2026-06-26 13:43:48.523000000";"Chesp";"01377555000110";"Concessão";"GO";"Centro Oeste";"2017";"Expansão";"";"1704467,55";"1377450,96"
"2026-06-26 13:43:48.523000000";"Chesp";"01377555000110";"Concessão";"GO";"Centro Oeste";"2017";"Melhoria";"";"350320,87";"335241,92"
"2026-06-26 13:43:48.523000000";"Chesp";"01377555000110";"Concessão";"GO";"Centro Oeste";"2018";"Expansão";"";"2090729,71";"17795474,30"
"2026-06-26 13:43:48.523000000";"Chesp";"01377555000110";"Concessão";"GO";"Centro Oeste";"2018";"Melhoria";"";",00";"360742,80"
"2026-06-26 13:43:48.523000000";"Chesp";"01377555000110";"Concessão";"GO";"Centro Oeste";"2018";"Renovação";"";"391217,11";",00"
"2026-06-26 13:43:48.523000000";"Chesp";"01377555000110";"Concessão";"GO";"Centro Oeste";"2019";"Expansão";"";"3159200,73";"16829993,73"
"2026-06-26 13:43:48.523000000";"Chesp";"01377555000110";"Concessão";"GO";"Centro Oeste";"2019";"Melhoria";"";"280617,84";"360742,80"
"2026-06-26 13:43:48.523000000";"Chesp";"01377555000110";"Concessão";"GO";"Centro Oeste";"2020";"Expansão";"";"2087868,10";"22675405,28"
"2026-06-26 13:43:48.523000000";"Chesp";"01377555000110";"Concessão";"GO";"Centro Oeste";"2020";"Melhoria";"";"173226,88";"200000,00"
"2026-06-26 13:43:48.523000000";"Chesp";"01377555000110";"Concessão";"GO";"Centro Oeste";"2021";"Expansão";"";"5016609,72";"23546705,28"
"2026-06-26 13:43:48.523000000";"Chesp";"01377555000110";"Concessão";"GO";"Centro Oeste";"2021";"Melhoria";"";"170889,86";"445000,00"
"2026-06-26 13:43:48.523000000";"Chesp";"01377555000110";"Concessão";"GO";"Centro Oeste";"2022";"Expansão";"";"14965063,55";"20055453,12"
"2026-06-26 13:43:48.523000000";"Chesp";"01377555000110";"Concessão";"GO";"Centro Oeste";"2022";"Melhoria";"";"1374,33";"445000,00"
"2026-06-26 13:43:48.523000000";"Chesp";"01377555000110";"Concessão";"GO";"Centro Oeste";"2023";"Expansão";"";"19953844,84";"20019503,24"
"2026-06-26 13:43:48.523000000";"Chesp";"01377555000110";"Concessão";"GO";"Centro Oeste";"2023";"Melhoria";"";",00";"445000,00"
"2026-06-26 13:43:48.523000000";"Chesp";"01377555000110";"Concessão";"GO";"Centro Oeste";"2024";"Expansão";"";"18281769,02";"9743982,31"
"2026-06-26 13:43:48.523000000";"Chesp";"01377555000110";"Concessão";"GO";"Centro Oeste";"2024";"Melhoria";"";"59877,51";"310000,00"
"2026-06-26 13:43:48.523000000";"Chesp";"01377555000110";"Concessão";"GO";"Centro Oeste";"2025";"Expansão";"";"4310982,32";"5100000,00"
"2026-06-26 13:43:48.523000000";"Chesp";"01377555000110";"Concessão";"GO";"Centro Oeste";"2025";"Melhoria";"";"105572,46";"310000,00"
"2026-06-26 13:43:48.523000000";"Chesp";"01377555000110";"Concessão";"GO";"Centro Oeste";"2026";"Expansão";"";",00";"5000000,00"
"2026-06-26 13:43:48.523000000";"Chesp";"01377555000110";"Concessão";"GO";"Centro Oeste";"2026";"Melhoria";"";",00";"550000,00"
"2026-06-26 13:43:48.523000000";"Chesp";"01377555000110";"Concessão";"GO";"Centro Oeste";"2027";"Expansão";"";",00";"3650000,00"
"2026-06-26 13:43:48.523000000";"Chesp";"01377555000110";"Concessão";"GO";"Centro Oeste";"2028";"Expansão";"";",00";"3650000,00"
"2026-06-26 13:43:48.523000000";"Chesp";"01377555000110";"Concessão";"GO";"Centro Oeste";"2029";"Expansão";"";",00";"3650000,00"
"2026-06-26 13:43:48.523000000";"Chesp";"01377555000110";"Concessão";"GO";"Centro Oeste";"2030";"Expansão";"";",00";"3550000,00"
"2026-06-26 13:43:48.523000000";"CLFM";"52503802000118";"Concessão";"SP";"Sudeste";"2016";"Expansão";"";"6598125,19";"3192785,00"
"2026-06-26 13:43:48.523000000";"CLFM";"52503802000118";"Concessão";"SP";"Sudeste";"2016";"Melhoria";"";"3489405,53";"2913000,00"
"2026-06-26 13:43:48.523000000";"CLFM";"52503802000118";"Concessão";"SP";"Sudeste";"2016";"Renovação";"";"47594,06";"26000,00"
"2026-06-26 13:43:48.523000000";"CLFM";"52503802000118";"Concessão";"SP";"Sudeste";"2017";"Expansão";"";",00";"1422345,91"
"2026-06-26 13:43:48.523000000";"CLFM";"52503802000118";"Concessão";"SP";"Sudeste";"2017";"Expansão";"Obra com Participação Financeira";",00";"3228047,61"
"2026-06-26 13:43:48.523000000";"CLFM";"52503802000118";"Concessão";"SP";"Sudeste";"2017";"Melhoria";"";",00";"5517961,27"
"2026-06-26 13:43:48.523000000";"CLFM";"52503802000118";"Concessão";"SP";"Sudeste";"2017";"Renovação";"";",00";"142965,50"
"2026-06-26 13:43:48.523000000";"CLFSC";"61116265000144";"Concessão";"SP";"Sudeste";"2016";"Expansão";"";"15941,96";"217000,00"
"2026-06-26 13:43:48.523000000";"CLFSC";"61116265000144";"Concessão";"SP";"Sudeste";"2016";"Expansão";"Obra com Participação Financeira";"9699503,19";"9220743,00"
"2026-06-26 13:43:48.523000000";"CLFSC";"61116265000144";"Concessão";"SP";"Sudeste";"2016";"Melhoria";"";"13930451,35";"12060000,00"
"2026-06-26 13:43:48.523000000";"CLFSC";"61116265000144";"Concessão";"SP";"Sudeste";"2016";"Renovação";"";"176235,31";"31000,00"
"2026-06-26 13:43:48.523000000";"CLFSC";"61116265000144";"Concessão";"SP";"Sudeste";"2017";"Expansão";"";",00";"1046473,56"
"2026-06-26 13:43:48.523000000";"CLFSC";"61116265000144";"Concessão";"SP";"Sudeste";"2017";"Expansão";"Obra com Participação Financeira";",00";"9553440,23"
"2026-06-26 13:43:48.523000000";"CLFSC";"61116265000144";"Concessão";"SP";"Sudeste";"2017";"Melhoria";"";",00";"17899029,88"
"2026-06-26 13:43:48.523000000";"CLFSC";"61116265000144";"Concessão";"SP";"Sudeste";"2017";"Renovação";"";",00";"1289030,22"
"2026-06-26 13:43:48.523000000";"CNEE";"61416244000144";"Concessão";"SP";"Sudeste";"2016";"Expansão";"";"22517991,11";"7075410,86"
"2026-06-26 13:43:48.523000000";"CNEE";"61416244000144";"Concessão";"SP";"Sudeste";"2016";"Expansão";"Obra com Participação Financeira";"2112276,34";"2674767,65"
"2026-06-26 13:43:48.523000000";"CNEE";"61416244000144";"Concessão";"SP";"Sudeste";"2016";"Melhoria";"";"2045234,57";"2344456,59"
"2026-06-26 13:43:48.523000000";"CNEE";"61416244000144";"Concessão";"SP";"Sudeste";"2016";"Melhoria";"Obra com Participação Financeira";"168672,77";"586574,34"
"2026-06-26 13:43:48.523000000";"CNEE";"61416244000144";"Concessão";"SP";"Sudeste";"2016";"Renovação";"";"4785263,58";"4112612,06"
"2026-06-26 13:43:48.523000000";"CNEE";"61416244000144";"Concessão";"SP";"Sudeste";"2017";"Expansão";"";",00";"3521652,36"
"2026-06-26 13:43:48.523000000";"CNEE";"61416244000144";"Concessão";"SP";"Sudeste";"2017";"Expansão";"Obra com Participação Financeira";",00";"1918755,36"
"2026-06-26 13:43:48.523000000";"CNEE";"61416244000144";"Concessão";"SP";"Sudeste";"2017";"Melhoria";"";",00";"4133551,80"
"2026-06-26 13:43:48.523000000";"CNEE";"61416244000144";"Concessão";"SP";"Sudeste";"2017";"Renovação";"";",00";"1787352,76"
"2026-06-26 13:43:48.523000000";"Cocel";"75805895000130";"Concessão";"PR";"Sul";"2016";"Expansão";"";"1762521,23";"1293781,39"
"2026-06-26 13:43:48.523000000";"Cocel";"75805895000130";"Concessão";"PR";"Sul";"2016";"Melhoria";"";"1906401,97";"2178941,02"
"2026-06-26 13:43:48.523000000";"Cocel";"75805895000130";"Concessão";"PR";"Sul";"2016";"Renovação";"";"412406,17";"319853,19"
"2026-06-26 13:43:48.523000000";"Cocel";"75805895000130";"Concessão";"PR";"Sul";"2017";"Expansão";"";"907911,64";"1293781,39"
"2026-06-26 13:43:48.523000000";"Cocel";"75805895000130";"Concessão";"PR";"Sul";"2017";"Melhoria";"";"1696945,55";"1887122,80"
"2026-06-26 13:43:48.523000000";"Cocel";"75805895000130";"Concessão";"PR";"Sul";"2017";"Renovação";"";"279560,84";"319853,19"
"2026-06-26 13:43:48.523000000";"Cocel";"75805895000130";"Concessão";"PR";"Sul";"2018";"Expansão";"";"1211466,08";"1006742,20"
"2026-06-26 13:43:48.523000000";"Cocel";"75805895000130";"Concessão";"PR";"Sul";"2018";"Melhoria";"";"1629117,21";"1816006,55"
"2026-06-26 13:43:48.523000000";"Cocel";"75805895000130";"Concessão";"PR";"Sul";"2018";"Renovação";"";"375424,73";"305464,33"
"2026-06-26 13:43:48.523000000";"Cocel";"75805895000130";"Concessão";"PR";"Sul";"2019";"Expansão";"";"1124306,66";"1078164,15"
"2026-06-26 13:43:48.523000000";"Cocel";"75805895000130";"Concessão";"PR";"Sul";"2019";"Expansão";"Obra com Participação Financeira";"579808,31";",00"
"2026-06-26 13:43:48.523000000";"Cocel";"75805895000130";"Concessão";"PR";"Sul";"2019";"Melhoria";"";"1853373,88";"1023303,53"
"2026-06-26 13:43:48.523000000";"Cocel";"75805895000130";"Concessão";"PR";"Sul";"2019";"Renovação";"";"391608,90";"283427,45"
"2026-06-26 13:43:48.523000000";"Cocel";"75805895000130";"Concessão";"PR";"Sul";"2020";"Expansão";"";"1065797,34";"1078164,15"
"2026-06-26 13:43:48.523000000";"Cocel";"75805895000130";"Concessão";"PR";"Sul";"2020";"Expansão";"Obra com Participação Financeira";"490529,30";",00"
"2026-06-26 13:43:48.523000000";"Cocel";"75805895000130";"Concessão";"PR";"Sul";"2020";"Expansão";"Planejamento Setorial";"69075,02";",00"
"2026-06-26 13:43:48.523000000";"Cocel";"75805895000130";"Concessão";"PR";"Sul";"2020";"Melhoria";"";"1562702,87";"1023303,53"
"2026-06-26 13:43:48.523000000";"Cocel";"75805895000130";"Concessão";"PR";"Sul";"2020";"Renovação";"";"481383,35";"283427,45"
"2026-06-26 13:43:48.523000000";"Cocel";"75805895000130";"Concessão";"PR";"Sul";"2021";"Expansão";"";"2013729,58";"1078164,15"
"2026-06-26 13:43:48.523000000";"Cocel";"75805895000130";"Concessão";"PR";"Sul";"2021";"Expansão";"Obra com Participação Financeira";"1545464,10";",00"
"2026-06-26 13:43:48.523000000";"Cocel";"75805895000130";"Concessão";"PR";"Sul";"2021";"Melhoria";"";"2213376,05";"1023303,53"
"2026-06-26 13:43:48.523000000";"Cocel";"75805895000130";"Concessão";"PR";"Sul";"2021";"Renovação";"";"320222,63";"283427,45"
"2026-06-26 13:43:48.523000000";"Cocel";"75805895000130";"Concessão";"PR";"Sul";"2022";"Expansão";"";"1947593,75";"2069201,25"
"2026-06-26 13:43:48.523000000";"Cocel";"75805895000130";"Concessão";"PR";"Sul";"2022";"Melhoria";"";"2961966,04";"2087354,52"
"2026-06-26 13:43:48.523000000";"Cocel";"75805895000130";"Concessão";"PR";"Sul";"2022";"Renovação";"";"594024,45";"283427,45"
"2026-06-26 13:43:48.523000000";"Cocel";"75805895000130";"Concessão";"PR";"Sul";"2023";"Expansão";"";"1989525,09";"2069201,25"
"2026-06-26 13:43:48.523000000";"Cocel";"75805895000130";"Concessão";"PR";"Sul";"2023";"Melhoria";"";"1854951,56";"2087354,52"
"2026-06-26 13:43:48.523000000";"Cocel";"75805895000130";"Concessão";"PR";"Sul";"2023";"Renovação";"";"726140,19";"283427,45"
"2026-06-26 13:43:48.523000000";"Cocel";"75805895000130";"Concessão";"PR";"Sul";"2024";"Expansão";"";"2231239,79";"3087231,66"
"2026-06-26 13:43:48.523000000";"Cocel";"75805895000130";"Concessão";"PR";"Sul";"2024";"Expansão";"Obra com Participação Financeira";"1513793,14";",00"
"2026-06-26 13:43:48.523000000";"Cocel";"75805895000130";"Concessão";"PR";"Sul";"2024";"Melhoria";"";"2355023,69";"1947538,46"
"2026-06-26 13:43:48.523000000";"Cocel";"75805895000130";"Concessão";"PR";"Sul";"2024";"Renovação";"";"483819,47";"283427,45"
"2026-06-26 13:43:48.523000000";"Cocel";"75805895000130";"Concessão";"PR";"Sul";"2025";"Expansão";"";"2737034,68";"3148483,63"
"2026-06-26 13:43:48.523000000";"Cocel";"75805895000130";"Concessão";"PR";"Sul";"2025";"Melhoria";"";"2803865,27";"1947538,46"
"2026-06-26 13:43:48.523000000";"Cocel";"75805895000130";"Concessão";"PR";"Sul";"2025";"Renovação";"";"765123,16";"283427,45"
"2026-06-26 13:43:48.523000000";"Cocel";"75805895000130";"Concessão";"PR";"Sul";"2026";"Expansão";"";",00";"3148483,63"
"2026-06-26 13:43:48.523000000";"Cocel";"75805895000130";"Concessão";"PR";"Sul";"2026";"Melhoria";"";",00";"1947538,46"
"2026-06-26 13:43:48.523000000";"Cocel";"75805895000130";"Concessão";"PR";"Sul";"2026";"Renovação";"";",00";"283427,45"
"2026-06-26 13:43:48.523000000";"Cocel";"75805895000130";"Concessão";"PR";"Sul";"2027";"Expansão";"";",00";"1648483,63"
"2026-06-26 13:43:48.523000000";"Cocel";"75805895000130";"Concessão";"PR";"Sul";"2027";"Melhoria";"";",00";"1947538,46"
"2026-06-26 13:43:48.523000000";"Cocel";"75805895000130";"Concessão";"PR";"Sul";"2027";"Renovação";"";",00";"283427,45"
"2026-06-26 13:43:48.523000000";"Cocel";"75805895000130";"Concessão";"PR";"Sul";"2028";"Expansão";"";",00";"1648483,63"
"2026-06-26 13:43:48.523000000";"Cocel";"75805895000130";"Concessão";"PR";"Sul";"2028";"Melhoria";"";",00";"1947538,46"
"2026-06-26 13:43:48.523000000";"Cocel";"75805895000130";"Concessão";"PR";"Sul";"2028";"Renovação";"";",00";"283427,45"
"2026-06-26 13:43:48.523000000";"Cocel";"75805895000130";"Concessão";"PR";"Sul";"2029";"Expansão";"";",00";"1648483,63"
"2026-06-26 13:43:48.523000000";"Cocel";"75805895000130";"Concessão";"PR";"Sul";"2029";"Melhoria";"";",00";"1947538,46"
"2026-06-26 13:43:48.523000000";"Cocel";"75805895000130";"Concessão";"PR";"Sul";"2029";"Renovação";"";",00";"283427,45"
"2026-06-26 13:43:48.523000000";"Cocel";"75805895000130";"Concessão";"PR";"Sul";"2030";"Expansão";"";",00";"1648483,63"
"2026-06-26 13:43:48.523000000";"Cocel";"75805895000130";"Concessão";"PR";"Sul";"2030";"Melhoria";"";",00";"1947538,46"
"2026-06-26 13:43:48.523000000";"Cocel";"75805895000130";"Concessão";"PR";"Sul";"2030";"Renovação";"";",00";"283427,45"
"2026-06-26 13:43:48.523000000";"Coopera";"83646653000170";"Permissão";"SC";"Sul";"2016";"Expansão";"";"6630976,47";"6057356,88"
"2026-06-26 13:43:48.523000000";"Coopera";"83646653000170";"Permissão";"SC";"Sul";"2016";"Expansão";"Obra com Participação Financeira";"585868,17";",00"
"2026-06-26 13:43:48.523000000";"Coopera";"83646653000170";"Permissão";"SC";"Sul";"2016";"Melhoria";"";"1894906,82";"2831330,45"
"2026-06-26 13:43:48.523000000";"Coopera";"83646653000170";"Permissão";"SC";"Sul";"2016";"Renovação";"";"398979,69";",00"
"2026-06-26 13:43:48.523000000";"Coopera";"83646653000170";"Permissão";"SC";"Sul";"2017";"Expansão";"";"1085581,97";"1609415,57"
"2026-06-26 13:43:48.523000000";"Coopera";"83646653000170";"Permissão";"SC";"Sul";"2017";"Expansão";"Obra com Participação Financeira";"489077,35";",00"
"2026-06-26 13:43:48.523000000";"Coopera";"83646653000170";"Permissão";"SC";"Sul";"2017";"Melhoria";"";"2351339,29";"3148965,84"
"2026-06-26 13:43:48.523000000";"Coopera";"83646653000170";"Permissão";"SC";"Sul";"2017";"Renovação";"";"339027,01";",00"
"2026-06-26 13:43:48.523000000";"Coopera";"83646653000170";"Permissão";"SC";"Sul";"2018";"Expansão";"";"1186994,77";"1470721,69"
"2026-06-26 13:43:48.523000000";"Coopera";"83646653000170";"Permissão";"SC";"Sul";"2018";"Expansão";"Obra com Participação Financeira";"378743,29";",00"
"2026-06-26 13:43:48.523000000";"Coopera";"83646653000170";"Permissão";"SC";"Sul";"2018";"Expansão";"Planejamento Setorial";"72643,23";",00"
"2026-06-26 13:43:48.523000000";"Coopera";"83646653000170";"Permissão";"SC";"Sul";"2018";"Melhoria";"";"2033015,81";"2496851,44"
"2026-06-26 13:43:48.523000000";"Coopera";"83646653000170";"Permissão";"SC";"Sul";"2018";"Renovação";"";"203376,27";",00"
"2026-06-26 13:43:48.523000000";"Coopera";"83646653000170";"Permissão";"SC";"Sul";"2019";"Expansão";"";"1043226,16";"1282788,02"
"2026-06-26 13:43:48.523000000";"Coopera";"83646653000170";"Permissão";"SC";"Sul";"2019";"Expansão";"Obra com Participação Financeira";"349125,21";",00"
"2026-06-26 13:43:48.523000000";"Coopera";"83646653000170";"Permissão";"SC";"Sul";"2019";"Melhoria";"";"3324101,65";"5074660,37"
"2026-06-26 13:43:48.523000000";"Coopera";"83646653000170";"Permissão";"SC";"Sul";"2019";"Melhoria";"Planejamento Setorial";"2,00";",00"
"2026-06-26 13:43:48.523000000";"Coopera";"83646653000170";"Permissão";"SC";"Sul";"2019";"Renovação";"Planejamento Setorial";"237764,02";",00"
"2026-06-26 13:43:48.523000000";"Coopera";"83646653000170";"Permissão";"SC";"Sul";"2020";"Expansão";"";"1374952,50";"1003243,12"
"2026-06-26 13:43:48.523000000";"Coopera";"83646653000170";"Permissão";"SC";"Sul";"2020";"Expansão";"Obra com Participação Financeira";"882559,53";",00"
"2026-06-26 13:43:48.523000000";"Coopera";"83646653000170";"Permissão";"SC";"Sul";"2020";"Melhoria";"";"3414329,41";"2316857,32"
"2026-06-26 13:43:48.523000000";"Coopera";"83646653000170";"Permissão";"SC";"Sul";"2020";"Melhoria";"Planejamento Setorial";"701572,79";"341797,31"
"2026-06-26 13:43:48.523000000";"Coopera";"83646653000170";"Permissão";"SC";"Sul";"2020";"Renovação";"Planejamento Setorial";"243606,36";"226000,00"
"2026-06-26 13:43:48.523000000";"Coopera";"83646653000170";"Permissão";"SC";"Sul";"2021";"Expansão";"";"1449699,03";"1109642,83"
"2026-06-26 13:43:48.523000000";"Coopera";"83646653000170";"Permissão";"SC";"Sul";"2021";"Expansão";"Obra com Participação Financeira";"2298664,86";",00"
"2026-06-26 13:43:48.523000000";"Coopera";"83646653000170";"Permissão";"SC";"Sul";"2021";"Melhoria";"";"4526583,14";"4633458,96"
"2026-06-26 13:43:48.523000000";"Coopera";"83646653000170";"Permissão";"SC";"Sul";"2021";"Renovação";"Planejamento Setorial";"296065,40";"226000,00"
"2026-06-26 13:43:48.523000000";"Coopera";"83646653000170";"Permissão";"SC";"Sul";"2022";"Expansão";"";"1378041,26";"1109642,83"
"2026-06-26 13:43:48.523000000";"Coopera";"83646653000170";"Permissão";"SC";"Sul";"2022";"Expansão";"Obra com Participação Financeira";"1531151,31";",00"
"2026-06-26 13:43:48.523000000";"Coopera";"83646653000170";"Permissão";"SC";"Sul";"2022";"Melhoria";"";"4726299,34";"4765485,70"
"2026-06-26 13:43:48.523000000";"Coopera";"83646653000170";"Permissão";"SC";"Sul";"2022";"Renovação";"Planejamento Setorial";"306391,01";"226000,00"
"2026-06-26 13:43:48.523000000";"Coopera";"83646653000170";"Permissão";"SC";"Sul";"2023";"Expansão";"";"2080279,50";"1859874,70"
"2026-06-26 13:43:48.523000000";"Coopera";"83646653000170";"Permissão";"SC";"Sul";"2023";"Expansão";"Obra com Participação Financeira";"2707702,90";",00"
"2026-06-26 13:43:48.523000000";"Coopera";"83646653000170";"Permissão";"SC";"Sul";"2023";"Melhoria";"";"2889380,55";"5913508,45"
"2026-06-26 13:43:48.523000000";"Coopera";"83646653000170";"Permissão";"SC";"Sul";"2023";"Renovação";"";"32057,15";",00"
"2026-06-26 13:43:48.523000000";"Coopera";"83646653000170";"Permissão";"SC";"Sul";"2023";"Renovação";"Planejamento Setorial";"317751,17";"226000,00"
"2026-06-26 13:43:48.523000000";"Coopera";"83646653000170";"Permissão";"SC";"Sul";"2024";"Expansão";"";"1425808,25";"1859874,70"
"2026-06-26 13:43:48.523000000";"Coopera";"83646653000170";"Permissão";"SC";"Sul";"2024";"Expansão";"Obra com Participação Financeira";"4830205,98";",00"
"2026-06-26 13:43:48.523000000";"Coopera";"83646653000170";"Permissão";"SC";"Sul";"2024";"Expansão";"Planejamento Setorial";"811877,91";",00"
"2026-06-26 13:43:48.523000000";"Coopera";"83646653000170";"Permissão";"SC";"Sul";"2024";"Melhoria";"";"3012805,97";"3837389,28"
"2026-06-26 13:43:48.523000000";"Coopera";"83646653000170";"Permissão";"SC";"Sul";"2024";"Renovação";"Planejamento Setorial";"351650,66";"226000,00"
"2026-06-26 13:43:48.523000000";"Coopera";"83646653000170";"Permissão";"SC";"Sul";"2025";"Expansão";"";"1951634,57";"1859874,70"
"2026-06-26 13:43:48.523000000";"Coopera";"83646653000170";"Permissão";"SC";"Sul";"2025";"Expansão";"Obra com Participação Financeira";"1940331,11";",00"
"2026-06-26 13:43:48.523000000";"Coopera";"83646653000170";"Permissão";"SC";"Sul";"2025";"Expansão";"Planejamento Setorial";",00";"266642,50"
"2026-06-26 13:43:48.523000000";"Coopera";"83646653000170";"Permissão";"SC";"Sul";"2025";"Melhoria";"";"4171771,99";"1605486,56"
"2026-06-26 13:43:48.523000000";"Coopera";"83646653000170";"Permissão";"SC";"Sul";"2025";"Melhoria";"Planejamento Setorial";"497642,54";"516398,64"
"2026-06-26 13:43:48.523000000";"Coopera";"83646653000170";"Permissão";"SC";"Sul";"2025";"Renovação";"";"193369,42";",00"
"2026-06-26 13:43:48.523000000";"Coopera";"83646653000170";"Permissão";"SC";"Sul";"2025";"Renovação";"Planejamento Setorial";"546000,34";"546000,34"
"2026-06-26 13:43:48.523000000";"Coopera";"83646653000170";"Permissão";"SC";"Sul";"2026";"Expansão";"";",00";"2076693,68"
"2026-06-26 13:43:48.523000000";"Coopera";"83646653000170";"Permissão";"SC";"Sul";"2026";"Melhoria";"";",00";"1592925,26"
"2026-06-26 13:43:48.523000000";"Coopera";"83646653000170";"Permissão";"SC";"Sul";"2026";"Melhoria";"Planejamento Setorial";",00";"2118260,52"
"2026-06-26 13:43:48.523000000";"Coopera";"83646653000170";"Permissão";"SC";"Sul";"2026";"Renovação";"Planejamento Setorial";",00";"418000,00"
"2026-06-26 13:43:48.523000000";"Coopera";"83646653000170";"Permissão";"SC";"Sul";"2027";"Expansão";"";",00";"31276693,68"
"2026-06-26 13:43:48.523000000";"Coopera";"83646653000170";"Permissão";"SC";"Sul";"2027";"Melhoria";"";",00";"1592925,26"
"2026-06-26 13:43:48.523000000";"Coopera";"83646653000170";"Permissão";"SC";"Sul";"2027";"Renovação";"Planejamento Setorial";",00";"418000,00"
"2026-06-26 13:43:48.523000000";"Coopera";"83646653000170";"Permissão";"SC";"Sul";"2028";"Expansão";"";",00";"2076693,68"
"2026-06-26 13:43:48.523000000";"Coopera";"83646653000170";"Permissão";"SC";"Sul";"2028";"Melhoria";"";",00";"1592925,26"
"2026-06-26 13:43:48.523000000";"Coopera";"83646653000170";"Permissão";"SC";"Sul";"2028";"Renovação";"Planejamento Setorial";",00";"418000,00"
"2026-06-26 13:43:48.523000000";"Coopera";"83646653000170";"Permissão";"SC";"Sul";"2029";"Expansão";"";",00";"2076693,68"
"2026-06-26 13:43:48.523000000";"Coopera";"83646653000170";"Permissão";"SC";"Sul";"2029";"Melhoria";"";",00";"1592925,26"
"2026-06-26 13:43:48.523000000";"Coopera";"83646653000170";"Permissão";"SC";"Sul";"2029";"Renovação";"Planejamento Setorial";",00";"418000,00"
"2026-06-26 13:43:48.523000000";"Coopera";"83646653000170";"Permissão";"SC";"Sul";"2030";"Expansão";"";",00";"2076693,68"
"2026-06-26 13:43:48.523000000";"Coopera";"83646653000170";"Permissão";"SC";"Sul";"2030";"Melhoria";"";",00";"1592925,26"
"2026-06-26 13:43:48.523000000";"Coopera";"83646653000170";"Permissão";"SC";"Sul";"2030";"Renovação";"Planejamento Setorial";",00";"418000,00"
"2026-06-26 13:43:48.523000000";"Cooperaliança";"83647990000181";"Concessão";"SC";"Sul";"2016";"Expansão";"Planejamento Setorial";",00";"1229780,00"
"2026-06-26 13:43:48.523000000";"Cooperaliança";"83647990000181";"Concessão";"SC";"Sul";"2016";"Melhoria";"Planejamento Setorial";"4613074,48";"3015500,00"
"2026-06-26 13:43:48.523000000";"Cooperaliança";"83647990000181";"Concessão";"SC";"Sul";"2017";"Expansão";"";",00";"1500000,00"
"2026-06-26 13:43:48.523000000";"Cooperaliança";"83647990000181";"Concessão";"SC";"Sul";"2017";"Melhoria";"Planejamento Setorial";"1202707,53";"1405500,00"
"2026-06-26 13:43:48.523000000";"Cooperaliança";"83647990000181";"Concessão";"SC";"Sul";"2017";"Renovação";"Planejamento Setorial";"3608122,60";"2117000,00"
"2026-06-26 13:43:48.523000000";"Cooperaliança";"83647990000181";"Concessão";"SC";"Sul";"2018";"Melhoria";"Planejamento Setorial";"5291134,00";"2737200,00"
"2026-06-26 13:43:48.523000000";"Cooperaliança";"83647990000181";"Concessão";"SC";"Sul";"2019";"Expansão";"Planejamento Setorial";"158938,83";"1234500,00"
"2026-06-26 13:43:48.523000000";"Cooperaliança";"83647990000181";"Concessão";"SC";"Sul";"2019";"Melhoria";"Planejamento Setorial";"3541979,40";"2398960,00"
"2026-06-26 13:43:48.523000000";"Cooperaliança";"83647990000181";"Concessão";"SC";"Sul";"2019";"Renovação";"Planejamento Setorial";"832300,17";"120000,00"
"2026-06-26 13:43:48.523000000";"Cooperaliança";"83647990000181";"Concessão";"SC";"Sul";"2020";"Expansão";"Planejamento Setorial";"5771622,81";"5480000,00"
"2026-06-26 13:43:48.523000000";"Cooperaliança";"83647990000181";"Concessão";"SC";"Sul";"2020";"Melhoria";"Planejamento Setorial";"3434194,47";"1310000,00"
"2026-06-26 13:43:48.523000000";"Cooperaliança";"83647990000181";"Concessão";"SC";"Sul";"2020";"Renovação";"Planejamento Setorial";"1048882,72";"830000,00"
"2026-06-26 13:43:48.523000000";"Cooperaliança";"83647990000181";"Concessão";"SC";"Sul";"2021";"Expansão";"Planejamento Setorial";"3810589,93";"3050001,00"
"2026-06-26 13:43:48.523000000";"Cooperaliança";"83647990000181";"Concessão";"SC";"Sul";"2021";"Melhoria";"Planejamento Setorial";"1670228,41";"1470000,00"
"2026-06-26 13:43:48.523000000";"Cooperaliança";"83647990000181";"Concessão";"SC";"Sul";"2021";"Renovação";"Planejamento Setorial";"1372949,90";"1320000,00"
"2026-06-26 13:43:48.523000000";"Cooperaliança";"83647990000181";"Concessão";"SC";"Sul";"2022";"Expansão";"Planejamento Setorial";"5086341,85";"4200000,00"
"2026-06-26 13:43:48.523000000";"Cooperaliança";"83647990000181";"Concessão";"SC";"Sul";"2022";"Melhoria";"Planejamento Setorial";"4255400,37";"3000000,00"
"2026-06-26 13:43:48.523000000";"Cooperaliança";"83647990000181";"Concessão";"SC";"Sul";"2023";"Expansão";"Planejamento Setorial";"5106405,09";"8200000,00"
"2026-06-26 13:43:48.523000000";"Cooperaliança";"83647990000181";"Concessão";"SC";"Sul";"2023";"Melhoria";"Planejamento Setorial";"4516476,47";"5800000,00"
"2026-06-26 13:43:48.523000000";"Cooperaliança";"83647990000181";"Concessão";"SC";"Sul";"2024";"Expansão";"Planejamento Setorial";"5122338,93";"10600000,00"
"2026-06-26 13:43:48.523000000";"Cooperaliança";"83647990000181";"Concessão";"SC";"Sul";"2024";"Melhoria";"Planejamento Setorial";"3162169,00";"4900000,00"
"2026-06-26 13:43:48.523000000";"Cooperaliança";"83647990000181";"Concessão";"SC";"Sul";"2025";"Expansão";"Planejamento Setorial";"2623835,80";"11250000,00"
"2026-06-26 13:43:48.523000000";"Cooperaliança";"83647990000181";"Concessão";"SC";"Sul";"2025";"Melhoria";"Planejamento Setorial";"2667305,98";"5700000,00"
"2026-06-26 13:43:48.523000000";"Cooperaliança";"83647990000181";"Concessão";"SC";"Sul";"2026";"Expansão";"Planejamento Setorial";",00";"6519989,95"
"2026-06-26 13:43:48.523000000";"Cooperaliança";"83647990000181";"Concessão";"SC";"Sul";"2026";"Melhoria";"Planejamento Setorial";",00";"2589999,99"
"2026-06-26 13:43:48.523000000";"Cooperaliança";"83647990000181";"Concessão";"SC";"Sul";"2027";"Expansão";"Planejamento Setorial";",00";"2000000,00"
"2026-06-26 13:43:48.523000000";"Cooperaliança";"83647990000181";"Concessão";"SC";"Sul";"2028";"Expansão";"Planejamento Setorial";",00";"12746000,00"
"2026-06-26 13:43:48.523000000";"Cooperaliança";"83647990000181";"Concessão";"SC";"Sul";"2029";"Melhoria";"Planejamento Setorial";",00";"900000,00"
"2026-06-26 13:43:48.523000000";"Cooperaliança";"83647990000181";"Concessão";"SC";"Sul";"2030";"Melhoria";"Planejamento Setorial";",00";"3000000,00"
"2026-06-26 13:43:48.523000000";"Coopercocal";"86532348000145";"Permissão";"SC";"Sul";"2016";"Expansão";"";"862292,26";"764556,94"
"2026-06-26 13:43:48.523000000";"Coopercocal";"86532348000145";"Permissão";"SC";"Sul";"2016";"Expansão";"Planejamento Setorial";"570897,65";",00"
"2026-06-26 13:43:48.523000000";"Coopercocal";"86532348000145";"Permissão";"SC";"Sul";"2016";"Melhoria";"";",00";"1650000,00"
"2026-06-26 13:43:48.523000000";"Coopercocal";"86532348000145";"Permissão";"SC";"Sul";"2016";"Melhoria";"Planejamento Setorial";"50965,24";",00"
"2026-06-26 13:43:48.523000000";"Coopercocal";"86532348000145";"Permissão";"SC";"Sul";"2016";"Renovação";"";"660210,70";"544000,00"
"2026-06-26 13:43:48.523000000";"Coopercocal";"86532348000145";"Permissão";"SC";"Sul";"2016";"Renovação";"Planejamento Setorial";"100857,29";",00"
"2026-06-26 13:43:48.523000000";"Coopercocal";"86532348000145";"Permissão";"SC";"Sul";"2017";"Expansão";"";"593197,90";"602134,00"
"2026-06-26 13:43:48.523000000";"Coopercocal";"86532348000145";"Permissão";"SC";"Sul";"2017";"Expansão";"Planejamento Setorial";"1124406,07";"300000,00"
"2026-06-26 13:43:48.523000000";"Coopercocal";"86532348000145";"Permissão";"SC";"Sul";"2017";"Melhoria";"Planejamento Setorial";"1875423,00";"1823125,18"
"2026-06-26 13:43:48.523000000";"Coopercocal";"86532348000145";"Permissão";"SC";"Sul";"2017";"Renovação";"";"206751,82";"205000,00"
"2026-06-26 13:43:48.523000000";"Coopercocal";"86532348000145";"Permissão";"SC";"Sul";"2017";"Renovação";"Planejamento Setorial";"77555,27";",00"
"2026-06-26 13:43:48.523000000";"Coopercocal";"86532348000145";"Permissão";"SC";"Sul";"2018";"Expansão";"";"930816,90";"904094,50"
"2026-06-26 13:43:48.523000000";"Coopercocal";"86532348000145";"Permissão";"SC";"Sul";"2018";"Expansão";"Planejamento Setorial";"1782320,58";"710000,00"
"2026-06-26 13:43:48.523000000";"Coopercocal";"86532348000145";"Permissão";"SC";"Sul";"2018";"Melhoria";"";",00";"130000,00"
"2026-06-26 13:43:48.523000000";"Coopercocal";"86532348000145";"Permissão";"SC";"Sul";"2018";"Melhoria";"Planejamento Setorial";"86346,48";",00"
"2026-06-26 13:43:48.523000000";"Coopercocal";"86532348000145";"Permissão";"SC";"Sul";"2018";"Renovação";"";"335536,46";"330500,00"
"2026-06-26 13:43:48.523000000";"Coopercocal";"86532348000145";"Permissão";"SC";"Sul";"2018";"Renovação";"Planejamento Setorial";"22465,36";",00"
"2026-06-26 13:43:48.523000000";"Coopercocal";"86532348000145";"Permissão";"SC";"Sul";"2019";"Expansão";"Planejamento Setorial";"2756357,16";"1756423,06"
"2026-06-26 13:43:48.523000000";"Coopercocal";"86532348000145";"Permissão";"SC";"Sul";"2019";"Melhoria";"Planejamento Setorial";",00";"130000,00"
"2026-06-26 13:43:48.523000000";"Coopercocal";"86532348000145";"Permissão";"SC";"Sul";"2019";"Renovação";"Planejamento Setorial";"219540,62";"225000,00"
"2026-06-26 13:43:48.523000000";"Coopercocal";"86532348000145";"Permissão";"SC";"Sul";"2020";"Expansão";"Planejamento Setorial";"2144696,90";"1249959,00"
"2026-06-26 13:43:48.523000000";"Coopercocal";"86532348000145";"Permissão";"SC";"Sul";"2020";"Melhoria";"Planejamento Setorial";"199807,61";"300000,00"
"2026-06-26 13:43:48.523000000";"Coopercocal";"86532348000145";"Permissão";"SC";"Sul";"2020";"Renovação";"Planejamento Setorial";"508249,30";"240000,00"
"2026-06-26 13:43:48.523000000";"Coopercocal";"86532348000145";"Permissão";"SC";"Sul";"2021";"Expansão";"Planejamento Setorial";"2734480,55";"2116280,00"
"2026-06-26 13:43:48.523000000";"Coopercocal";"86532348000145";"Permissão";"SC";"Sul";"2021";"Melhoria";"Planejamento Setorial";"9487,54";"150000,00"
"2026-06-26 13:43:48.523000000";"Coopercocal";"86532348000145";"Permissão";"SC";"Sul";"2021";"Renovação";"Planejamento Setorial";"538383,48";"335000,00"
"2026-06-26 13:43:48.523000000";"Coopercocal";"86532348000145";"Permissão";"SC";"Sul";"2022";"Expansão";"Planejamento Setorial";"1906693,33";"1384400,00"
"2026-06-26 13:43:48.523000000";"Coopercocal";"86532348000145";"Permissão";"SC";"Sul";"2022";"Melhoria";"Planejamento Setorial";"99516,99";"562600,00"
"2026-06-26 13:43:48.523000000";"Coopercocal";"86532348000145";"Permissão";"SC";"Sul";"2022";"Renovação";"Planejamento Setorial";"580348,17";"190000,00"
"2026-06-26 13:43:48.523000000";"Coopercocal";"86532348000145";"Permissão";"SC";"Sul";"2023";"Expansão";"Planejamento Setorial";"18969400,70";"16585000,57"
"2026-06-26 13:43:48.523000000";"Coopercocal";"86532348000145";"Permissão";"SC";"Sul";"2023";"Melhoria";"Planejamento Setorial";"652650,21";"650000,00"
"2026-06-26 13:43:48.523000000";"Coopercocal";"86532348000145";"Permissão";"SC";"Sul";"2023";"Renovação";"Planejamento Setorial";"531105,47";"110000,00"
"2026-06-26 13:43:48.523000000";"Coopercocal";"86532348000145";"Permissão";"SC";"Sul";"2024";"Expansão";"Planejamento Setorial";"1622239,74";"1444692,80"
"2026-06-26 13:43:48.523000000";"Coopercocal";"86532348000145";"Permissão";"SC";"Sul";"2024";"Melhoria";"Planejamento Setorial";"636677,28";"1005339,07"
"2026-06-26 13:43:48.523000000";"Coopercocal";"86532348000145";"Permissão";"SC";"Sul";"2024";"Renovação";"Planejamento Setorial";"465842,91";"700000,00"
"2026-06-26 13:43:48.523000000";"Coopercocal";"86532348000145";"Permissão";"SC";"Sul";"2025";"Expansão";"Planejamento Setorial";"3917002,47";"2119935,42"
"2026-06-26 13:43:48.523000000";"Coopercocal";"86532348000145";"Permissão";"SC";"Sul";"2025";"Melhoria";"Planejamento Setorial";"1019381,52";",00"
"2026-06-26 13:43:48.523000000";"Coopercocal";"86532348000145";"Permissão";"SC";"Sul";"2025";"Renovação";"Planejamento Setorial";"575214,37";"380000,00"
"2026-06-26 13:43:48.523000000";"Coopercocal";"86532348000145";"Permissão";"SC";"Sul";"2026";"Expansão";"Planejamento Setorial";",00";"1579997,97"
"2026-06-26 13:43:48.523000000";"Coopercocal";"86532348000145";"Permissão";"SC";"Sul";"2026";"Renovação";"Planejamento Setorial";",00";"170000,00"
"2026-06-26 13:43:48.523000000";"Coopercocal";"86532348000145";"Permissão";"SC";"Sul";"2027";"Expansão";"Planejamento Setorial";",00";"1385650,58"
"2026-06-26 13:43:48.523000000";"Coopercocal";"86532348000145";"Permissão";"SC";"Sul";"2027";"Renovação";"Planejamento Setorial";",00";"436800,00"
"2026-06-26 13:43:48.523000000";"Coopercocal";"86532348000145";"Permissão";"SC";"Sul";"2028";"Expansão";"Planejamento Setorial";",00";"1714124,59"
"2026-06-26 13:43:48.523000000";"Coopercocal";"86532348000145";"Permissão";"SC";"Sul";"2028";"Renovação";"Planejamento Setorial";",00";"183872,00"
"2026-06-26 13:43:48.523000000";"Coopercocal";"86532348000145";"Permissão";"SC";"Sul";"2029";"Expansão";"Planejamento Setorial";",00";"1786630,95"
"2026-06-26 13:43:48.523000000";"Coopercocal";"86532348000145";"Permissão";"SC";"Sul";"2029";"Renovação";"Planejamento Setorial";",00";"191226,88"
"2026-06-26 13:43:48.523000000";"Coopercocal";"86532348000145";"Permissão";"SC";"Sul";"2030";"Expansão";"Planejamento Setorial";",00";"1862023,78"
"2026-06-26 13:43:48.523000000";"Coopercocal";"86532348000145";"Permissão";"SC";"Sul";"2030";"Renovação";"Planejamento Setorial";",00";"198875,94"
"2026-06-26 13:43:48.523000000";"Cooperluz";"95824322000161";"Permissão";"RS";"Sul";"2016";"Expansão";"";"18084755,05";"15050921,67"
"2026-06-26 13:43:48.523000000";"Cooperluz";"95824322000161";"Permissão";"RS";"Sul";"2016";"Melhoria";"";"501816,35";"150000,00"
"2026-06-26 13:43:48.523000000";"Cooperluz";"95824322000161";"Permissão";"RS";"Sul";"2017";"Expansão";"";"2867465,97";"2829556,48"
"2026-06-26 13:43:48.523000000";"Cooperluz";"95824322000161";"Permissão";"RS";"Sul";"2017";"Expansão";"Obra com Participação Financeira";"98404,00";"98044,31"
"2026-06-26 13:43:48.523000000";"Cooperluz";"95824322000161";"Permissão";"RS";"Sul";"2017";"Melhoria";"";"712424,19";"755600,00"
"2026-06-26 13:43:48.523000000";"Cooperluz";"95824322000161";"Permissão";"RS";"Sul";"2018";"Expansão";"";"4300884,79";"4511192,60"
"2026-06-26 13:43:48.523000000";"Cooperluz";"95824322000161";"Permissão";"RS";"Sul";"2018";"Melhoria";"";"662786,22";"542600,00"
"2026-06-26 13:43:48.523000000";"Cooperluz";"95824322000161";"Permissão";"RS";"Sul";"2019";"Expansão";"";"5491944,27";"4294874,00"
"2026-06-26 13:43:48.523000000";"Cooperluz";"95824322000161";"Permissão";"RS";"Sul";"2019";"Melhoria";"";"2997858,64";"3411344,00"
"2026-06-26 13:43:48.523000000";"Cooperluz";"95824322000161";"Permissão";"RS";"Sul";"2020";"Expansão";"";"4142497,21";"4075763,00"
"2026-06-26 13:43:48.523000000";"Cooperluz";"95824322000161";"Permissão";"RS";"Sul";"2020";"Melhoria";"";"1089851,24";"670000,00"
"2026-06-26 13:43:48.523000000";"Cooperluz";"95824322000161";"Permissão";"RS";"Sul";"2020";"Renovação";"";"548228,91";"1681201,00"
"2026-06-26 13:43:48.523000000";"Cooperluz";"95824322000161";"Permissão";"RS";"Sul";"2021";"Expansão";"";"7376194,52";"4655304,00"
"2026-06-26 13:43:48.523000000";"Cooperluz";"95824322000161";"Permissão";"RS";"Sul";"2021";"Melhoria";"";"1000928,45";"560000,00"
"2026-06-26 13:43:48.523000000";"Cooperluz";"95824322000161";"Permissão";"RS";"Sul";"2021";"Renovação";"";"482260,94";"498301,00"
"2026-06-26 13:43:48.523000000";"Cooperluz";"95824322000161";"Permissão";"RS";"Sul";"2022";"Expansão";"";"8093801,50";"7755835,00"
"2026-06-26 13:43:48.523000000";"Cooperluz";"95824322000161";"Permissão";"RS";"Sul";"2022";"Melhoria";"";"440493,54";"520000,00"
"2026-06-26 13:43:48.523000000";"Cooperluz";"95824322000161";"Permissão";"RS";"Sul";"2023";"Expansão";"";"8108566,91";"7418480,00"
"2026-06-26 13:43:48.523000000";"Cooperluz";"95824322000161";"Permissão";"RS";"Sul";"2023";"Melhoria";"";"587303,67";"740000,00"
"2026-06-26 13:43:48.523000000";"Cooperluz";"95824322000161";"Permissão";"RS";"Sul";"2024";"Expansão";"";"8552954,20";"5156870,00"
"2026-06-26 13:43:48.523000000";"Cooperluz";"95824322000161";"Permissão";"RS";"Sul";"2024";"Melhoria";"";"812268,66";"903913,20"
"2026-06-26 13:43:48.523000000";"Cooperluz";"95824322000161";"Permissão";"RS";"Sul";"2024";"Renovação";"";"1900059,08";"3773760,00"
"2026-06-26 13:43:48.523000000";"Cooperluz";"95824322000161";"Permissão";"RS";"Sul";"2025";"Expansão";"";"10553249,85";"16450865,00"
"2026-06-26 13:43:48.523000000";"Cooperluz";"95824322000161";"Permissão";"RS";"Sul";"2025";"Melhoria";"";"5075063,94";"3450305,00"
"2026-06-26 13:43:48.523000000";"Cooperluz";"95824322000161";"Permissão";"RS";"Sul";"2025";"Renovação";"";"252697,02";"1142500,00"
"2026-06-26 13:43:48.523000000";"Cooperluz";"95824322000161";"Permissão";"RS";"Sul";"2026";"Expansão";"";",00";"18248630,00"
"2026-06-26 13:43:48.523000000";"Cooperluz";"95824322000161";"Permissão";"RS";"Sul";"2026";"Melhoria";"";",00";"1214000,00"
"2026-06-26 13:43:48.523000000";"Cooperluz";"95824322000161";"Permissão";"RS";"Sul";"2026";"Renovação";"";",00";"1383100,00"
"2026-06-26 13:43:48.523000000";"Cooperluz";"95824322000161";"Permissão";"RS";"Sul";"2027";"Expansão";"";",00";"11828480,00"
"2026-06-26 13:43:48.523000000";"Cooperluz";"95824322000161";"Permissão";"RS";"Sul";"2027";"Melhoria";"";",00";"352000,00"
"2026-06-26 13:43:48.523000000";"Cooperluz";"95824322000161";"Permissão";"RS";"Sul";"2028";"Expansão";"";",00";"10707180,00"
"2026-06-26 13:43:48.523000000";"Cooperluz";"95824322000161";"Permissão";"RS";"Sul";"2028";"Melhoria";"";",00";"120000,00"
"2026-06-26 13:43:48.523000000";"Cooperluz";"95824322000161";"Permissão";"RS";"Sul";"2029";"Expansão";"";",00";"9733765,00"
"2026-06-26 13:43:48.523000000";"Cooperluz";"95824322000161";"Permissão";"RS";"Sul";"2030";"Expansão";"";",00";"9174435,00"
"2026-06-26 13:43:48.523000000";"Coopermila";"75568154000183";"Permissão";"SC";"Sul";"2016";"Expansão";"";"290352,52";"326714,00"
"2026-06-26 13:43:48.523000000";"Coopermila";"75568154000183";"Permissão";"SC";"Sul";"2016";"Melhoria";"";"105311,75";",00"
"2026-06-26 13:43:48.523000000";"Coopermila";"75568154000183";"Permissão";"SC";"Sul";"2016";"Renovação";"";"32788,27";"39925,00"
"2026-06-26 13:43:48.523000000";"Coopermila";"75568154000183";"Permissão";"SC";"Sul";"2017";"Expansão";"";"254927,45";"284151,00"
"2026-06-26 13:43:48.523000000";"Coopermila";"75568154000183";"Permissão";"SC";"Sul";"2017";"Renovação";"";"41571,57";",00"
"2026-06-26 13:43:48.523000000";"Coopermila";"75568154000183";"Permissão";"SC";"Sul";"2018";"Expansão";"";"288295,65";"305605,00"
"2026-06-26 13:43:48.523000000";"Coopermila";"75568154000183";"Permissão";"SC";"Sul";"2018";"Melhoria";"";"180964,76";"125000,00"
"2026-06-26 13:43:48.523000000";"Coopermila";"75568154000183";"Permissão";"SC";"Sul";"2018";"Renovação";"";"12972,41";",00"
"2026-06-26 13:43:48.523000000";"Coopermila";"75568154000183";"Permissão";"SC";"Sul";"2019";"Expansão";"";"260880,36";"256610,00"
"2026-06-26 13:43:48.523000000";"Coopermila";"75568154000183";"Permissão";"SC";"Sul";"2019";"Melhoria";"";"233085,34";"257925,00"
"2026-06-26 13:43:48.523000000";"Coopermila";"75568154000183";"Permissão";"SC";"Sul";"2019";"Renovação";"";"44903,52";",00"
"2026-06-26 13:43:48.523000000";"Coopermila";"75568154000183";"Permissão";"SC";"Sul";"2020";"Expansão";"";"337741,12";"392680,00"
"2026-06-26 13:43:48.523000000";"Coopermila";"75568154000183";"Permissão";"SC";"Sul";"2020";"Renovação";"";"21840,73";",00"
"2026-06-26 13:43:48.523000000";"Coopermila";"75568154000183";"Permissão";"SC";"Sul";"2021";"Expansão";"";"577275,59";"400180,00"
"2026-06-26 13:43:48.523000000";"Coopermila";"75568154000183";"Permissão";"SC";"Sul";"2021";"Renovação";"";"59516,17";",00"
"2026-06-26 13:43:48.523000000";"Coopermila";"75568154000183";"Permissão";"SC";"Sul";"2022";"Expansão";"";"396923,65";"359039,36"
"2026-06-26 13:43:48.523000000";"Coopermila";"75568154000183";"Permissão";"SC";"Sul";"2022";"Renovação";"";"112455,10";",00"
"2026-06-26 13:43:48.523000000";"Coopermila";"75568154000183";"Permissão";"SC";"Sul";"2023";"Expansão";"";"356667,22";"323922,71"
"2026-06-26 13:43:48.523000000";"Coopermila";"75568154000183";"Permissão";"SC";"Sul";"2023";"Renovação";"";"308139,87";",00"
"2026-06-26 13:43:48.523000000";"Coopermila";"75568154000183";"Permissão";"SC";"Sul";"2024";"Expansão";"";"443909,86";"424445,76"
"2026-06-26 13:43:48.523000000";"Coopermila";"75568154000183";"Permissão";"SC";"Sul";"2025";"Expansão";"";"590558,49";"532814,05"
"2026-06-26 13:43:48.523000000";"Coopermila";"75568154000183";"Permissão";"SC";"Sul";"2026";"Expansão";"";",00";"558018,37"
"2026-06-26 13:43:48.523000000";"Coopermila";"75568154000183";"Permissão";"SC";"Sul";"2027";"Expansão";"";",00";"578072,87"
"2026-06-26 13:43:48.523000000";"Coopermila";"75568154000183";"Permissão";"SC";"Sul";"2028";"Expansão";"";",00";"593477,37"
"2026-06-26 13:43:48.523000000";"Coopermila";"75568154000183";"Permissão";"SC";"Sul";"2029";"Expansão";"";",00";"609056,87"
"2026-06-26 13:43:48.523000000";"Coopermila";"75568154000183";"Permissão";"SC";"Sul";"2030";"Expansão";"";",00";"624936,37"
"2026-06-26 13:43:48.523000000";"Coopernorte";"88022918000182";"Permissão";"RS";"Sul";"2024";"Expansão";"";"393807,60";"454843,25"
"2026-06-26 13:43:48.523000000";"Coopernorte";"88022918000182";"Permissão";"RS";"Sul";"2024";"Expansão";"Obra com Participação Financeira";"39895,18";"42276,33"
"2026-06-26 13:43:48.523000000";"Coopernorte";"88022918000182";"Permissão";"RS";"Sul";"2024";"Melhoria";"";"2826633,83";"3325604,97"
"2026-06-26 13:43:48.523000000";"Coopernorte";"88022918000182";"Permissão";"RS";"Sul";"2024";"Renovação";"";"464378,74";"292102,78"
"2026-06-26 13:43:48.523000000";"Coopernorte";"88022918000182";"Permissão";"RS";"Sul";"2025";"Expansão";"";"846783,89";"846783,90"
"2026-06-26 13:43:48.523000000";"Coopernorte";"88022918000182";"Permissão";"RS";"Sul";"2025";"Expansão";"Obra com Participação Financeira";"25561,10";"24118,21"
"2026-06-26 13:43:48.523000000";"Coopernorte";"88022918000182";"Permissão";"RS";"Sul";"2025";"Melhoria";"";"1216471,13";"1988734,87"
"2026-06-26 13:43:48.523000000";"Coopernorte";"88022918000182";"Permissão";"RS";"Sul";"2025";"Renovação";"";"542084,28";"542084,28"
"2026-06-26 13:43:48.523000000";"Coopernorte";"88022918000182";"Permissão";"RS";"Sul";"2026";"Expansão";"";",00";"425170,07"
"2026-06-26 13:43:48.523000000";"Coopernorte";"88022918000182";"Permissão";"RS";"Sul";"2026";"Melhoria";"";",00";"547823,97"
"2026-06-26 13:43:48.523000000";"Coopernorte";"88022918000182";"Permissão";"RS";"Sul";"2026";"Renovação";"";",00";"442904,60"
"2026-06-26 13:43:48.523000000";"Coopernorte";"88022918000182";"Permissão";"RS";"Sul";"2027";"Expansão";"";",00";"685110,40"
"2026-06-26 13:43:48.523000000";"Coopernorte";"88022918000182";"Permissão";"RS";"Sul";"2027";"Melhoria";"";",00";"758950,96"
"2026-06-26 13:43:48.523000000";"Coopernorte";"88022918000182";"Permissão";"RS";"Sul";"2027";"Renovação";"";",00";"882206,73"
"2026-06-26 13:43:48.523000000";"Coopernorte";"88022918000182";"Permissão";"RS";"Sul";"2028";"Expansão";"";",00";"1488962,28"
"2026-06-26 13:43:48.523000000";"Coopernorte";"88022918000182";"Permissão";"RS";"Sul";"2028";"Melhoria";"";",00";"814639,73"
"2026-06-26 13:43:48.523000000";"Coopernorte";"88022918000182";"Permissão";"RS";"Sul";"2028";"Renovação";"";",00";"960599,21"
"2026-06-26 13:43:48.523000000";"Coopernorte";"88022918000182";"Permissão";"RS";"Sul";"2029";"Expansão";"";",00";"2987517,21"
"2026-06-26 13:43:48.523000000";"Coopernorte";"88022918000182";"Permissão";"RS";"Sul";"2029";"Melhoria";"";",00";"1968760,51"
"2026-06-26 13:43:48.523000000";"Coopernorte";"88022918000182";"Permissão";"RS";"Sul";"2029";"Renovação";"";",00";"1056799,58"
"2026-06-26 13:43:48.523000000";"Coopersul";"87462750000163";"Permissão";"RS";"Sul";"2025";"Expansão";"Obra com Participação Financeira";",00";"258590,74"
"2026-06-26 13:43:48.523000000";"Coopersul";"87462750000163";"Permissão";"RS";"Sul";"2025";"Expansão";"Planejamento Setorial";",00";"599913,31"
"2026-06-26 13:43:48.523000000";"Coopersul";"87462750000163";"Permissão";"RS";"Sul";"2025";"Melhoria";"Planejamento Setorial";",00";"878500,00"
"2026-06-26 13:43:48.523000000";"Coopersul";"87462750000163";"Permissão";"RS";"Sul";"2025";"Renovação";"Planejamento Setorial";",00";"903850,00"
"2026-06-26 13:43:48.523000000";"Cooperzem";"78829843000192";"Permissão";"SC";"Sul";"2023";"Expansão";"";"1725043,21";"4460804,74"
"2026-06-26 13:43:48.523000000";"Cooperzem";"78829843000192";"Permissão";"SC";"Sul";"2023";"Renovação";"Planejamento Setorial";"427203,80";",00"
"2026-06-26 13:43:48.523000000";"Cooperzem";"78829843000192";"Permissão";"SC";"Sul";"2024";"Expansão";"Planejamento Setorial";"1118923,53";"9315472,06"
"2026-06-26 13:43:48.523000000";"Cooperzem";"78829843000192";"Permissão";"SC";"Sul";"2024";"Renovação";"Planejamento Setorial";"449077,76";"427550,64"
"2026-06-26 13:43:48.523000000";"Cooperzem";"78829843000192";"Permissão";"SC";"Sul";"2025";"Expansão";"Planejamento Setorial";"11284415,93";"9534975,05"
"2026-06-26 13:43:48.523000000";"Cooperzem";"78829843000192";"Permissão";"SC";"Sul";"2025";"Renovação";"Planejamento Setorial";"430322,43";"897596,08"
"2026-06-26 13:43:48.523000000";"Cooperzem";"78829843000192";"Permissão";"SC";"Sul";"2026";"Expansão";"Planejamento Setorial";",00";"40181924,78"
"2026-06-26 13:43:48.523000000";"Cooperzem";"78829843000192";"Permissão";"SC";"Sul";"2026";"Renovação";"Planejamento Setorial";",00";"829080,87"
"2026-06-26 13:43:48.523000000";"Cooperzem";"78829843000192";"Permissão";"SC";"Sul";"2027";"Expansão";"Planejamento Setorial";",00";"10181924,78"
"2026-06-26 13:43:48.523000000";"Cooperzem";"78829843000192";"Permissão";"SC";"Sul";"2027";"Renovação";"Planejamento Setorial";",00";"829080,87"
"2026-06-26 13:43:48.523000000";"Cooperzem";"78829843000192";"Permissão";"SC";"Sul";"2028";"Expansão";"Planejamento Setorial";",00";"10181924,78"
"2026-06-26 13:43:48.523000000";"Cooperzem";"78829843000192";"Permissão";"SC";"Sul";"2028";"Renovação";"Planejamento Setorial";",00";"829080,87"
"2026-06-26 13:43:48.523000000";"Cooperzem";"78829843000192";"Permissão";"SC";"Sul";"2029";"Expansão";"Planejamento Setorial";",00";"10181924,78"
"2026-06-26 13:43:48.523000000";"Cooperzem";"78829843000192";"Permissão";"SC";"Sul";"2029";"Renovação";"Planejamento Setorial";",00";"829080,87"
"2026-06-26 13:43:48.523000000";"Cooperzem";"78829843000192";"Permissão";"SC";"Sul";"2030";"Expansão";"Planejamento Setorial";",00";"10181924,78"
"2026-06-26 13:43:48.523000000";"Cooperzem";"78829843000192";"Permissão";"SC";"Sul";"2030";"Renovação";"Planejamento Setorial";",00";"829080,87"
"2026-06-26 13:43:48.523000000";"Coorsel";"86448057000173";"Permissão";"SC";"Sul";"2016";"Expansão";"";"575496,48";",00"
"2026-06-26 13:43:48.523000000";"Coorsel";"86448057000173";"Permissão";"SC";"Sul";"2016";"Expansão";"";"575496,48";"740472,49"
"2026-06-26 13:43:48.523000000";"Coorsel";"86448057000173";"Permissão";"SC";"Sul";"2016";"Expansão";"Obra com Participação Financeira";"73254,03";",00"
"2026-06-26 13:43:48.523000000";"Coorsel";"86448057000173";"Permissão";"SC";"Sul";"2016";"Expansão";"Obra com Participação Financeira";"73254,03";",00"
"2026-06-26 13:43:48.523000000";"Coorsel";"86448057000173";"Permissão";"SC";"Sul";"2016";"Melhoria";"";"92132,36";",00"
"2026-06-26 13:43:48.523000000";"Coorsel";"86448057000173";"Permissão";"SC";"Sul";"2016";"Melhoria";"";"92132,36";"181309,40"
"2026-06-26 13:43:48.523000000";"Coorsel";"86448057000173";"Permissão";"SC";"Sul";"2016";"Renovação";"";"189420,22";",00"
"2026-06-26 13:43:48.523000000";"Coorsel";"86448057000173";"Permissão";"SC";"Sul";"2016";"Renovação";"";"189420,22";"78009,40"
"2026-06-26 13:43:48.523000000";"Coorsel";"86448057000173";"Permissão";"SC";"Sul";"2017";"Expansão";"";",00";"652456,48"
"2026-06-26 13:43:48.523000000";"Coorsel";"86448057000173";"Permissão";"SC";"Sul";"2017";"Expansão";"";"21948,75";"652456,48"
"2026-06-26 13:43:48.523000000";"Coorsel";"86448057000173";"Permissão";"SC";"Sul";"2017";"Expansão";"Obra com Participação Financeira";"342542,40";",00"
"2026-06-26 13:43:48.523000000";"Coorsel";"86448057000173";"Permissão";"SC";"Sul";"2017";"Melhoria";"";",00";"100281,40"
"2026-06-26 13:43:48.523000000";"Coorsel";"86448057000173";"Permissão";"SC";"Sul";"2017";"Melhoria";"";",00";"100281,40"
"2026-06-26 13:43:48.523000000";"Coorsel";"86448057000173";"Permissão";"SC";"Sul";"2017";"Melhoria";"Obra com Participação Financeira";"38157,05";",00"
"2026-06-26 13:43:48.523000000";"Coorsel";"86448057000173";"Permissão";"SC";"Sul";"2017";"Renovação";"";",00";"213154,40"
"2026-06-26 13:43:48.523000000";"Coorsel";"86448057000173";"Permissão";"SC";"Sul";"2017";"Renovação";"";",00";"213154,40"
"2026-06-26 13:43:48.523000000";"Coorsel";"86448057000173";"Permissão";"SC";"Sul";"2018";"Expansão";"";"1070853,26";"985576,50"
"2026-06-26 13:43:48.523000000";"Coorsel";"86448057000173";"Permissão";"SC";"Sul";"2018";"Expansão";"Obra com Participação Financeira";"381503,99";",00"
"2026-06-26 13:43:48.523000000";"Coorsel";"86448057000173";"Permissão";"SC";"Sul";"2018";"Melhoria";"";"377786,63";"314503,40"
"2026-06-26 13:43:48.523000000";"Coorsel";"86448057000173";"Permissão";"SC";"Sul";"2018";"Renovação";"";"60640,45";"330209,00"
"2026-06-26 13:43:48.523000000";"Coorsel";"86448057000173";"Permissão";"SC";"Sul";"2019";"Expansão";"";"1045923,77";"865331,62"
"2026-06-26 13:43:48.523000000";"Coorsel";"86448057000173";"Permissão";"SC";"Sul";"2019";"Expansão";"Obra com Participação Financeira";"323174,10";"370451,60"
"2026-06-26 13:43:48.523000000";"Coorsel";"86448057000173";"Permissão";"SC";"Sul";"2019";"Melhoria";"";"640341,57";"376797,00"
"2026-06-26 13:43:48.523000000";"Coorsel";"86448057000173";"Permissão";"SC";"Sul";"2019";"Renovação";"";"201702,94";"89096,40"
"2026-06-26 13:43:48.523000000";"Coorsel";"86448057000173";"Permissão";"SC";"Sul";"2020";"Expansão";"";"871012,08";"924454,99"
"2026-06-26 13:43:48.523000000";"Coorsel";"86448057000173";"Permissão";"SC";"Sul";"2020";"Expansão";"Obra com Participação Financeira";"536811,87";"335331,20"
"2026-06-26 13:43:48.523000000";"Coorsel";"86448057000173";"Permissão";"SC";"Sul";"2020";"Melhoria";"";"416730,89";"480637,40"
"2026-06-26 13:43:48.523000000";"Coorsel";"86448057000173";"Permissão";"SC";"Sul";"2020";"Renovação";"";"288366,69";"211555,20"
"2026-06-26 13:43:48.523000000";"Coorsel";"86448057000173";"Permissão";"SC";"Sul";"2021";"Expansão";"";"1680458,92";"1000569,50"
"2026-06-26 13:43:48.523000000";"Coorsel";"86448057000173";"Permissão";"SC";"Sul";"2021";"Expansão";"Obra com Participação Financeira";"525048,81";"492372,40"
"2026-06-26 13:43:48.523000000";"Coorsel";"86448057000173";"Permissão";"SC";"Sul";"2021";"Melhoria";"";"1055756,11";"435772,40"
"2026-06-26 13:43:48.523000000";"Coorsel";"86448057000173";"Permissão";"SC";"Sul";"2021";"Renovação";"";"276535,23";"266995,20"
"2026-06-26 13:43:48.523000000";"Coorsel";"86448057000173";"Permissão";"SC";"Sul";"2022";"Expansão";"";"2094207,03";"1357796,74"
"2026-06-26 13:43:48.523000000";"Coorsel";"86448057000173";"Permissão";"SC";"Sul";"2022";"Expansão";"Obra com Participação Financeira";"253441,68";"178194,90"
"2026-06-26 13:43:48.523000000";"Coorsel";"86448057000173";"Permissão";"SC";"Sul";"2022";"Melhoria";"";"533758,64";"505418,40"
"2026-06-26 13:43:48.523000000";"Coorsel";"86448057000173";"Permissão";"SC";"Sul";"2022";"Renovação";"";"131007,49";"258125,00"
"2026-06-26 13:43:48.523000000";"Coorsel";"86448057000173";"Permissão";"SC";"Sul";"2023";"Expansão";"";"2099139,67";"1834289,99"
"2026-06-26 13:43:48.523000000";"Coorsel";"86448057000173";"Permissão";"SC";"Sul";"2023";"Expansão";"Obra com Participação Financeira";"152761,22";"199813,05"
"2026-06-26 13:43:48.523000000";"Coorsel";"86448057000173";"Permissão";"SC";"Sul";"2023";"Expansão";"Planejamento Setorial";"120000,00";"120000,00"
"2026-06-26 13:43:48.523000000";"Coorsel";"86448057000173";"Permissão";"SC";"Sul";"2023";"Melhoria";"";"596164,22";"599254,20"
"2026-06-26 13:43:48.523000000";"Coorsel";"86448057000173";"Permissão";"SC";"Sul";"2023";"Renovação";"";"61265,61";"171555,00"
"2026-06-26 13:43:48.523000000";"Coorsel";"86448057000173";"Permissão";"SC";"Sul";"2024";"Expansão";"";"10856548,33";"13012682,98"
"2026-06-26 13:43:48.523000000";"Coorsel";"86448057000173";"Permissão";"SC";"Sul";"2024";"Expansão";"Obra com Participação Financeira";",00";"118926,00"
"2026-06-26 13:43:48.523000000";"Coorsel";"86448057000173";"Permissão";"SC";"Sul";"2024";"Melhoria";"";"509559,25";"606634,80"
"2026-06-26 13:43:48.523000000";"Coorsel";"86448057000173";"Permissão";"SC";"Sul";"2024";"Renovação";"";"27402,97";"109170,00"
"2026-06-26 13:43:48.523000000";"Coorsel";"86448057000173";"Permissão";"SC";"Sul";"2025";"Expansão";"";"12239387,64";"12303451,98"
"2026-06-26 13:43:48.523000000";"Coorsel";"86448057000173";"Permissão";"SC";"Sul";"2025";"Melhoria";"";"478928,05";"631534,60"
"2026-06-26 13:43:48.523000000";"Coorsel";"86448057000173";"Permissão";"SC";"Sul";"2025";"Renovação";"";"27402,97";"91287,00"
"2026-06-26 13:43:48.523000000";"Coorsel";"86448057000173";"Permissão";"SC";"Sul";"2026";"Expansão";"";",00";"4477259,35"
"2026-06-26 13:43:48.523000000";"Coorsel";"86448057000173";"Permissão";"SC";"Sul";"2026";"Melhoria";"";",00";"497036,40"
"2026-06-26 13:43:48.523000000";"Coorsel";"86448057000173";"Permissão";"SC";"Sul";"2026";"Renovação";"";",00";"51280,00"
"2026-06-26 13:43:48.523000000";"Coorsel";"86448057000173";"Permissão";"SC";"Sul";"2027";"Expansão";"";",00";"3371082,95"
"2026-06-26 13:43:48.523000000";"Coorsel";"86448057000173";"Permissão";"SC";"Sul";"2027";"Melhoria";"";",00";"506671,20"
"2026-06-26 13:43:48.523000000";"Coorsel";"86448057000173";"Permissão";"SC";"Sul";"2027";"Renovação";"";",00";"56378,00"
"2026-06-26 13:43:48.523000000";"Coorsel";"86448057000173";"Permissão";"SC";"Sul";"2028";"Expansão";"";",00";"2233696,87"
"2026-06-26 13:43:48.523000000";"Coorsel";"86448057000173";"Permissão";"SC";"Sul";"2028";"Melhoria";"";",00";"511286,20"
"2026-06-26 13:43:48.523000000";"Coorsel";"86448057000173";"Permissão";"SC";"Sul";"2028";"Renovação";"";",00";"60406,00"
"2026-06-26 13:43:48.523000000";"Coorsel";"86448057000173";"Permissão";"SC";"Sul";"2029";"Expansão";"";",00";"2242655,57"
"2026-06-26 13:43:48.523000000";"Coorsel";"86448057000173";"Permissão";"SC";"Sul";"2029";"Melhoria";"";",00";"514962,00"
"2026-06-26 13:43:48.523000000";"Coorsel";"86448057000173";"Permissão";"SC";"Sul";"2029";"Renovação";"";",00";"62639,00"
"2026-06-26 13:43:48.523000000";"Coorsel";"86448057000173";"Permissão";"SC";"Sul";"2030";"Expansão";"";",00";"2261440,13"
"2026-06-26 13:43:48.523000000";"Coorsel";"86448057000173";"Permissão";"SC";"Sul";"2030";"Melhoria";"";",00";"518594,00"
"2026-06-26 13:43:48.523000000";"Coorsel";"86448057000173";"Permissão";"SC";"Sul";"2030";"Renovação";"";",00";"66585,50"
"2026-06-26 13:43:48.523000000";"Copel-Dis";"04368898000106";"Concessão";"PR";"Sul";"2016";"Expansão";"";"197958494,06";"252564851,58"
"2026-06-26 13:43:48.523000000";"Copel-Dis";"04368898000106";"Concessão";"PR";"Sul";"2016";"Expansão";"Obra com Participação Financeira";"178435610,23";"90088292,99"
"2026-06-26 13:43:48.523000000";"Copel-Dis";"04368898000106";"Concessão";"PR";"Sul";"2016";"Expansão";"Planejamento Setorial";"19446362,52";"219872329,53"
"2026-06-26 13:43:48.523000000";"Copel-Dis";"04368898000106";"Concessão";"PR";"Sul";"2016";"Melhoria";"";"28830973,27";"57646223,13"
"2026-06-26 13:43:48.523000000";"Copel-Dis";"04368898000106";"Concessão";"PR";"Sul";"2017";"Expansão";"";"311793026,93";"352592818,53"
"2026-06-26 13:43:48.523000000";"Copel-Dis";"04368898000106";"Concessão";"PR";"Sul";"2017";"Expansão";"Obra com Participação Financeira";"176374743,79";"168430543,03"
"2026-06-26 13:43:48.523000000";"Copel-Dis";"04368898000106";"Concessão";"PR";"Sul";"2017";"Expansão";"Planejamento Setorial";"180378241,48";"232536977,34"
"2026-06-26 13:43:48.523000000";"Copel-Dis";"04368898000106";"Concessão";"PR";"Sul";"2017";"Melhoria";"";"33574782,63";"80435532,64"
"2026-06-26 13:43:48.523000000";"Copel-Dis";"04368898000106";"Concessão";"PR";"Sul";"2017";"Renovação";"";",00";"950000,00"
"2026-06-26 13:43:48.523000000";"Copel-Dis";"04368898000106";"Concessão";"PR";"Sul";"2017";"Renovação";"Planejamento Setorial";"10945418,41";"17895203,47"
"2026-06-26 13:43:48.523000000";"Copel-Dis";"04368898000106";"Concessão";"PR";"Sul";"2018";"Expansão";"";"390385036,02";"355586209,47"
"2026-06-26 13:43:48.523000000";"Copel-Dis";"04368898000106";"Concessão";"PR";"Sul";"2018";"Expansão";"Obra com Participação Financeira";"174970806,93";"254426876,61"
"2026-06-26 13:43:48.523000000";"Copel-Dis";"04368898000106";"Concessão";"PR";"Sul";"2018";"Expansão";"Planejamento Setorial";"45663925,27";"26764103,26"
"2026-06-26 13:43:48.523000000";"Copel-Dis";"04368898000106";"Concessão";"PR";"Sul";"2018";"Melhoria";"";"152595102,69";"145724869,09"
"2026-06-26 13:43:48.523000000";"Copel-Dis";"04368898000106";"Concessão";"PR";"Sul";"2018";"Renovação";"";"10056161,24";"7497938,73"
"2026-06-26 13:43:48.523000000";"Copel-Dis";"04368898000106";"Concessão";"PR";"Sul";"2019";"Expansão";"";"369687398,21";"452909290,76"
"2026-06-26 13:43:48.523000000";"Copel-Dis";"04368898000106";"Concessão";"PR";"Sul";"2019";"Expansão";"Obra com Participação Financeira";"161710206,41";"186049895,74"
"2026-06-26 13:43:48.523000000";"Copel-Dis";"04368898000106";"Concessão";"PR";"Sul";"2019";"Expansão";"Planejamento Setorial";"14798079,54";"59814885,38"
"2026-06-26 13:43:48.523000000";"Copel-Dis";"04368898000106";"Concessão";"PR";"Sul";"2019";"Melhoria";"";"116559831,38";"167256796,32"
"2026-06-26 13:43:48.523000000";"Copel-Dis";"04368898000106";"Concessão";"PR";"Sul";"2019";"Renovação";"";"6053623,27";"4855837,13"
"2026-06-26 13:43:48.523000000";"Copel-Dis";"04368898000106";"Concessão";"PR";"Sul";"2020";"Expansão";"";"628771321,18";"594928391,66"
"2026-06-26 13:43:48.523000000";"Copel-Dis";"04368898000106";"Concessão";"PR";"Sul";"2020";"Expansão";"Obra com Participação Financeira";"156120630,70";"173961190,63"
"2026-06-26 13:43:48.523000000";"Copel-Dis";"04368898000106";"Concessão";"PR";"Sul";"2020";"Expansão";"Planejamento Setorial";"25083099,79";"28100798,93"
"2026-06-26 13:43:48.523000000";"Copel-Dis";"04368898000106";"Concessão";"PR";"Sul";"2020";"Melhoria";"";"127252914,95";"105024048,54"
"2026-06-26 13:43:48.523000000";"Copel-Dis";"04368898000106";"Concessão";"PR";"Sul";"2021";"Expansão";"";"694943993,05";"899385711,48"
"2026-06-26 13:43:48.523000000";"Copel-Dis";"04368898000106";"Concessão";"PR";"Sul";"2021";"Expansão";"Obra com Participação Financeira";"294294668,44";"210459411,61"
"2026-06-26 13:43:48.523000000";"Copel-Dis";"04368898000106";"Concessão";"PR";"Sul";"2021";"Expansão";"Planejamento Setorial";",00";"29571192,51"
"2026-06-26 13:43:48.523000000";"Copel-Dis";"04368898000106";"Concessão";"PR";"Sul";"2021";"Melhoria";"";"923094,44";",00"
"2026-06-26 13:43:48.523000000";"Copel-Dis";"04368898000106";"Concessão";"PR";"Sul";"2021";"Renovação";"";",00";"5178195,73"
"2026-06-26 13:43:48.523000000";"Copel-Dis";"04368898000106";"Concessão";"PR";"Sul";"2022";"Expansão";"";"970889172,88";"1093600455,56"
"2026-06-26 13:43:48.523000000";"Copel-Dis";"04368898000106";"Concessão";"PR";"Sul";"2022";"Expansão";"Obra com Participação Financeira";"310453803,42";"282343088,57"
"2026-06-26 13:43:48.523000000";"Copel-Dis";"04368898000106";"Concessão";"PR";"Sul";"2022";"Expansão";"Planejamento Setorial";"4895622,18";"63725832,38"
"2026-06-26 13:43:48.523000000";"Copel-Dis";"04368898000106";"Concessão";"PR";"Sul";"2022";"Renovação";"";",00";"13792474,70"
"2026-06-26 13:43:48.523000000";"Copel-Dis";"04368898000106";"Concessão";"PR";"Sul";"2023";"Expansão";"";"1272738510,53";"1308006977,93"
"2026-06-26 13:43:48.523000000";"Copel-Dis";"04368898000106";"Concessão";"PR";"Sul";"2023";"Expansão";"Obra com Participação Financeira";"324853190,00";"355929785,70"
"2026-06-26 13:43:48.523000000";"Copel-Dis";"04368898000106";"Concessão";"PR";"Sul";"2023";"Expansão";"Planejamento Setorial";"63165647,59";"55414918,78"
"2026-06-26 13:43:48.523000000";"Copel-Dis";"04368898000106";"Concessão";"PR";"Sul";"2023";"Melhoria";"";"152855,70";"3447329,38"
"2026-06-26 13:43:48.523000000";"Copel-Dis";"04368898000106";"Concessão";"PR";"Sul";"2023";"Renovação";"";"18480834,75";"14869395,11"
"2026-06-26 13:43:48.523000000";"Copel-Dis";"04368898000106";"Concessão";"PR";"Sul";"2024";"Expansão";"";"1781774279,91";"1398214867,23"
"2026-06-26 13:43:48.523000000";"Copel-Dis";"04368898000106";"Concessão";"PR";"Sul";"2024";"Expansão";"Obra com Participação Financeira";"388376681,42";"440858646,31"
"2026-06-26 13:43:48.523000000";"Copel-Dis";"04368898000106";"Concessão";"PR";"Sul";"2024";"Expansão";"Planejamento Setorial";"27619178,66";"26635281,94"
"2026-06-26 13:43:48.523000000";"Copel-Dis";"04368898000106";"Concessão";"PR";"Sul";"2024";"Melhoria";"";"2140372,08";"1299317,57"
"2026-06-26 13:43:48.523000000";"Copel-Dis";"04368898000106";"Concessão";"PR";"Sul";"2024";"Renovação";"";",00";"5468342,57"
"2026-06-26 13:43:48.523000000";"Copel-Dis";"04368898000106";"Concessão";"PR";"Sul";"2025";"Expansão";"";"2668347115,09";"1936826485,27"
"2026-06-26 13:43:48.523000000";"Copel-Dis";"04368898000106";"Concessão";"PR";"Sul";"2025";"Expansão";"Obra com Participação Financeira";"637812178,74";"519761580,60"
"2026-06-26 13:43:48.523000000";"Copel-Dis";"04368898000106";"Concessão";"PR";"Sul";"2025";"Expansão";"Planejamento Setorial";"132067410,05";"106691654,49"
"2026-06-26 13:43:48.523000000";"Copel-Dis";"04368898000106";"Concessão";"PR";"Sul";"2025";"Melhoria";"";"549226963,31";"19300664,39"
"2026-06-26 13:43:48.523000000";"Copel-Dis";"04368898000106";"Concessão";"PR";"Sul";"2025";"Renovação";"";"149172741,87";"9086352,08"
"2026-06-26 13:43:48.523000000";"Copel-Dis";"04368898000106";"Concessão";"PR";"Sul";"2025";"Renovação";"Obra com Participação Financeira";"24546754,70";",00"
"2026-06-26 13:43:48.523000000";"Copel-Dis";"04368898000106";"Concessão";"PR";"Sul";"2026";"Expansão";"";",00";"851980050,25"
"2026-06-26 13:43:48.523000000";"Copel-Dis";"04368898000106";"Concessão";"PR";"Sul";"2026";"Expansão";"Obra com Participação Financeira";",00";"117272262,10"
"2026-06-26 13:43:48.523000000";"Copel-Dis";"04368898000106";"Concessão";"PR";"Sul";"2026";"Melhoria";"";",00";"283914650,83"
"2026-06-26 13:43:48.523000000";"Copel-Dis";"04368898000106";"Concessão";"PR";"Sul";"2026";"Renovação";"";",00";"130115838,31"
"2026-06-26 13:43:48.523000000";"Copel-Dis";"04368898000106";"Concessão";"PR";"Sul";"2027";"Expansão";"";",00";"1339081554,74"
"2026-06-26 13:43:48.523000000";"Copel-Dis";"04368898000106";"Concessão";"PR";"Sul";"2027";"Expansão";"Obra com Participação Financeira";",00";"143219675,42"
"2026-06-26 13:43:48.523000000";"Copel-Dis";"04368898000106";"Concessão";"PR";"Sul";"2027";"Melhoria";"";",00";"316315232,77"
"2026-06-26 13:43:48.523000000";"Copel-Dis";"04368898000106";"Concessão";"PR";"Sul";"2027";"Renovação";"";",00";"88157422,11"
"2026-06-26 13:43:48.523000000";"Copel-Dis";"04368898000106";"Concessão";"PR";"Sul";"2028";"Expansão";"";",00";"2105039672,27"
"2026-06-26 13:43:48.523000000";"Copel-Dis";"04368898000106";"Concessão";"PR";"Sul";"2028";"Expansão";"Obra com Participação Financeira";",00";"47823364,18"
"2026-06-26 13:43:48.523000000";"Copel-Dis";"04368898000106";"Concessão";"PR";"Sul";"2028";"Melhoria";"";",00";"285079200,36"
"2026-06-26 13:43:48.523000000";"Copel-Dis";"04368898000106";"Concessão";"PR";"Sul";"2028";"Renovação";"";",00";"169368283,27"
"2026-06-26 13:43:48.523000000";"Copel-Dis";"04368898000106";"Concessão";"PR";"Sul";"2029";"Expansão";"";",00";"1547881147,64"
"2026-06-26 13:43:48.523000000";"Copel-Dis";"04368898000106";"Concessão";"PR";"Sul";"2029";"Expansão";"Obra com Participação Financeira";",00";"13974045,70"
"2026-06-26 13:43:48.523000000";"Copel-Dis";"04368898000106";"Concessão";"PR";"Sul";"2029";"Melhoria";"";",00";"320950857,13"
"2026-06-26 13:43:48.523000000";"Copel-Dis";"04368898000106";"Concessão";"PR";"Sul";"2029";"Renovação";"";",00";"48351844,22"
"2026-06-26 13:43:48.523000000";"Copel-Dis";"04368898000106";"Concessão";"PR";"Sul";"2030";"Expansão";"";",00";"3023002378,67"
"2026-06-26 13:43:48.523000000";"Copel-Dis";"04368898000106";"Concessão";"PR";"Sul";"2030";"Melhoria";"";",00";"337369293,37"
"2026-06-26 13:43:48.523000000";"Copel-Dis";"04368898000106";"Concessão";"PR";"Sul";"2030";"Renovação";"";",00";"179450958,17"
"2026-06-26 13:43:48.523000000";"Coprel";"90660754000160";"Permissão";"RS";"Sul";"2016";"Expansão";"";"7817006,96";"8814096,52"
"2026-06-26 13:43:48.523000000";"Coprel";"90660754000160";"Permissão";"RS";"Sul";"2016";"Expansão";"Obra com Participação Financeira";"7055233,15";"7550042,92"
"2026-06-26 13:43:48.523000000";"Coprel";"90660754000160";"Permissão";"RS";"Sul";"2016";"Melhoria";"";"2366172,87";"4488971,48"
"2026-06-26 13:43:48.523000000";"Coprel";"90660754000160";"Permissão";"RS";"Sul";"2016";"Renovação";"";"10003550,32";"6159177,41"
"2026-06-26 13:43:48.523000000";"Coprel";"90660754000160";"Permissão";"RS";"Sul";"2017";"Expansão";"";"3822367,77";"4233557,49"
"2026-06-26 13:43:48.523000000";"Coprel";"90660754000160";"Permissão";"RS";"Sul";"2017";"Expansão";"Obra com Participação Financeira";"5417899,89";"7899180,62"
"2026-06-26 13:43:48.523000000";"Coprel";"90660754000160";"Permissão";"RS";"Sul";"2017";"Melhoria";"";"1959273,54";"3282450,28"
"2026-06-26 13:43:48.523000000";"Coprel";"90660754000160";"Permissão";"RS";"Sul";"2017";"Renovação";"";"12964395,41";"8397839,12"
"2026-06-26 13:43:48.523000000";"Coprel";"90660754000160";"Permissão";"RS";"Sul";"2018";"Expansão";"";"4032205,62";"7007239,31"
"2026-06-26 13:43:48.523000000";"Coprel";"90660754000160";"Permissão";"RS";"Sul";"2018";"Expansão";"Obra com Participação Financeira";"5463047,37";"7336331,88"
"2026-06-26 13:43:48.523000000";"Coprel";"90660754000160";"Permissão";"RS";"Sul";"2018";"Melhoria";"";"3296936,76";"3466792,75"
"2026-06-26 13:43:48.523000000";"Coprel";"90660754000160";"Permissão";"RS";"Sul";"2018";"Renovação";"";"8603234,99";"8224384,41"
"2026-06-26 13:43:48.523000000";"Coprel";"90660754000160";"Permissão";"RS";"Sul";"2019";"Expansão";"";"7992184,40";"19100666,72"
"2026-06-26 13:43:48.523000000";"Coprel";"90660754000160";"Permissão";"RS";"Sul";"2019";"Expansão";"Obra com Participação Financeira";"9281505,23";"5791226,49"
"2026-06-26 13:43:48.523000000";"Coprel";"90660754000160";"Permissão";"RS";"Sul";"2019";"Melhoria";"";"3394282,94";"3481159,94"
"2026-06-26 13:43:48.523000000";"Coprel";"90660754000160";"Permissão";"RS";"Sul";"2019";"Renovação";"";"12697143,89";"11843902,87"
"2026-06-26 13:43:48.523000000";"Coprel";"90660754000160";"Permissão";"RS";"Sul";"2020";"Expansão";"";"23750375,56";"22383819,43"
"2026-06-26 13:43:48.523000000";"Coprel";"90660754000160";"Permissão";"RS";"Sul";"2020";"Expansão";"Obra com Participação Financeira";"13653907,24";"8663531,50"
"2026-06-26 13:43:48.523000000";"Coprel";"90660754000160";"Permissão";"RS";"Sul";"2020";"Melhoria";"";"2297739,71";"4333075,82"
"2026-06-26 13:43:48.523000000";"Coprel";"90660754000160";"Permissão";"RS";"Sul";"2020";"Renovação";"";"11050667,33";"11150444,32"
"2026-06-26 13:43:48.523000000";"Coprel";"90660754000160";"Permissão";"RS";"Sul";"2021";"Expansão";"";"12983758,29";"20282702,89"
"2026-06-26 13:43:48.523000000";"Coprel";"90660754000160";"Permissão";"RS";"Sul";"2021";"Expansão";"Obra com Participação Financeira";"26351731,94";"13448573,56"
"2026-06-26 13:43:48.523000000";"Coprel";"90660754000160";"Permissão";"RS";"Sul";"2021";"Melhoria";"";"4740475,54";"5294369,07"
"2026-06-26 13:43:48.523000000";"Coprel";"90660754000160";"Permissão";"RS";"Sul";"2021";"Renovação";"";"12670610,48";"12564608,29"
"2026-06-26 13:43:48.523000000";"Coprel";"90660754000160";"Permissão";"RS";"Sul";"2022";"Expansão";"";"20624299,06";"20060817,81"
"2026-06-26 13:43:48.523000000";"Coprel";"90660754000160";"Permissão";"RS";"Sul";"2022";"Expansão";"Obra com Participação Financeira";"31261206,80";"23449034,82"
"2026-06-26 13:43:48.523000000";"Coprel";"90660754000160";"Permissão";"RS";"Sul";"2022";"Melhoria";"";"3334407,04";"4490157,38"
"2026-06-26 13:43:48.523000000";"Coprel";"90660754000160";"Permissão";"RS";"Sul";"2022";"Renovação";"";"12245212,70";"13265892,59"
"2026-06-26 13:43:48.523000000";"Coprel";"90660754000160";"Permissão";"RS";"Sul";"2023";"Expansão";"";"27403031,36";"28052069,08"
"2026-06-26 13:43:48.523000000";"Coprel";"90660754000160";"Permissão";"RS";"Sul";"2023";"Expansão";"Obra com Participação Financeira";"43488269,00";"46300282,56"
"2026-06-26 13:43:48.523000000";"Coprel";"90660754000160";"Permissão";"RS";"Sul";"2023";"Melhoria";"";"3573093,15";"4005883,19"
"2026-06-26 13:43:48.523000000";"Coprel";"90660754000160";"Permissão";"RS";"Sul";"2023";"Renovação";"";"14077303,10";"15856721,46"
"2026-06-26 13:43:48.523000000";"Coprel";"90660754000160";"Permissão";"RS";"Sul";"2024";"Expansão";"";"14806746,70";"18009545,45"
"2026-06-26 13:43:48.523000000";"Coprel";"90660754000160";"Permissão";"RS";"Sul";"2024";"Expansão";"Obra com Participação Financeira";"40572477,02";"37324362,82"
"2026-06-26 13:43:48.523000000";"Coprel";"90660754000160";"Permissão";"RS";"Sul";"2024";"Melhoria";"";"2941892,62";"5279002,52"
"2026-06-26 13:43:48.523000000";"Coprel";"90660754000160";"Permissão";"RS";"Sul";"2024";"Renovação";"";"13251931,38";"17116984,88"
"2026-06-26 13:43:48.523000000";"Coprel";"90660754000160";"Permissão";"RS";"Sul";"2025";"Expansão";"";"33164973,84";"38168556,10"
"2026-06-26 13:43:48.523000000";"Coprel";"90660754000160";"Permissão";"RS";"Sul";"2025";"Expansão";"Obra com Participação Financeira";"40466668,77";"37998460,12"
"2026-06-26 13:43:48.523000000";"Coprel";"90660754000160";"Permissão";"RS";"Sul";"2025";"Melhoria";"";"2385667,29";"5222102,69"
"2026-06-26 13:43:48.523000000";"Coprel";"90660754000160";"Permissão";"RS";"Sul";"2025";"Renovação";"";"10991240,97";"18461583,93"
"2026-06-26 13:43:48.523000000";"Coprel";"90660754000160";"Permissão";"RS";"Sul";"2026";"Expansão";"";",00";"12633511,30"
"2026-06-26 13:43:48.523000000";"Coprel";"90660754000160";"Permissão";"RS";"Sul";"2026";"Expansão";"Obra com Participação Financeira";",00";"55813416,31"
"2026-06-26 13:43:48.523000000";"Coprel";"90660754000160";"Permissão";"RS";"Sul";"2026";"Melhoria";"";",00";"4208431,34"
"2026-06-26 13:43:48.523000000";"Coprel";"90660754000160";"Permissão";"RS";"Sul";"2026";"Renovação";"";",00";"12526435,04"
"2026-06-26 13:43:48.523000000";"Coprel";"90660754000160";"Permissão";"RS";"Sul";"2027";"Expansão";"";",00";"37569911,30"
"2026-06-26 13:43:48.523000000";"Coprel";"90660754000160";"Permissão";"RS";"Sul";"2027";"Expansão";"Obra com Participação Financeira";",00";"43330910,39"
"2026-06-26 13:43:48.523000000";"Coprel";"90660754000160";"Permissão";"RS";"Sul";"2027";"Melhoria";"";",00";"4208431,34"
"2026-06-26 13:43:48.523000000";"Coprel";"90660754000160";"Permissão";"RS";"Sul";"2027";"Renovação";"";",00";"12526435,04"
"2026-06-26 13:43:48.523000000";"Coprel";"90660754000160";"Permissão";"RS";"Sul";"2028";"Expansão";"";",00";"12633511,30"
"2026-06-26 13:43:48.523000000";"Coprel";"90660754000160";"Permissão";"RS";"Sul";"2028";"Expansão";"Obra com Participação Financeira";",00";"43330910,39"
"2026-06-26 13:43:48.523000000";"Coprel";"90660754000160";"Permissão";"RS";"Sul";"2028";"Melhoria";"";",00";"4208431,34"
"2026-06-26 13:43:48.523000000";"Coprel";"90660754000160";"Permissão";"RS";"Sul";"2028";"Renovação";"";",00";"12526435,04"
"2026-06-26 13:43:48.523000000";"Coprel";"90660754000160";"Permissão";"RS";"Sul";"2029";"Expansão";"";",00";"12633511,30"
"2026-06-26 13:43:48.523000000";"Coprel";"90660754000160";"Permissão";"RS";"Sul";"2029";"Expansão";"Obra com Participação Financeira";",00";"43330910,39"
"2026-06-26 13:43:48.523000000";"Coprel";"90660754000160";"Permissão";"RS";"Sul";"2029";"Melhoria";"";",00";"4208431,34"
"2026-06-26 13:43:48.523000000";"Coprel";"90660754000160";"Permissão";"RS";"Sul";"2029";"Renovação";"";",00";"12526435,04"
"2026-06-26 13:43:48.523000000";"Coprel";"90660754000160";"Permissão";"RS";"Sul";"2030";"Expansão";"";",00";"12633511,30"
"2026-06-26 13:43:48.523000000";"Coprel";"90660754000160";"Permissão";"RS";"Sul";"2030";"Expansão";"Obra com Participação Financeira";",00";"43330910,39"
"2026-06-26 13:43:48.523000000";"Coprel";"90660754000160";"Permissão";"RS";"Sul";"2030";"Melhoria";"";",00";"4208431,34"
"2026-06-26 13:43:48.523000000";"Coprel";"90660754000160";"Permissão";"RS";"Sul";"2030";"Renovação";"";",00";"12526435,04"
"2026-06-26 13:43:48.523000000";"CPEE";"61015582000174";"Concessão";"SP";"Sudeste";"2016";"Expansão";"";"5625762,45";"7186385,10"
"2026-06-26 13:43:48.523000000";"CPEE";"61015582000174";"Concessão";"SP";"Sudeste";"2016";"Melhoria";"";"5433907,35";"4356000,00"
"2026-06-26 13:43:48.523000000";"CPEE";"61015582000174";"Concessão";"SP";"Sudeste";"2016";"Renovação";"";"8323,51";"26000,00"
"2026-06-26 13:43:48.523000000";"CPEE";"61015582000174";"Concessão";"SP";"Sudeste";"2017";"Expansão";"";",00";"3246486,53"
"2026-06-26 13:43:48.523000000";"CPEE";"61015582000174";"Concessão";"SP";"Sudeste";"2017";"Expansão";"Obra com Participação Financeira";",00";"4271592,75"
"2026-06-26 13:43:48.523000000";"CPEE";"61015582000174";"Concessão";"SP";"Sudeste";"2017";"Melhoria";"";",00";"6960754,76"
"2026-06-26 13:43:48.523000000";"CPEE";"61015582000174";"Concessão";"SP";"Sudeste";"2017";"Renovação";"";",00";"130011,74"
"2026-06-26 13:43:48.523000000";"CPFL Paulista";"33050196000188";"Concessão";"SP";"Sudeste";"2016";"Expansão";"";"407963145,52";"437058709,57"
"2026-06-26 13:43:48.523000000";"CPFL Paulista";"33050196000188";"Concessão";"SP";"Sudeste";"2016";"Melhoria";"";"155693790,07";"90693000,00"
"2026-06-26 13:43:48.523000000";"CPFL Paulista";"33050196000188";"Concessão";"SP";"Sudeste";"2016";"Renovação";"";"7672269,05";"9192678,35"
"2026-06-26 13:43:48.523000000";"CPFL Paulista";"33050196000188";"Concessão";"SP";"Sudeste";"2017";"Expansão";"";"608629973,53";"342288753,61"
"2026-06-26 13:43:48.523000000";"CPFL Paulista";"33050196000188";"Concessão";"SP";"Sudeste";"2017";"Melhoria";"";"318493417,00";"226486243,49"
"2026-06-26 13:43:48.523000000";"CPFL Paulista";"33050196000188";"Concessão";"SP";"Sudeste";"2017";"Renovação";"";"31604595,00";"28981022,75"
"2026-06-26 13:43:48.523000000";"CPFL Paulista";"33050196000188";"Concessão";"SP";"Sudeste";"2018";"Expansão";"";"54324488,09";"89961884,02"
"2026-06-26 13:43:48.523000000";"CPFL Paulista";"33050196000188";"Concessão";"SP";"Sudeste";"2018";"Expansão";"Obra com Participação Financeira";"154187327,00";"128092137,00"
"2026-06-26 13:43:48.523000000";"CPFL Paulista";"33050196000188";"Concessão";"SP";"Sudeste";"2018";"Melhoria";"";"222661545,25";"202808880,00"
"2026-06-26 13:43:48.523000000";"CPFL Paulista";"33050196000188";"Concessão";"SP";"Sudeste";"2018";"Renovação";"";"55032270,38";"6264556,00"
"2026-06-26 13:43:48.523000000";"CPFL Paulista";"33050196000188";"Concessão";"SP";"Sudeste";"2019";"Expansão";"";"89990956,37";"106588950,16"
"2026-06-26 13:43:48.523000000";"CPFL Paulista";"33050196000188";"Concessão";"SP";"Sudeste";"2019";"Expansão";"Obra com Participação Financeira";"197047985,00";"118437102,00"
"2026-06-26 13:43:48.523000000";"CPFL Paulista";"33050196000188";"Concessão";"SP";"Sudeste";"2019";"Melhoria";"";"305817991,00";"268623746,54"
"2026-06-26 13:43:48.523000000";"CPFL Paulista";"33050196000188";"Concessão";"SP";"Sudeste";"2019";"Renovação";"";"32558822,00";"16006375,00"
"2026-06-26 13:43:48.523000000";"CPFL Paulista";"33050196000188";"Concessão";"SP";"Sudeste";"2020";"Expansão";"";"100540756,28";"118004836,41"
"2026-06-26 13:43:48.523000000";"CPFL Paulista";"33050196000188";"Concessão";"SP";"Sudeste";"2020";"Expansão";"Obra com Participação Financeira";"228394767,75";"134984643,72"
"2026-06-26 13:43:48.523000000";"CPFL Paulista";"33050196000188";"Concessão";"SP";"Sudeste";"2020";"Expansão";"Planejamento Setorial";"23286799,00";",00"
"2026-06-26 13:43:48.523000000";"CPFL Paulista";"33050196000188";"Concessão";"SP";"Sudeste";"2020";"Melhoria";"";"345893961,32";"340062941,00"
"2026-06-26 13:43:48.523000000";"CPFL Paulista";"33050196000188";"Concessão";"SP";"Sudeste";"2020";"Renovação";"";"19916411,06";"41227757,00"
"2026-06-26 13:43:48.523000000";"CPFL Paulista";"33050196000188";"Concessão";"SP";"Sudeste";"2021";"Expansão";"";"313379070,58";"244478230,00"
"2026-06-26 13:43:48.523000000";"CPFL Paulista";"33050196000188";"Concessão";"SP";"Sudeste";"2021";"Expansão";"Obra com Participação Financeira";"291393087,63";"182689302,00"
"2026-06-26 13:43:48.523000000";"CPFL Paulista";"33050196000188";"Concessão";"SP";"Sudeste";"2021";"Melhoria";"";"330858973,83";"338285667,83"
"2026-06-26 13:43:48.523000000";"CPFL Paulista";"33050196000188";"Concessão";"SP";"Sudeste";"2021";"Renovação";"";"29896346,73";"98668482,27"
"2026-06-26 13:43:48.523000000";"CPFL Paulista";"33050196000188";"Concessão";"SP";"Sudeste";"2022";"Expansão";"";"1180478118,85";"763056466,52"
"2026-06-26 13:43:48.523000000";"CPFL Paulista";"33050196000188";"Concessão";"SP";"Sudeste";"2022";"Expansão";"Obra com Participação Financeira";"449565748,28";"254281834,85"
"2026-06-26 13:43:48.523000000";"CPFL Paulista";"33050196000188";"Concessão";"SP";"Sudeste";"2022";"Expansão";"Planejamento Setorial";"9057349,86";"9057349,86"
"2026-06-26 13:43:48.523000000";"CPFL Paulista";"33050196000188";"Concessão";"SP";"Sudeste";"2022";"Melhoria";"";"492326049,61";"479158881,41"
"2026-06-26 13:43:48.523000000";"CPFL Paulista";"33050196000188";"Concessão";"SP";"Sudeste";"2022";"Renovação";"";"101023534,01";"162360087,35"
"2026-06-26 13:43:48.523000000";"CPFL Paulista";"33050196000188";"Concessão";"SP";"Sudeste";"2023";"Expansão";"";"260885934,84";"232088400,83"
"2026-06-26 13:43:48.523000000";"CPFL Paulista";"33050196000188";"Concessão";"SP";"Sudeste";"2023";"Expansão";"Obra com Participação Financeira";"399371824,88";"423566406,11"
"2026-06-26 13:43:48.523000000";"CPFL Paulista";"33050196000188";"Concessão";"SP";"Sudeste";"2023";"Melhoria";"";"430921921,68";"490344372,57"
"2026-06-26 13:43:48.523000000";"CPFL Paulista";"33050196000188";"Concessão";"SP";"Sudeste";"2023";"Renovação";"";"90463287,91";"103221495,51"
"2026-06-26 13:43:48.523000000";"CPFL Paulista";"33050196000188";"Concessão";"SP";"Sudeste";"2024";"Expansão";"";"143986471,39";"344710758,21"
"2026-06-26 13:43:48.523000000";"CPFL Paulista";"33050196000188";"Concessão";"SP";"Sudeste";"2024";"Expansão";"Obra com Participação Financeira";"551543721,99";"494022111,23"
"2026-06-26 13:43:48.523000000";"CPFL Paulista";"33050196000188";"Concessão";"SP";"Sudeste";"2024";"Melhoria";"";"558667548,16";"510916911,67"
"2026-06-26 13:43:48.523000000";"CPFL Paulista";"33050196000188";"Concessão";"SP";"Sudeste";"2024";"Renovação";"";"66260149,82";"73412801,31"
"2026-06-26 13:43:48.523000000";"CPFL Paulista";"33050196000188";"Concessão";"SP";"Sudeste";"2025";"Expansão";"";"348514867,14";"622696478,78"
"2026-06-26 13:43:48.523000000";"CPFL Paulista";"33050196000188";"Concessão";"SP";"Sudeste";"2025";"Expansão";"Obra com Participação Financeira";"612302691,64";"504982994,57"
"2026-06-26 13:43:48.523000000";"CPFL Paulista";"33050196000188";"Concessão";"SP";"Sudeste";"2025";"Expansão";"Planejamento Setorial";"66619636,54";"65302421,40"
"2026-06-26 13:43:48.523000000";"CPFL Paulista";"33050196000188";"Concessão";"SP";"Sudeste";"2025";"Melhoria";"";"553777447,04";"479502202,69"
"2026-06-26 13:43:48.523000000";"CPFL Paulista";"33050196000188";"Concessão";"SP";"Sudeste";"2025";"Renovação";"";"69256706,13";"115048363,91"
"2026-06-26 13:43:48.523000000";"CPFL Paulista";"33050196000188";"Concessão";"SP";"Sudeste";"2026";"Expansão";"";",00";"1070124998,81"
"2026-06-26 13:43:48.523000000";"CPFL Paulista";"33050196000188";"Concessão";"SP";"Sudeste";"2026";"Expansão";"Obra com Participação Financeira";",00";"557794527,08"
"2026-06-26 13:43:48.523000000";"CPFL Paulista";"33050196000188";"Concessão";"SP";"Sudeste";"2026";"Melhoria";"";",00";"590041104,03"
"2026-06-26 13:43:48.523000000";"CPFL Paulista";"33050196000188";"Concessão";"SP";"Sudeste";"2026";"Renovação";"";",00";"87370856,09"
"2026-06-26 13:43:48.523000000";"CPFL Paulista";"33050196000188";"Concessão";"SP";"Sudeste";"2027";"Expansão";"";",00";"985138522,19"
"2026-06-26 13:43:48.523000000";"CPFL Paulista";"33050196000188";"Concessão";"SP";"Sudeste";"2027";"Expansão";"Obra com Participação Financeira";",00";"621012925,97"
"2026-06-26 13:43:48.523000000";"CPFL Paulista";"33050196000188";"Concessão";"SP";"Sudeste";"2027";"Expansão";"Planejamento Setorial";",00";"15830694,97"
"2026-06-26 13:43:48.523000000";"CPFL Paulista";"33050196000188";"Concessão";"SP";"Sudeste";"2027";"Melhoria";"";",00";"692940440,33"
"2026-06-26 13:43:48.523000000";"CPFL Paulista";"33050196000188";"Concessão";"SP";"Sudeste";"2027";"Renovação";"";",00";"119449579,69"
"2026-06-26 13:43:48.523000000";"CPFL Paulista";"33050196000188";"Concessão";"SP";"Sudeste";"2028";"Expansão";"";",00";"418535471,99"
"2026-06-26 13:43:48.523000000";"CPFL Paulista";"33050196000188";"Concessão";"SP";"Sudeste";"2028";"Expansão";"Obra com Participação Financeira";",00";"697036316,52"
"2026-06-26 13:43:48.523000000";"CPFL Paulista";"33050196000188";"Concessão";"SP";"Sudeste";"2028";"Expansão";"Planejamento Setorial";",00";"69528816,81"
"2026-06-26 13:43:48.523000000";"CPFL Paulista";"33050196000188";"Concessão";"SP";"Sudeste";"2028";"Melhoria";"";",00";"513680312,66"
"2026-06-26 13:43:48.523000000";"CPFL Paulista";"33050196000188";"Concessão";"SP";"Sudeste";"2028";"Renovação";"";",00";"70131659,45"
"2026-06-26 13:43:48.523000000";"CPFL Paulista";"33050196000188";"Concessão";"SP";"Sudeste";"2029";"Expansão";"";",00";"515257195,12"
"2026-06-26 13:43:48.523000000";"CPFL Paulista";"33050196000188";"Concessão";"SP";"Sudeste";"2029";"Expansão";"Obra com Participação Financeira";",00";"577773506,68"
"2026-06-26 13:43:48.523000000";"CPFL Paulista";"33050196000188";"Concessão";"SP";"Sudeste";"2029";"Melhoria";"";",00";"573785733,67"
"2026-06-26 13:43:48.523000000";"CPFL Paulista";"33050196000188";"Concessão";"SP";"Sudeste";"2029";"Renovação";"";",00";"104724715,77"
"2026-06-26 13:43:48.523000000";"CPFL Paulista";"33050196000188";"Concessão";"SP";"Sudeste";"2030";"Expansão";"";",00";"723045830,28"
"2026-06-26 13:43:48.523000000";"CPFL Paulista";"33050196000188";"Concessão";"SP";"Sudeste";"2030";"Expansão";"Obra com Participação Financeira";",00";"548848125,83"
"2026-06-26 13:43:48.523000000";"CPFL Paulista";"33050196000188";"Concessão";"SP";"Sudeste";"2030";"Expansão";"Planejamento Setorial";",00";"131970175,13"
"2026-06-26 13:43:48.523000000";"CPFL Paulista";"33050196000188";"Concessão";"SP";"Sudeste";"2030";"Melhoria";"";",00";"577578198,36"
"2026-06-26 13:43:48.523000000";"CPFL Paulista";"33050196000188";"Concessão";"SP";"Sudeste";"2030";"Renovação";"";",00";"110512095,09"
"2026-06-26 13:43:48.523000000";"CPFL Piratininga";"04172213000151";"Concessão";"SP";"Sudeste";"2016";"Expansão";"";"10137858,45";"32546700,73"
"2026-06-26 13:43:48.523000000";"CPFL Piratininga";"04172213000151";"Concessão";"SP";"Sudeste";"2016";"Expansão";"Obra com Participação Financeira";"49149428,69";"93719000,00"
"2026-06-26 13:43:48.523000000";"CPFL Piratininga";"04172213000151";"Concessão";"SP";"Sudeste";"2016";"Melhoria";"";"85405353,96";"60763000,00"
"2026-06-26 13:43:48.523000000";"CPFL Piratininga";"04172213000151";"Concessão";"SP";"Sudeste";"2016";"Renovação";"";"1427588,10";"6048245,11"
"2026-06-26 13:43:48.523000000";"CPFL Piratininga";"04172213000151";"Concessão";"SP";"Sudeste";"2017";"Expansão";"";"19586896,18";"24921396,27"
"2026-06-26 13:43:48.523000000";"CPFL Piratininga";"04172213000151";"Concessão";"SP";"Sudeste";"2017";"Expansão";"Obra com Participação Financeira";"44186072,00";"74848623,65"
"2026-06-26 13:43:48.523000000";"CPFL Piratininga";"04172213000151";"Concessão";"SP";"Sudeste";"2017";"Melhoria";"";"84209622,00";"103668130,64"
"2026-06-26 13:43:48.523000000";"CPFL Piratininga";"04172213000151";"Concessão";"SP";"Sudeste";"2017";"Renovação";"";"4953664,00";"9634900,89"
"2026-06-26 13:43:48.523000000";"CPFL Piratininga";"04172213000151";"Concessão";"SP";"Sudeste";"2018";"Expansão";"";"37944767,18";"47706904,89"
"2026-06-26 13:43:48.523000000";"CPFL Piratininga";"04172213000151";"Concessão";"SP";"Sudeste";"2018";"Expansão";"Obra com Participação Financeira";"131237249,22";"40874860,25"
"2026-06-26 13:43:48.523000000";"CPFL Piratininga";"04172213000151";"Concessão";"SP";"Sudeste";"2018";"Melhoria";"";"121687775,84";"114722814,23"
"2026-06-26 13:43:48.523000000";"CPFL Piratininga";"04172213000151";"Concessão";"SP";"Sudeste";"2018";"Renovação";"";"2774424,99";"14586236,05"
"2026-06-26 13:43:48.523000000";"CPFL Piratininga";"04172213000151";"Concessão";"SP";"Sudeste";"2019";"Expansão";"";"66297432,52";"40403469,07"
"2026-06-26 13:43:48.523000000";"CPFL Piratininga";"04172213000151";"Concessão";"SP";"Sudeste";"2019";"Expansão";"Obra com Participação Financeira";"46244294,00";"35052099,05"
"2026-06-26 13:43:48.523000000";"CPFL Piratininga";"04172213000151";"Concessão";"SP";"Sudeste";"2019";"Melhoria";"";"142169031,00";"94871527,83"
"2026-06-26 13:43:48.523000000";"CPFL Piratininga";"04172213000151";"Concessão";"SP";"Sudeste";"2019";"Renovação";"";"24151526,00";"11654323,00"
"2026-06-26 13:43:48.523000000";"CPFL Piratininga";"04172213000151";"Concessão";"SP";"Sudeste";"2020";"Expansão";"";"38621101,04";"48309553,72"
"2026-06-26 13:43:48.523000000";"CPFL Piratininga";"04172213000151";"Concessão";"SP";"Sudeste";"2020";"Expansão";"Obra com Participação Financeira";"41554405,73";"37809175,93"
"2026-06-26 13:43:48.523000000";"CPFL Piratininga";"04172213000151";"Concessão";"SP";"Sudeste";"2020";"Melhoria";"";"92188751,87";"93722339,00"
"2026-06-26 13:43:48.523000000";"CPFL Piratininga";"04172213000151";"Concessão";"SP";"Sudeste";"2020";"Renovação";"";"8550305,65";"11390633,00"
"2026-06-26 13:43:48.523000000";"CPFL Piratininga";"04172213000151";"Concessão";"SP";"Sudeste";"2021";"Expansão";"";"78980890,69";"11351244,75"
"2026-06-26 13:43:48.523000000";"CPFL Piratininga";"04172213000151";"Concessão";"SP";"Sudeste";"2021";"Expansão";"Obra com Participação Financeira";"49998697,14";"37721546,95"
"2026-06-26 13:43:48.523000000";"CPFL Piratininga";"04172213000151";"Concessão";"SP";"Sudeste";"2021";"Melhoria";"";"89125679,28";"127730482,65"
"2026-06-26 13:43:48.523000000";"CPFL Piratininga";"04172213000151";"Concessão";"SP";"Sudeste";"2021";"Renovação";"";"12888966,93";"37950723,29"
"2026-06-26 13:43:48.523000000";"CPFL Piratininga";"04172213000151";"Concessão";"SP";"Sudeste";"2022";"Expansão";"";"89822599,23";"69660100,67"
"2026-06-26 13:43:48.523000000";"CPFL Piratininga";"04172213000151";"Concessão";"SP";"Sudeste";"2022";"Expansão";"Obra com Participação Financeira";"72520504,81";"38915907,15"
"2026-06-26 13:43:48.523000000";"CPFL Piratininga";"04172213000151";"Concessão";"SP";"Sudeste";"2022";"Melhoria";"";"158795490,04";"148506415,42"
"2026-06-26 13:43:48.523000000";"CPFL Piratininga";"04172213000151";"Concessão";"SP";"Sudeste";"2022";"Renovação";"";"35562959,08";"55380879,15"
"2026-06-26 13:43:48.523000000";"CPFL Piratininga";"04172213000151";"Concessão";"SP";"Sudeste";"2023";"Expansão";"";"260603934,62";"201650695,45"
"2026-06-26 13:43:48.523000000";"CPFL Piratininga";"04172213000151";"Concessão";"SP";"Sudeste";"2023";"Expansão";"Obra com Participação Financeira";"88475156,22";"81852723,19"
"2026-06-26 13:43:48.523000000";"CPFL Piratininga";"04172213000151";"Concessão";"SP";"Sudeste";"2023";"Expansão";"Planejamento Setorial";"3076221,15";"3027664,62"
"2026-06-26 13:43:48.523000000";"CPFL Piratininga";"04172213000151";"Concessão";"SP";"Sudeste";"2023";"Melhoria";"";"170450747,91";"154181560,49"
"2026-06-26 13:43:48.523000000";"CPFL Piratininga";"04172213000151";"Concessão";"SP";"Sudeste";"2023";"Renovação";"";"59439526,73";"64313682,30"
"2026-06-26 13:43:48.523000000";"CPFL Piratininga";"04172213000151";"Concessão";"SP";"Sudeste";"2024";"Expansão";"";"64871718,39";"114567008,97"
"2026-06-26 13:43:48.523000000";"CPFL Piratininga";"04172213000151";"Concessão";"SP";"Sudeste";"2024";"Expansão";"Obra com Participação Financeira";"120297640,82";"84184565,51"
"2026-06-26 13:43:48.523000000";"CPFL Piratininga";"04172213000151";"Concessão";"SP";"Sudeste";"2024";"Melhoria";"";"140297368,27";"150757843,68"
"2026-06-26 13:43:48.523000000";"CPFL Piratininga";"04172213000151";"Concessão";"SP";"Sudeste";"2024";"Renovação";"";"36917080,74";"34459393,54"
"2026-06-26 13:43:48.523000000";"CPFL Piratininga";"04172213000151";"Concessão";"SP";"Sudeste";"2025";"Expansão";"";"46255683,86";"78495240,89"
"2026-06-26 13:43:48.523000000";"CPFL Piratininga";"04172213000151";"Concessão";"SP";"Sudeste";"2025";"Expansão";"Obra com Participação Financeira";"134783533,76";"227839862,80"
"2026-06-26 13:43:48.523000000";"CPFL Piratininga";"04172213000151";"Concessão";"SP";"Sudeste";"2025";"Expansão";"Planejamento Setorial";"35872411,05";"32785161,03"
"2026-06-26 13:43:48.523000000";"CPFL Piratininga";"04172213000151";"Concessão";"SP";"Sudeste";"2025";"Melhoria";"";"180466744,35";"194707932,55"
"2026-06-26 13:43:48.523000000";"CPFL Piratininga";"04172213000151";"Concessão";"SP";"Sudeste";"2025";"Renovação";"";"37881587,18";"32408527,92"
"2026-06-26 13:43:48.523000000";"CPFL Piratininga";"04172213000151";"Concessão";"SP";"Sudeste";"2026";"Expansão";"";",00";"270539356,03"
"2026-06-26 13:43:48.523000000";"CPFL Piratininga";"04172213000151";"Concessão";"SP";"Sudeste";"2026";"Expansão";"Obra com Participação Financeira";",00";"266720671,61"
"2026-06-26 13:43:48.523000000";"CPFL Piratininga";"04172213000151";"Concessão";"SP";"Sudeste";"2026";"Melhoria";"";",00";"221015999,54"
"2026-06-26 13:43:48.523000000";"CPFL Piratininga";"04172213000151";"Concessão";"SP";"Sudeste";"2026";"Renovação";"";",00";"49187546,57"
"2026-06-26 13:43:48.523000000";"CPFL Piratininga";"04172213000151";"Concessão";"SP";"Sudeste";"2027";"Expansão";"";",00";"124013313,50"
"2026-06-26 13:43:48.523000000";"CPFL Piratininga";"04172213000151";"Concessão";"SP";"Sudeste";"2027";"Expansão";"Obra com Participação Financeira";",00";"220295147,79"
"2026-06-26 13:43:48.523000000";"CPFL Piratininga";"04172213000151";"Concessão";"SP";"Sudeste";"2027";"Melhoria";"";",00";"165834505,38"
"2026-06-26 13:43:48.523000000";"CPFL Piratininga";"04172213000151";"Concessão";"SP";"Sudeste";"2027";"Renovação";"";",00";"48893867,82"
"2026-06-26 13:43:48.523000000";"CPFL Piratininga";"04172213000151";"Concessão";"SP";"Sudeste";"2028";"Expansão";"";",00";"254102619,76"
"2026-06-26 13:43:48.523000000";"CPFL Piratininga";"04172213000151";"Concessão";"SP";"Sudeste";"2028";"Expansão";"Obra com Participação Financeira";",00";"109129113,21"
"2026-06-26 13:43:48.523000000";"CPFL Piratininga";"04172213000151";"Concessão";"SP";"Sudeste";"2028";"Melhoria";"";",00";"174051433,30"
"2026-06-26 13:43:48.523000000";"CPFL Piratininga";"04172213000151";"Concessão";"SP";"Sudeste";"2028";"Renovação";"";",00";"52302013,33"
"2026-06-26 13:43:48.523000000";"CPFL Piratininga";"04172213000151";"Concessão";"SP";"Sudeste";"2029";"Expansão";"";",00";"138009768,79"
"2026-06-26 13:43:48.523000000";"CPFL Piratininga";"04172213000151";"Concessão";"SP";"Sudeste";"2029";"Expansão";"Obra com Participação Financeira";",00";"106351966,41"
"2026-06-26 13:43:48.523000000";"CPFL Piratininga";"04172213000151";"Concessão";"SP";"Sudeste";"2029";"Melhoria";"";",00";"152779429,19"
"2026-06-26 13:43:48.523000000";"CPFL Piratininga";"04172213000151";"Concessão";"SP";"Sudeste";"2029";"Renovação";"";",00";"72283410,28"
"2026-06-26 13:43:48.523000000";"CPFL Piratininga";"04172213000151";"Concessão";"SP";"Sudeste";"2030";"Expansão";"";",00";"334638278,07"
"2026-06-26 13:43:48.523000000";"CPFL Piratininga";"04172213000151";"Concessão";"SP";"Sudeste";"2030";"Expansão";"Obra com Participação Financeira";",00";"202981774,08"
"2026-06-26 13:43:48.523000000";"CPFL Piratininga";"04172213000151";"Concessão";"SP";"Sudeste";"2030";"Melhoria";"";",00";"144109472,51"
"2026-06-26 13:43:48.523000000";"CPFL Piratininga";"04172213000151";"Concessão";"SP";"Sudeste";"2030";"Renovação";"";",00";"68115441,45"
"2026-06-26 13:43:48.523000000";"CPFL Santa Cruz";"53859112000169";"Concessão";"SP";"Sudeste";"2016";"Expansão";"";"352337,63";"995362,00"
"2026-06-26 13:43:48.523000000";"CPFL Santa Cruz";"53859112000169";"Concessão";"SP";"Sudeste";"2016";"Expansão";"Obra com Participação Financeira";"2577882,54";"2772000,00"
"2026-06-26 13:43:48.523000000";"CPFL Santa Cruz";"53859112000169";"Concessão";"SP";"Sudeste";"2016";"Melhoria";"";"3558662,79";"2106000,00"
"2026-06-26 13:43:48.523000000";"CPFL Santa Cruz";"53859112000169";"Concessão";"SP";"Sudeste";"2016";"Renovação";"";"40526,06";"26000,00"
"2026-06-26 13:43:48.523000000";"CPFL Santa Cruz";"53859112000169";"Concessão";"SP";"Sudeste";"2017";"Expansão";"";",00";"2097813,81"
"2026-06-26 13:43:48.523000000";"CPFL Santa Cruz";"53859112000169";"Concessão";"SP";"Sudeste";"2017";"Expansão";"Obra com Participação Financeira";",00";"2038602,45"
"2026-06-26 13:43:48.523000000";"CPFL Santa Cruz";"53859112000169";"Concessão";"SP";"Sudeste";"2017";"Melhoria";"";",00";"2950522,83"
"2026-06-26 13:43:48.523000000";"CPFL Santa Cruz";"53859112000169";"Concessão";"SP";"Sudeste";"2017";"Renovação";"";",00";"117057,86"
"2026-06-26 13:43:48.523000000";"CPFL Santa Cruz";"53859112000169";"Concessão";"SP";"Sudeste";"2018";"Expansão";"";"8918964,38";"55855694,26"
"2026-06-26 13:43:48.523000000";"CPFL Santa Cruz";"53859112000169";"Concessão";"SP";"Sudeste";"2018";"Expansão";"Obra com Participação Financeira";",00";"23218468,99"
"2026-06-26 13:43:48.523000000";"CPFL Santa Cruz";"53859112000169";"Concessão";"SP";"Sudeste";"2018";"Melhoria";"";",00";"61938792,67"
"2026-06-26 13:43:48.523000000";"CPFL Santa Cruz";"53859112000169";"Concessão";"SP";"Sudeste";"2018";"Renovação";"";",00";"1426997,00"
"2026-06-26 13:43:48.523000000";"CPFL Santa Cruz";"53859112000169";"Concessão";"SP";"Sudeste";"2019";"Expansão";"";"23055607,20";"9256262,01"
"2026-06-26 13:43:48.523000000";"CPFL Santa Cruz";"53859112000169";"Concessão";"SP";"Sudeste";"2019";"Expansão";"Obra com Participação Financeira";"29398875,00";"23344145,53"
"2026-06-26 13:43:48.523000000";"CPFL Santa Cruz";"53859112000169";"Concessão";"SP";"Sudeste";"2019";"Expansão";"Planejamento Setorial";"3087794,12";"2686000,00"
"2026-06-26 13:43:48.523000000";"CPFL Santa Cruz";"53859112000169";"Concessão";"SP";"Sudeste";"2019";"Melhoria";"";"63344591,00";"84752112,80"
"2026-06-26 13:43:48.523000000";"CPFL Santa Cruz";"53859112000169";"Concessão";"SP";"Sudeste";"2019";"Renovação";"";"577857,00";"3368909,00"
"2026-06-26 13:43:48.523000000";"CPFL Santa Cruz";"53859112000169";"Concessão";"SP";"Sudeste";"2020";"Expansão";"";"60996310,60";"57839978,83"
"2026-06-26 13:43:48.523000000";"CPFL Santa Cruz";"53859112000169";"Concessão";"SP";"Sudeste";"2020";"Expansão";"Obra com Participação Financeira";"27047024,69";"26553983,51"
"2026-06-26 13:43:48.523000000";"CPFL Santa Cruz";"53859112000169";"Concessão";"SP";"Sudeste";"2020";"Melhoria";"";"99827619,89";"75568334,00"
"2026-06-26 13:43:48.523000000";"CPFL Santa Cruz";"53859112000169";"Concessão";"SP";"Sudeste";"2020";"Renovação";"";"22363197,08";"20239540,00"
"2026-06-26 13:43:48.523000000";"CPFL Santa Cruz";"53859112000169";"Concessão";"SP";"Sudeste";"2021";"Expansão";"";"26721271,75";"24283850,76"
"2026-06-26 13:43:48.523000000";"CPFL Santa Cruz";"53859112000169";"Concessão";"SP";"Sudeste";"2021";"Expansão";"Obra com Participação Financeira";"55766516,80";"32244138,57"
"2026-06-26 13:43:48.523000000";"CPFL Santa Cruz";"53859112000169";"Concessão";"SP";"Sudeste";"2021";"Melhoria";"";"61532688,32";"66259317,07"
"2026-06-26 13:43:48.523000000";"CPFL Santa Cruz";"53859112000169";"Concessão";"SP";"Sudeste";"2021";"Renovação";"";"723166,04";"16463075,89"
"2026-06-26 13:43:48.523000000";"CPFL Santa Cruz";"53859112000169";"Concessão";"SP";"Sudeste";"2022";"Expansão";"";"28167117,44";"7869241,01"
"2026-06-26 13:43:48.523000000";"CPFL Santa Cruz";"53859112000169";"Concessão";"SP";"Sudeste";"2022";"Expansão";"Obra com Participação Financeira";"68190977,31";"41008259,68"
"2026-06-26 13:43:48.523000000";"CPFL Santa Cruz";"53859112000169";"Concessão";"SP";"Sudeste";"2022";"Melhoria";"";"86209880,47";"67272444,83"
"2026-06-26 13:43:48.523000000";"CPFL Santa Cruz";"53859112000169";"Concessão";"SP";"Sudeste";"2022";"Renovação";"";"4329124,43";"16215476,11"
"2026-06-26 13:43:48.523000000";"CPFL Santa Cruz";"53859112000169";"Concessão";"SP";"Sudeste";"2023";"Expansão";"";"25526055,11";"12004808,52"
"2026-06-26 13:43:48.523000000";"CPFL Santa Cruz";"53859112000169";"Concessão";"SP";"Sudeste";"2023";"Expansão";"Obra com Participação Financeira";"55734604,76";"65800422,22"
"2026-06-26 13:43:48.523000000";"CPFL Santa Cruz";"53859112000169";"Concessão";"SP";"Sudeste";"2023";"Melhoria";"";"70853112,27";"78347828,43"
"2026-06-26 13:43:48.523000000";"CPFL Santa Cruz";"53859112000169";"Concessão";"SP";"Sudeste";"2023";"Renovação";"";"6188154,14";"12615187,06"
"2026-06-26 13:43:48.523000000";"CPFL Santa Cruz";"53859112000169";"Concessão";"SP";"Sudeste";"2024";"Expansão";"";"52641558,01";"75673790,50"
"2026-06-26 13:43:48.523000000";"CPFL Santa Cruz";"53859112000169";"Concessão";"SP";"Sudeste";"2024";"Expansão";"Obra com Participação Financeira";"74872325,93";"100314163,79"
"2026-06-26 13:43:48.523000000";"CPFL Santa Cruz";"53859112000169";"Concessão";"SP";"Sudeste";"2024";"Melhoria";"";"91920651,37";"70282343,91"
"2026-06-26 13:43:48.523000000";"CPFL Santa Cruz";"53859112000169";"Concessão";"SP";"Sudeste";"2024";"Renovação";"";"6166319,68";"15288561,44"
"2026-06-26 13:43:48.523000000";"CPFL Santa Cruz";"53859112000169";"Concessão";"SP";"Sudeste";"2025";"Expansão";"";"242198965,89";"233780335,76"
"2026-06-26 13:43:48.523000000";"CPFL Santa Cruz";"53859112000169";"Concessão";"SP";"Sudeste";"2025";"Expansão";"Obra com Participação Financeira";"116640677,75";"180515959,07"
"2026-06-26 13:43:48.523000000";"CPFL Santa Cruz";"53859112000169";"Concessão";"SP";"Sudeste";"2025";"Melhoria";"";"294836994,53";"100511587,43"
"2026-06-26 13:43:48.523000000";"CPFL Santa Cruz";"53859112000169";"Concessão";"SP";"Sudeste";"2025";"Renovação";"";"5557172,88";"7296290,27"
"2026-06-26 13:43:48.523000000";"CPFL Santa Cruz";"53859112000169";"Concessão";"SP";"Sudeste";"2026";"Expansão";"";",00";"3921743,03"
"2026-06-26 13:43:48.523000000";"CPFL Santa Cruz";"53859112000169";"Concessão";"SP";"Sudeste";"2026";"Expansão";"Obra com Participação Financeira";",00";"83448896,14"
"2026-06-26 13:43:48.523000000";"CPFL Santa Cruz";"53859112000169";"Concessão";"SP";"Sudeste";"2026";"Melhoria";"";",00";"52637247,42"
"2026-06-26 13:43:48.523000000";"CPFL Santa Cruz";"53859112000169";"Concessão";"SP";"Sudeste";"2026";"Renovação";"";",00";"3137502,46"
"2026-06-26 13:43:48.523000000";"CPFL Santa Cruz";"53859112000169";"Concessão";"SP";"Sudeste";"2027";"Expansão";"";",00";"16812252,33"
"2026-06-26 13:43:48.523000000";"CPFL Santa Cruz";"53859112000169";"Concessão";"SP";"Sudeste";"2027";"Expansão";"Obra com Participação Financeira";",00";"87696905,31"
"2026-06-26 13:43:48.523000000";"CPFL Santa Cruz";"53859112000169";"Concessão";"SP";"Sudeste";"2027";"Melhoria";"";",00";"103078707,17"
"2026-06-26 13:43:48.523000000";"CPFL Santa Cruz";"53859112000169";"Concessão";"SP";"Sudeste";"2027";"Renovação";"";",00";"5463754,02"
"2026-06-26 13:43:48.523000000";"CPFL Santa Cruz";"53859112000169";"Concessão";"SP";"Sudeste";"2028";"Expansão";"";",00";"101312494,80"
"2026-06-26 13:43:48.523000000";"CPFL Santa Cruz";"53859112000169";"Concessão";"SP";"Sudeste";"2028";"Expansão";"Obra com Participação Financeira";",00";"86800661,91"
"2026-06-26 13:43:48.523000000";"CPFL Santa Cruz";"53859112000169";"Concessão";"SP";"Sudeste";"2028";"Melhoria";"";",00";"96135184,58"
"2026-06-26 13:43:48.523000000";"CPFL Santa Cruz";"53859112000169";"Concessão";"SP";"Sudeste";"2028";"Renovação";"";",00";"8956599,36"
"2026-06-26 13:43:48.523000000";"CPFL Santa Cruz";"53859112000169";"Concessão";"SP";"Sudeste";"2029";"Expansão";"";",00";"152100162,57"
"2026-06-26 13:43:48.523000000";"CPFL Santa Cruz";"53859112000169";"Concessão";"SP";"Sudeste";"2029";"Expansão";"Obra com Participação Financeira";",00";"189866895,01"
"2026-06-26 13:43:48.523000000";"CPFL Santa Cruz";"53859112000169";"Concessão";"SP";"Sudeste";"2029";"Melhoria";"";",00";"82700441,98"
"2026-06-26 13:43:48.523000000";"CPFL Santa Cruz";"53859112000169";"Concessão";"SP";"Sudeste";"2029";"Renovação";"";",00";"18403426,91"
"2026-06-26 13:43:48.523000000";"CPFL Santa Cruz";"53859112000169";"Concessão";"SP";"Sudeste";"2030";"Expansão";"";",00";"132237628,98"
"2026-06-26 13:43:48.523000000";"CPFL Santa Cruz";"53859112000169";"Concessão";"SP";"Sudeste";"2030";"Expansão";"Obra com Participação Financeira";",00";"127342964,95"
"2026-06-26 13:43:48.523000000";"CPFL Santa Cruz";"53859112000169";"Concessão";"SP";"Sudeste";"2030";"Expansão";"Planejamento Setorial";",00";"13211962,29"
"2026-06-26 13:43:48.523000000";"CPFL Santa Cruz";"53859112000169";"Concessão";"SP";"Sudeste";"2030";"Melhoria";"";",00";"89012926,14"
"2026-06-26 13:43:48.523000000";"CPFL Santa Cruz";"53859112000169";"Concessão";"SP";"Sudeste";"2030";"Renovação";"";",00";"22513619,05"
"2026-06-26 13:43:48.523000000";"Creluz-D";"91950261000128";"Permissão";"RS";"Sul";"2016";"Expansão";"";"1906225,90";"1476594,31"
"2026-06-26 13:43:48.523000000";"Creluz-D";"91950261000128";"Permissão";"RS";"Sul";"2016";"Expansão";"Obra com Participação Financeira";"980324,54";"700867,39"
"2026-06-26 13:43:48.523000000";"Creluz-D";"91950261000128";"Permissão";"RS";"Sul";"2016";"Melhoria";"";"3364160,03";"3918103,74"
"2026-06-26 13:43:48.523000000";"Creluz-D";"91950261000128";"Permissão";"RS";"Sul";"2016";"Renovação";"";"873405,43";"1033329,54"
"2026-06-26 13:43:48.523000000";"Creluz-D";"91950261000128";"Permissão";"RS";"Sul";"2017";"Expansão";"";"959604,76";"1448157,87"
"2026-06-26 13:43:48.523000000";"Creluz-D";"91950261000128";"Permissão";"RS";"Sul";"2017";"Expansão";"Obra com Participação Financeira";"1612341,96";"1271417,82"
"2026-06-26 13:43:48.523000000";"Creluz-D";"91950261000128";"Permissão";"RS";"Sul";"2017";"Melhoria";"";"2110754,69";"2583319,41"
"2026-06-26 13:43:48.523000000";"Creluz-D";"91950261000128";"Permissão";"RS";"Sul";"2017";"Renovação";"";"974769,46";"1124228,89"
"2026-06-26 13:43:48.523000000";"Creluz-D";"91950261000128";"Permissão";"RS";"Sul";"2018";"Expansão";"";"886231,20";"995547,80"
"2026-06-26 13:43:48.523000000";"Creluz-D";"91950261000128";"Permissão";"RS";"Sul";"2018";"Expansão";"Obra com Participação Financeira";"2817415,02";"1830475,62"
"2026-06-26 13:43:48.523000000";"Creluz-D";"91950261000128";"Permissão";"RS";"Sul";"2018";"Melhoria";"";"1907839,50";"1898157,82"
"2026-06-26 13:43:48.523000000";"Creluz-D";"91950261000128";"Permissão";"RS";"Sul";"2018";"Renovação";"";"776833,70";"908087,26"
"2026-06-26 13:43:48.523000000";"Creluz-D";"91950261000128";"Permissão";"RS";"Sul";"2019";"Expansão";"";"1933572,34";"1195901,42"
"2026-06-26 13:43:48.523000000";"Creluz-D";"91950261000128";"Permissão";"RS";"Sul";"2019";"Expansão";"Obra com Participação Financeira";"4031167,28";"2698495,34"
"2026-06-26 13:43:48.523000000";"Creluz-D";"91950261000128";"Permissão";"RS";"Sul";"2019";"Melhoria";"";"3098808,55";"3142742,67"
"2026-06-26 13:43:48.523000000";"Creluz-D";"91950261000128";"Permissão";"RS";"Sul";"2019";"Renovação";"";"841334,86";"824031,77"
"2026-06-26 13:43:48.523000000";"Creluz-D";"91950261000128";"Permissão";"RS";"Sul";"2020";"Expansão";"";"6485768,61";"20636509,78"
"2026-06-26 13:43:48.523000000";"Creluz-D";"91950261000128";"Permissão";"RS";"Sul";"2020";"Expansão";"Obra com Participação Financeira";"5059610,92";"2303457,90"
"2026-06-26 13:43:48.523000000";"Creluz-D";"91950261000128";"Permissão";"RS";"Sul";"2020";"Melhoria";"";"4587097,28";"3137605,07"
"2026-06-26 13:43:48.523000000";"Creluz-D";"91950261000128";"Permissão";"RS";"Sul";"2020";"Renovação";"";"760928,56";"705342,13"
"2026-06-26 13:43:48.523000000";"Creluz-D";"91950261000128";"Permissão";"RS";"Sul";"2021";"Expansão";"";"17427472,96";"20804961,42"
"2026-06-26 13:43:48.523000000";"Creluz-D";"91950261000128";"Permissão";"RS";"Sul";"2021";"Expansão";"Obra com Participação Financeira";"9215860,65";"4883755,48"
"2026-06-26 13:43:48.523000000";"Creluz-D";"91950261000128";"Permissão";"RS";"Sul";"2021";"Melhoria";"";"3084884,51";"3210066,37"
"2026-06-26 13:43:48.523000000";"Creluz-D";"91950261000128";"Permissão";"RS";"Sul";"2021";"Renovação";"";"932421,03";"998025,04"
"2026-06-26 13:43:48.523000000";"Creluz-D";"91950261000128";"Permissão";"RS";"Sul";"2022";"Expansão";"";"2787033,01";"2040143,76"
"2026-06-26 13:43:48.523000000";"Creluz-D";"91950261000128";"Permissão";"RS";"Sul";"2022";"Expansão";"Obra com Participação Financeira";"3729366,65";"4098784,84"
"2026-06-26 13:43:48.523000000";"Creluz-D";"91950261000128";"Permissão";"RS";"Sul";"2022";"Melhoria";"";"970095,02";"2997751,25"
"2026-06-26 13:43:48.523000000";"Creluz-D";"91950261000128";"Permissão";"RS";"Sul";"2022";"Renovação";"";"878419,50";"832840,27"
"2026-06-26 13:43:48.523000000";"Creluz-D";"91950261000128";"Permissão";"RS";"Sul";"2023";"Expansão";"";"2421302,85";"1760758,55"
"2026-06-26 13:43:48.523000000";"Creluz-D";"91950261000128";"Permissão";"RS";"Sul";"2023";"Expansão";"Obra com Participação Financeira";"4457710,93";"3858901,26"
"2026-06-26 13:43:48.523000000";"Creluz-D";"91950261000128";"Permissão";"RS";"Sul";"2023";"Melhoria";"";"1905534,20";"1671800,55"
"2026-06-26 13:43:48.523000000";"Creluz-D";"91950261000128";"Permissão";"RS";"Sul";"2023";"Renovação";"";"1306463,35";"861988,88"
"2026-06-26 13:43:48.523000000";"Creluz-D";"91950261000128";"Permissão";"RS";"Sul";"2024";"Expansão";"";"5291784,40";"7963374,54"
"2026-06-26 13:43:48.523000000";"Creluz-D";"91950261000128";"Permissão";"RS";"Sul";"2024";"Expansão";"Obra com Participação Financeira";"4285019,45";"4094264,60"
"2026-06-26 13:43:48.523000000";"Creluz-D";"91950261000128";"Permissão";"RS";"Sul";"2024";"Melhoria";"";"2194716,67";"1414051,43"
"2026-06-26 13:43:48.523000000";"Creluz-D";"91950261000128";"Permissão";"RS";"Sul";"2024";"Renovação";"";"1669494,84";"1062948,78"
"2026-06-26 13:43:48.523000000";"Creluz-D";"91950261000128";"Permissão";"RS";"Sul";"2025";"Expansão";"";"6093519,24";"15251723,18"
"2026-06-26 13:43:48.523000000";"Creluz-D";"91950261000128";"Permissão";"RS";"Sul";"2025";"Expansão";"Obra com Participação Financeira";"7952344,81";"4102957,63"
"2026-06-26 13:43:48.523000000";"Creluz-D";"91950261000128";"Permissão";"RS";"Sul";"2025";"Melhoria";"";"3282278,06";"2099607,08"
"2026-06-26 13:43:48.523000000";"Creluz-D";"91950261000128";"Permissão";"RS";"Sul";"2025";"Renovação";"";"1575310,66";"1296853,89"
"2026-06-26 13:43:48.523000000";"Creluz-D";"91950261000128";"Permissão";"RS";"Sul";"2026";"Expansão";"";",00";"15734800,76"
"2026-06-26 13:43:48.523000000";"Creluz-D";"91950261000128";"Permissão";"RS";"Sul";"2026";"Expansão";"Obra com Participação Financeira";",00";"4624392,17"
"2026-06-26 13:43:48.523000000";"Creluz-D";"91950261000128";"Permissão";"RS";"Sul";"2026";"Melhoria";"";",00";"2788602,46"
"2026-06-26 13:43:48.523000000";"Creluz-D";"91950261000128";"Permissão";"RS";"Sul";"2026";"Renovação";"";",00";"1611466,86"
"2026-06-26 13:43:48.523000000";"Creluz-D";"91950261000128";"Permissão";"RS";"Sul";"2027";"Expansão";"";",00";"16320141,88"
"2026-06-26 13:43:48.523000000";"Creluz-D";"91950261000128";"Permissão";"RS";"Sul";"2027";"Expansão";"Obra com Participação Financeira";",00";"4950323,48"
"2026-06-26 13:43:48.523000000";"Creluz-D";"91950261000128";"Permissão";"RS";"Sul";"2027";"Melhoria";"";",00";"3295091,68"
"2026-06-26 13:43:48.523000000";"Creluz-D";"91950261000128";"Permissão";"RS";"Sul";"2027";"Renovação";"";",00";"1574139,38"
"2026-06-26 13:43:48.523000000";"Creluz-D";"91950261000128";"Permissão";"RS";"Sul";"2028";"Expansão";"";",00";"3743154,48"
"2026-06-26 13:43:48.523000000";"Creluz-D";"91950261000128";"Permissão";"RS";"Sul";"2028";"Expansão";"Obra com Participação Financeira";",00";"5203201,86"
"2026-06-26 13:43:48.523000000";"Creluz-D";"91950261000128";"Permissão";"RS";"Sul";"2028";"Melhoria";"";",00";"2939255,50"
"2026-06-26 13:43:48.523000000";"Creluz-D";"91950261000128";"Permissão";"RS";"Sul";"2028";"Renovação";"";",00";"1587077,65"
"2026-06-26 13:43:48.523000000";"Creluz-D";"91950261000128";"Permissão";"RS";"Sul";"2029";"Expansão";"";",00";"14625922,89"
"2026-06-26 13:43:48.523000000";"Creluz-D";"91950261000128";"Permissão";"RS";"Sul";"2029";"Expansão";"Obra com Participação Financeira";",00";"5454321,47"
"2026-06-26 13:43:48.523000000";"Creluz-D";"91950261000128";"Permissão";"RS";"Sul";"2029";"Melhoria";"";",00";"2329341,12"
"2026-06-26 13:43:48.523000000";"Creluz-D";"91950261000128";"Permissão";"RS";"Sul";"2029";"Renovação";"";",00";"1693574,48"
"2026-06-26 13:43:48.523000000";"Creluz-D";"91950261000128";"Permissão";"RS";"Sul";"2030";"Expansão";"";",00";"4165376,78"
"2026-06-26 13:43:48.523000000";"Creluz-D";"91950261000128";"Permissão";"RS";"Sul";"2030";"Expansão";"Obra com Participação Financeira";",00";"5955934,57"
"2026-06-26 13:43:48.523000000";"Creluz-D";"91950261000128";"Permissão";"RS";"Sul";"2030";"Melhoria";"";",00";"1861219,76"
"2026-06-26 13:43:48.523000000";"Creluz-D";"91950261000128";"Permissão";"RS";"Sul";"2030";"Renovação";"";",00";"1726673,97"
"2026-06-26 13:43:48.523000000";"Creral";"89435598000155";"Permissão";"RS";"Sul";"2016";"Expansão";"";"666479,57";"935000,00"
"2026-06-26 13:43:48.523000000";"Creral";"89435598000155";"Permissão";"RS";"Sul";"2016";"Expansão";"Obra com Participação Financeira";"17711,70";"30000,00"
"2026-06-26 13:43:48.523000000";"Creral";"89435598000155";"Permissão";"RS";"Sul";"2016";"Melhoria";"";"302538,62";"295000,00"
"2026-06-26 13:43:48.523000000";"Creral";"89435598000155";"Permissão";"RS";"Sul";"2016";"Renovação";"";"56922,96";"80000,00"
"2026-06-26 13:43:48.523000000";"Creral";"89435598000155";"Permissão";"RS";"Sul";"2017";"Expansão";"";"558362,37";"1011571,00"
"2026-06-26 13:43:48.523000000";"Creral";"89435598000155";"Permissão";"RS";"Sul";"2017";"Expansão";"Obra com Participação Financeira";"18223,31";"40000,00"
"2026-06-26 13:43:48.523000000";"Creral";"89435598000155";"Permissão";"RS";"Sul";"2017";"Melhoria";"";"181637,39";"135660,00"
"2026-06-26 13:43:48.523000000";"Creral";"89435598000155";"Permissão";"RS";"Sul";"2017";"Renovação";"";"188247,92";"106375,00"
"2026-06-26 13:43:48.523000000";"Creral";"89435598000155";"Permissão";"RS";"Sul";"2018";"Expansão";"";"263043,79";"471496,00"
"2026-06-26 13:43:48.523000000";"Creral";"89435598000155";"Permissão";"RS";"Sul";"2018";"Expansão";"Obra com Participação Financeira";",00";"35000,00"
"2026-06-26 13:43:48.523000000";"Creral";"89435598000155";"Permissão";"RS";"Sul";"2018";"Melhoria";"";"157849,59";"580983,00"
"2026-06-26 13:43:48.523000000";"Creral";"89435598000155";"Permissão";"RS";"Sul";"2018";"Renovação";"";"78971,35";"81273,00"
"2026-06-26 13:43:48.523000000";"Creral";"89435598000155";"Permissão";"RS";"Sul";"2019";"Expansão";"";"503171,81";"295278,34"
"2026-06-26 13:43:48.523000000";"Creral";"89435598000155";"Permissão";"RS";"Sul";"2019";"Expansão";"Obra com Participação Financeira";"20343,51";"40000,00"
"2026-06-26 13:43:48.523000000";"Creral";"89435598000155";"Permissão";"RS";"Sul";"2019";"Melhoria";"";"302506,21";"561928,00"
"2026-06-26 13:43:48.523000000";"Creral";"89435598000155";"Permissão";"RS";"Sul";"2019";"Renovação";"";"115044,44";"102793,66"
"2026-06-26 13:43:48.523000000";"Creral";"89435598000155";"Permissão";"RS";"Sul";"2020";"Expansão";"";"438400,98";"441377,00"
"2026-06-26 13:43:48.523000000";"Creral";"89435598000155";"Permissão";"RS";"Sul";"2020";"Expansão";"Obra com Participação Financeira";"84966,82";"80000,00"
"2026-06-26 13:43:48.523000000";"Creral";"89435598000155";"Permissão";"RS";"Sul";"2020";"Melhoria";"";"644010,40";"1143434,00"
"2026-06-26 13:43:48.523000000";"Creral";"89435598000155";"Permissão";"RS";"Sul";"2020";"Renovação";"";"53851,51";"92114,00"
"2026-06-26 13:43:48.523000000";"Creral";"89435598000155";"Permissão";"RS";"Sul";"2021";"Expansão";"";"2197778,92";"2604634,39"
"2026-06-26 13:43:48.523000000";"Creral";"89435598000155";"Permissão";"RS";"Sul";"2021";"Expansão";"Obra com Participação Financeira";"125572,27";"80000,00"
"2026-06-26 13:43:48.523000000";"Creral";"89435598000155";"Permissão";"RS";"Sul";"2021";"Melhoria";"";"180798,61";"983180,68"
"2026-06-26 13:43:48.523000000";"Creral";"89435598000155";"Permissão";"RS";"Sul";"2021";"Renovação";"";"87336,28";"79333,32"
"2026-06-26 13:43:48.523000000";"Creral";"89435598000155";"Permissão";"RS";"Sul";"2022";"Expansão";"";"397023,70";"11425390,00"
"2026-06-26 13:43:48.523000000";"Creral";"89435598000155";"Permissão";"RS";"Sul";"2022";"Expansão";"Obra com Participação Financeira";"5368,89";"90000,00"
"2026-06-26 13:43:48.523000000";"Creral";"89435598000155";"Permissão";"RS";"Sul";"2022";"Melhoria";"";"1300059,29";"1296090,00"
"2026-06-26 13:43:48.523000000";"Creral";"89435598000155";"Permissão";"RS";"Sul";"2022";"Renovação";"";"198872,72";"168495,00"
"2026-06-26 13:43:48.523000000";"Creral";"89435598000155";"Permissão";"RS";"Sul";"2023";"Expansão";"";"666612,73";"18989853,95"
"2026-06-26 13:43:48.523000000";"Creral";"89435598000155";"Permissão";"RS";"Sul";"2023";"Expansão";"Obra com Participação Financeira";"34081,87";"115871,80"
"2026-06-26 13:43:48.523000000";"Creral";"89435598000155";"Permissão";"RS";"Sul";"2023";"Melhoria";"";"400704,45";"2725002,40"
"2026-06-26 13:43:48.523000000";"Creral";"89435598000155";"Permissão";"RS";"Sul";"2023";"Renovação";"";"350760,29";"144271,85"
"2026-06-26 13:43:48.523000000";"Creral";"89435598000155";"Permissão";"RS";"Sul";"2024";"Expansão";"";"9673337,33";"22751351,77"
"2026-06-26 13:43:48.523000000";"Creral";"89435598000155";"Permissão";"RS";"Sul";"2024";"Expansão";"Obra com Participação Financeira";"112981,01";"93089,98"
"2026-06-26 13:43:48.523000000";"Creral";"89435598000155";"Permissão";"RS";"Sul";"2024";"Melhoria";"";"338040,52";"2417577,28"
"2026-06-26 13:43:48.523000000";"Creral";"89435598000155";"Permissão";"RS";"Sul";"2024";"Renovação";"";"26652,36";"193980,96"
"2026-06-26 13:43:48.523000000";"Creral";"89435598000155";"Permissão";"RS";"Sul";"2025";"Expansão";"";"17072270,15";"22862752,84"
"2026-06-26 13:43:48.523000000";"Creral";"89435598000155";"Permissão";"RS";"Sul";"2025";"Expansão";"Obra com Participação Financeira";"101077,10";"101077,10"
"2026-06-26 13:43:48.523000000";"Creral";"89435598000155";"Permissão";"RS";"Sul";"2025";"Melhoria";"";"129006,43";"2322226,04"
"2026-06-26 13:43:48.523000000";"Creral";"89435598000155";"Permissão";"RS";"Sul";"2025";"Renovação";"";",00";"358980,96"
"2026-06-26 13:43:48.523000000";"Creral";"89435598000155";"Permissão";"RS";"Sul";"2026";"Expansão";"";",00";"1126567,76"
"2026-06-26 13:43:48.523000000";"Creral";"89435598000155";"Permissão";"RS";"Sul";"2026";"Expansão";"Obra com Participação Financeira";",00";"101077,10"
"2026-06-26 13:43:48.523000000";"Creral";"89435598000155";"Permissão";"RS";"Sul";"2026";"Melhoria";"";",00";"12365787,58"
"2026-06-26 13:43:48.523000000";"Creral";"89435598000155";"Permissão";"RS";"Sul";"2026";"Renovação";"";",00";"362412,96"
"2026-06-26 13:43:48.523000000";"Creral";"89435598000155";"Permissão";"RS";"Sul";"2027";"Expansão";"";",00";"521567,76"
"2026-06-26 13:43:48.523000000";"Creral";"89435598000155";"Permissão";"RS";"Sul";"2027";"Expansão";"Obra com Participação Financeira";",00";"101077,10"
"2026-06-26 13:43:48.523000000";"Creral";"89435598000155";"Permissão";"RS";"Sul";"2027";"Melhoria";"";",00";"253084,56"
"2026-06-26 13:43:48.523000000";"Creral";"89435598000155";"Permissão";"RS";"Sul";"2027";"Renovação";"";",00";"362412,96"
"2026-06-26 13:43:48.523000000";"Creral";"89435598000155";"Permissão";"RS";"Sul";"2028";"Expansão";"";",00";"521567,76"
"2026-06-26 13:43:48.523000000";"Creral";"89435598000155";"Permissão";"RS";"Sul";"2028";"Expansão";"Obra com Participação Financeira";",00";"101077,10"
"2026-06-26 13:43:48.523000000";"Creral";"89435598000155";"Permissão";"RS";"Sul";"2028";"Melhoria";"";",00";"253084,56"
"2026-06-26 13:43:48.523000000";"Creral";"89435598000155";"Permissão";"RS";"Sul";"2028";"Renovação";"";",00";"362412,96"
"2026-06-26 13:43:48.523000000";"Creral";"89435598000155";"Permissão";"RS";"Sul";"2029";"Expansão";"";",00";"521567,76"
"2026-06-26 13:43:48.523000000";"Creral";"89435598000155";"Permissão";"RS";"Sul";"2029";"Expansão";"Obra com Participação Financeira";",00";"101077,10"
"2026-06-26 13:43:48.523000000";"Creral";"89435598000155";"Permissão";"RS";"Sul";"2029";"Melhoria";"";",00";"253084,56"
"2026-06-26 13:43:48.523000000";"Creral";"89435598000155";"Permissão";"RS";"Sul";"2029";"Renovação";"";",00";"362412,96"
"2026-06-26 13:43:48.523000000";"CSPE";"60855608000120";"Concessão";"SP";"Sudeste";"2016";"Expansão";"";"2266151,35";"4651733,08"
"2026-06-26 13:43:48.523000000";"CSPE";"60855608000120";"Concessão";"SP";"Sudeste";"2016";"Expansão";"Obra com Participação Financeira";"4072260,87";"3774792,00"
"2026-06-26 13:43:48.523000000";"CSPE";"60855608000120";"Concessão";"SP";"Sudeste";"2016";"Melhoria";"";"8213693,58";"4230000,00"
"2026-06-26 13:43:48.523000000";"CSPE";"60855608000120";"Concessão";"SP";"Sudeste";"2016";"Renovação";"";"92742,08";"26000,00"
"2026-06-26 13:43:48.523000000";"CSPE";"60855608000120";"Concessão";"SP";"Sudeste";"2017";"Expansão";"";",00";"5710589,23"
"2026-06-26 13:43:48.523000000";"CSPE";"60855608000120";"Concessão";"SP";"Sudeste";"2017";"Expansão";"Obra com Participação Financeira";",00";"3980008,72"
"2026-06-26 13:43:48.523000000";"CSPE";"60855608000120";"Concessão";"SP";"Sudeste";"2017";"Melhoria";"";",00";"9745210,29"
"2026-06-26 13:43:48.523000000";"CSPE";"60855608000120";"Concessão";"SP";"Sudeste";"2017";"Renovação";"";",00";"2487757,65"
"2026-06-26 13:43:48.523000000";"Dcelt";"83855973000130";"Concessão";"SC";"Sul";"2016";"Expansão";"";"311086,34";"1624992,72"
"2026-06-26 13:43:48.523000000";"Dcelt";"83855973000130";"Concessão";"SC";"Sul";"2016";"Expansão";"Luz Para Todos";",00";"250949,46"
"2026-06-26 13:43:48.523000000";"Dcelt";"83855973000130";"Concessão";"SC";"Sul";"2016";"Melhoria";"";"1054562,19";"1862836,03"
"2026-06-26 13:43:48.523000000";"Dcelt";"83855973000130";"Concessão";"SC";"Sul";"2016";"Melhoria";"Obra com Participação Financeira";"1717459,16";"752730,21"
"2026-06-26 13:43:48.523000000";"Dcelt";"83855973000130";"Concessão";"SC";"Sul";"2016";"Renovação";"";"792926,01";"905605,41"
"2026-06-26 13:43:48.523000000";"Dcelt";"83855973000130";"Concessão";"SC";"Sul";"2017";"Expansão";"";"1056814,86";"1117373,69"
"2026-06-26 13:43:48.523000000";"Dcelt";"83855973000130";"Concessão";"SC";"Sul";"2017";"Expansão";"Luz Para Todos";",00";"250949,46"
"2026-06-26 13:43:48.523000000";"Dcelt";"83855973000130";"Concessão";"SC";"Sul";"2017";"Melhoria";"";"801838,21";"922648,44"
"2026-06-26 13:43:48.523000000";"Dcelt";"83855973000130";"Concessão";"SC";"Sul";"2017";"Melhoria";"Obra com Participação Financeira";"1129650,54";"408341,88"
"2026-06-26 13:43:48.523000000";"Dcelt";"83855973000130";"Concessão";"SC";"Sul";"2017";"Renovação";"";"667985,55";"1162657,36"
"2026-06-26 13:43:48.523000000";"Dcelt";"83855973000130";"Concessão";"SC";"Sul";"2018";"Expansão";"";"1213249,72";"1082665,20"
"2026-06-26 13:43:48.523000000";"Dcelt";"83855973000130";"Concessão";"SC";"Sul";"2018";"Expansão";"Luz Para Todos";",00";"250949,46"
"2026-06-26 13:43:48.523000000";"Dcelt";"83855973000130";"Concessão";"SC";"Sul";"2018";"Melhoria";"";"762905,13";"824717,54"
"2026-06-26 13:43:48.523000000";"Dcelt";"83855973000130";"Concessão";"SC";"Sul";"2018";"Melhoria";"Obra com Participação Financeira";"1499903,05";"463008,76"
"2026-06-26 13:43:48.523000000";"Dcelt";"83855973000130";"Concessão";"SC";"Sul";"2018";"Renovação";"";"674578,83";"1254323,76"
"2026-06-26 13:43:48.523000000";"Dcelt";"83855973000130";"Concessão";"SC";"Sul";"2019";"Expansão";"";"490337,74";"2335441,92"
"2026-06-26 13:43:48.523000000";"Dcelt";"83855973000130";"Concessão";"SC";"Sul";"2019";"Melhoria";"";"3182248,01";"2575755,40"
"2026-06-26 13:43:48.523000000";"Dcelt";"83855973000130";"Concessão";"SC";"Sul";"2019";"Renovação";"";"1185462,92";"1503656,29"
"2026-06-26 13:43:48.523000000";"Dcelt";"83855973000130";"Concessão";"SC";"Sul";"2020";"Expansão";"";"1545151,68";"1906528,77"
"2026-06-26 13:43:48.523000000";"Dcelt";"83855973000130";"Concessão";"SC";"Sul";"2020";"Expansão";"Obra com Participação Financeira";"2467131,51";"1114183,98"
"2026-06-26 13:43:48.523000000";"Dcelt";"83855973000130";"Concessão";"SC";"Sul";"2020";"Melhoria";"";"1219115,50";"1444895,20"
"2026-06-26 13:43:48.523000000";"Dcelt";"83855973000130";"Concessão";"SC";"Sul";"2020";"Renovação";"";"839002,65";"1618770,93"
"2026-06-26 13:43:48.523000000";"Dcelt";"83855973000130";"Concessão";"SC";"Sul";"2021";"Expansão";"";"2111714,39";"2082652,06"
"2026-06-26 13:43:48.523000000";"Dcelt";"83855973000130";"Concessão";"SC";"Sul";"2021";"Expansão";"Obra com Participação Financeira";"3461800,03";"1336402,30"
"2026-06-26 13:43:48.523000000";"Dcelt";"83855973000130";"Concessão";"SC";"Sul";"2021";"Melhoria";"";"576932,47";"1127580,00"
"2026-06-26 13:43:48.523000000";"Dcelt";"83855973000130";"Concessão";"SC";"Sul";"2021";"Renovação";"";"1590744,10";"1653600,79"
"2026-06-26 13:43:48.523000000";"Dcelt";"83855973000130";"Concessão";"SC";"Sul";"2022";"Expansão";"";"938725,11";"9006527,66"
"2026-06-26 13:43:48.523000000";"Dcelt";"83855973000130";"Concessão";"SC";"Sul";"2022";"Expansão";"Obra com Participação Financeira";"5514538,71";"2080628,31"
"2026-06-26 13:43:48.523000000";"Dcelt";"83855973000130";"Concessão";"SC";"Sul";"2022";"Melhoria";"";"1460160,15";"5253635,54"
"2026-06-26 13:43:48.523000000";"Dcelt";"83855973000130";"Concessão";"SC";"Sul";"2022";"Renovação";"";"3284146,65";"3801591,18"
"2026-06-26 13:43:48.523000000";"Dcelt";"83855973000130";"Concessão";"SC";"Sul";"2023";"Expansão";"";"8996721,41";"9131040,36"
"2026-06-26 13:43:48.523000000";"Dcelt";"83855973000130";"Concessão";"SC";"Sul";"2023";"Expansão";"Obra com Participação Financeira";"4990266,64";"1381878,15"
"2026-06-26 13:43:48.523000000";"Dcelt";"83855973000130";"Concessão";"SC";"Sul";"2023";"Melhoria";"";"2152796,75";"2160627,54"
"2026-06-26 13:43:48.523000000";"Dcelt";"83855973000130";"Concessão";"SC";"Sul";"2023";"Renovação";"";"3081107,12";"2383431,25"
"2026-06-26 13:43:48.523000000";"Dcelt";"83855973000130";"Concessão";"SC";"Sul";"2024";"Expansão";"";"1904498,69";"3092382,95"
"2026-06-26 13:43:48.523000000";"Dcelt";"83855973000130";"Concessão";"SC";"Sul";"2024";"Expansão";"Obra com Participação Financeira";"2913797,46";"1040476,12"
"2026-06-26 13:43:48.523000000";"Dcelt";"83855973000130";"Concessão";"SC";"Sul";"2024";"Melhoria";"";"1287489,59";"2434638,93"
"2026-06-26 13:43:48.523000000";"Dcelt";"83855973000130";"Concessão";"SC";"Sul";"2024";"Renovação";"";"4239975,91";"2409072,40"
"2026-06-26 13:43:48.523000000";"Dcelt";"83855973000130";"Concessão";"SC";"Sul";"2025";"Expansão";"";"5850453,27";"11183955,10"
"2026-06-26 13:43:48.523000000";"Dcelt";"83855973000130";"Concessão";"SC";"Sul";"2025";"Renovação";"";"7703032,62";"3928097,95"
"2026-06-26 13:43:48.523000000";"Dcelt";"83855973000130";"Concessão";"SC";"Sul";"2026";"Expansão";"";",00";"9126586,32"
"2026-06-26 13:43:48.523000000";"Dcelt";"83855973000130";"Concessão";"SC";"Sul";"2026";"Expansão";"Obra com Participação Financeira";",00";"1003694,00"
"2026-06-26 13:43:48.523000000";"Dcelt";"83855973000130";"Concessão";"SC";"Sul";"2026";"Melhoria";"";",00";"3988580,73"
"2026-06-26 13:43:48.523000000";"Dcelt";"83855973000130";"Concessão";"SC";"Sul";"2026";"Renovação";"";",00";"1260768,00"
"2026-06-26 13:43:48.523000000";"Dcelt";"83855973000130";"Concessão";"SC";"Sul";"2027";"Expansão";"";",00";"3136628,00"
"2026-06-26 13:43:48.523000000";"Dcelt";"83855973000130";"Concessão";"SC";"Sul";"2027";"Expansão";"Obra com Participação Financeira";",00";"1415775,00"
"2026-06-26 13:43:48.523000000";"Dcelt";"83855973000130";"Concessão";"SC";"Sul";"2027";"Melhoria";"";",00";"1474767,00"
"2026-06-26 13:43:48.523000000";"Dcelt";"83855973000130";"Concessão";"SC";"Sul";"2027";"Renovação";"";",00";"1307525,50"
"2026-06-26 13:43:48.523000000";"Dcelt";"83855973000130";"Concessão";"SC";"Sul";"2028";"Expansão";"";",00";"4623615,50"
"2026-06-26 13:43:48.523000000";"Dcelt";"83855973000130";"Concessão";"SC";"Sul";"2028";"Expansão";"Obra com Participação Financeira";",00";"2350772,00"
"2026-06-26 13:43:48.523000000";"Dcelt";"83855973000130";"Concessão";"SC";"Sul";"2028";"Melhoria";"";",00";"1368902,20"
"2026-06-26 13:43:48.523000000";"Dcelt";"83855973000130";"Concessão";"SC";"Sul";"2028";"Renovação";"";",00";"1677638,00"
"2026-06-26 13:43:48.523000000";"Dcelt";"83855973000130";"Concessão";"SC";"Sul";"2029";"Expansão";"";",00";"3423615,50"
"2026-06-26 13:43:48.523000000";"Dcelt";"83855973000130";"Concessão";"SC";"Sul";"2029";"Expansão";"Obra com Participação Financeira";",00";"2350772,00"
"2026-06-26 13:43:48.523000000";"Dcelt";"83855973000130";"Concessão";"SC";"Sul";"2029";"Melhoria";"";",00";"1368902,20"
"2026-06-26 13:43:48.523000000";"Dcelt";"83855973000130";"Concessão";"SC";"Sul";"2029";"Renovação";"";",00";"1677638,00"
"2026-06-26 13:43:48.523000000";"Dcelt";"83855973000130";"Concessão";"SC";"Sul";"2030";"Expansão";"";",00";"2170891,20"
"2026-06-26 13:43:48.523000000";"Dcelt";"83855973000130";"Concessão";"SC";"Sul";"2030";"Expansão";"Obra com Participação Financeira";",00";"1591403,60"
"2026-06-26 13:43:48.523000000";"Dcelt";"83855973000130";"Concessão";"SC";"Sul";"2030";"Expansão";"Planejamento Setorial";",00";"80000000,00"
"2026-06-26 13:43:48.523000000";"Dcelt";"83855973000130";"Concessão";"SC";"Sul";"2030";"Melhoria";"";",00";"1141311,00"
"2026-06-26 13:43:48.523000000";"Dcelt";"83855973000130";"Concessão";"SC";"Sul";"2030";"Renovação";"";",00";"1548952,60"
"2026-06-26 13:43:48.523000000";"Demei";"95289500000100";"Concessão";"RS";"Sul";"2016";"Expansão";"";"690689,26";"1492301,70"
"2026-06-26 13:43:48.523000000";"Demei";"95289500000100";"Concessão";"RS";"Sul";"2016";"Melhoria";"";"235939,68";"100000,00"
"2026-06-26 13:43:48.523000000";"Demei";"95289500000100";"Concessão";"RS";"Sul";"2016";"Renovação";"";"536507,35";"51164,40"
"2026-06-26 13:43:48.523000000";"Demei";"95289500000100";"Concessão";"RS";"Sul";"2017";"Expansão";"";"693042,62";"744195,62"
"2026-06-26 13:43:48.523000000";"Demei";"95289500000100";"Concessão";"RS";"Sul";"2017";"Melhoria";"";"597756,50";"1128688,87"
"2026-06-26 13:43:48.523000000";"Demei";"95289500000100";"Concessão";"RS";"Sul";"2017";"Renovação";"";"464847,96";"55220,00"
"2026-06-26 13:43:48.523000000";"Demei";"95289500000100";"Concessão";"RS";"Sul";"2018";"Expansão";"";"623187,81";"404215,51"
"2026-06-26 13:43:48.523000000";"Demei";"95289500000100";"Concessão";"RS";"Sul";"2018";"Melhoria";"";"273659,47";"1223136,08"
"2026-06-26 13:43:48.523000000";"Demei";"95289500000100";"Concessão";"RS";"Sul";"2018";"Renovação";"";"406945,77";"34937,00"
"2026-06-26 13:43:48.523000000";"Demei";"95289500000100";"Concessão";"RS";"Sul";"2019";"Expansão";"";"307124,74";"587396,17"
"2026-06-26 13:43:48.523000000";"Demei";"95289500000100";"Concessão";"RS";"Sul";"2019";"Melhoria";"";"418478,59";"1217520,98"
"2026-06-26 13:43:48.523000000";"Demei";"95289500000100";"Concessão";"RS";"Sul";"2019";"Renovação";"";"424803,48";"28896,00"
"2026-06-26 13:43:48.523000000";"Demei";"95289500000100";"Concessão";"RS";"Sul";"2020";"Expansão";"";"972058,41";"893712,79"
"2026-06-26 13:43:48.523000000";"Demei";"95289500000100";"Concessão";"RS";"Sul";"2020";"Melhoria";"";"15192,16";"673865,78"
"2026-06-26 13:43:48.523000000";"Demei";"95289500000100";"Concessão";"RS";"Sul";"2020";"Renovação";"";"671218,49";"26180,00"
"2026-06-26 13:43:48.523000000";"Demei";"95289500000100";"Concessão";"RS";"Sul";"2021";"Expansão";"";"1680063,30";"1829445,78"
"2026-06-26 13:43:48.523000000";"Demei";"95289500000100";"Concessão";"RS";"Sul";"2021";"Melhoria";"";"12763,14";"744989,52"
"2026-06-26 13:43:48.523000000";"Demei";"95289500000100";"Concessão";"RS";"Sul";"2021";"Renovação";"";"489023,52";"26180,00"
"2026-06-26 13:43:48.523000000";"Demei";"95289500000100";"Concessão";"RS";"Sul";"2022";"Expansão";"";"866401,20";"1167767,87"
"2026-06-26 13:43:48.523000000";"Demei";"95289500000100";"Concessão";"RS";"Sul";"2022";"Melhoria";"";",00";"687752,99"
"2026-06-26 13:43:48.523000000";"Demei";"95289500000100";"Concessão";"RS";"Sul";"2022";"Renovação";"";"420174,25";"73650,00"
"2026-06-26 13:43:48.523000000";"Demei";"95289500000100";"Concessão";"RS";"Sul";"2023";"Expansão";"";"1552541,11";"1308507,79"
"2026-06-26 13:43:48.523000000";"Demei";"95289500000100";"Concessão";"RS";"Sul";"2023";"Expansão";"Obra com Participação Financeira";"598007,46";",00"
"2026-06-26 13:43:48.523000000";"Demei";"95289500000100";"Concessão";"RS";"Sul";"2023";"Melhoria";"";",00";"159999,00"
"2026-06-26 13:43:48.523000000";"Demei";"95289500000100";"Concessão";"RS";"Sul";"2023";"Renovação";"";"662929,31";"174875,00"
"2026-06-26 13:43:48.523000000";"Demei";"95289500000100";"Concessão";"RS";"Sul";"2024";"Expansão";"";"1670466,21";"1958855,68"
"2026-06-26 13:43:48.523000000";"Demei";"95289500000100";"Concessão";"RS";"Sul";"2024";"Melhoria";"";",00";"159999,00"
"2026-06-26 13:43:48.523000000";"Demei";"95289500000100";"Concessão";"RS";"Sul";"2024";"Renovação";"";"944436,40";"80800,00"
"2026-06-26 13:43:48.523000000";"Demei";"95289500000100";"Concessão";"RS";"Sul";"2025";"Expansão";"";"3308816,50";"2706092,80"
"2026-06-26 13:43:48.523000000";"Demei";"95289500000100";"Concessão";"RS";"Sul";"2025";"Melhoria";"";",00";"400000,00"
"2026-06-26 13:43:48.523000000";"Demei";"95289500000100";"Concessão";"RS";"Sul";"2025";"Renovação";"";"720680,59";"86000,00"
"2026-06-26 13:43:48.523000000";"Demei";"95289500000100";"Concessão";"RS";"Sul";"2026";"Expansão";"";",00";"2576588,27"
"2026-06-26 13:43:48.523000000";"Demei";"95289500000100";"Concessão";"RS";"Sul";"2026";"Melhoria";"";",00";"1065802,97"
"2026-06-26 13:43:48.523000000";"Demei";"95289500000100";"Concessão";"RS";"Sul";"2026";"Renovação";"";",00";"280451,43"
"2026-06-26 13:43:48.523000000";"Demei";"95289500000100";"Concessão";"RS";"Sul";"2027";"Expansão";"";",00";"13199249,36"
"2026-06-26 13:43:48.523000000";"Demei";"95289500000100";"Concessão";"RS";"Sul";"2027";"Melhoria";"";",00";"1413566,99"
"2026-06-26 13:43:48.523000000";"Demei";"95289500000100";"Concessão";"RS";"Sul";"2027";"Renovação";"";",00";"82747,50"
"2026-06-26 13:43:48.523000000";"Demei";"95289500000100";"Concessão";"RS";"Sul";"2028";"Expansão";"";",00";"1398730,82"
"2026-06-26 13:43:48.523000000";"Demei";"95289500000100";"Concessão";"RS";"Sul";"2028";"Melhoria";"";",00";"842839,95"
"2026-06-26 13:43:48.523000000";"Demei";"95289500000100";"Concessão";"RS";"Sul";"2028";"Renovação";"";",00";"82747,50"
"2026-06-26 13:43:48.523000000";"Demei";"95289500000100";"Concessão";"RS";"Sul";"2029";"Expansão";"";",00";"1511232,50"
"2026-06-26 13:43:48.523000000";"Demei";"95289500000100";"Concessão";"RS";"Sul";"2029";"Melhoria";"";",00";"846439,95"
"2026-06-26 13:43:48.523000000";"Demei";"95289500000100";"Concessão";"RS";"Sul";"2029";"Renovação";"";",00";"82747,50"
"2026-06-26 13:43:48.523000000";"Demei";"95289500000100";"Concessão";"RS";"Sul";"2030";"Expansão";"";",00";"1245440,33"
"2026-06-26 13:43:48.523000000";"Demei";"95289500000100";"Concessão";"RS";"Sul";"2030";"Melhoria";"";",00";"841539,93"
"2026-06-26 13:43:48.523000000";"Demei";"95289500000100";"Concessão";"RS";"Sul";"2030";"Renovação";"";",00";"82747,50"
"2026-06-26 13:43:48.523000000";"Dmed";"23664303000104";"Concessão";"MG";"Sudeste";"2016";"Expansão";"";"8321508,93";"7422478,70"
"2026-06-26 13:43:48.523000000";"Dmed";"23664303000104";"Concessão";"MG";"Sudeste";"2016";"Melhoria";"Planejamento Setorial";"120137,78";",00"
"2026-06-26 13:43:48.523000000";"Dmed";"23664303000104";"Concessão";"MG";"Sudeste";"2017";"Expansão";"";"15847958,16";"14449958,75"
"2026-06-26 13:43:48.523000000";"Dmed";"23664303000104";"Concessão";"MG";"Sudeste";"2018";"Expansão";"";"9068476,36";"12935000,80"
"2026-06-26 13:43:48.523000000";"Dmed";"23664303000104";"Concessão";"MG";"Sudeste";"2018";"Melhoria";"";"3339351,80";"2911599,00"
"2026-06-26 13:43:48.523000000";"Dmed";"23664303000104";"Concessão";"MG";"Sudeste";"2019";"Expansão";"";"19012067,52";"9557069,19"
"2026-06-26 13:43:48.523000000";"Dmed";"23664303000104";"Concessão";"MG";"Sudeste";"2019";"Melhoria";"";"2859495,34";"70000,00"
"2026-06-26 13:43:48.523000000";"Dmed";"23664303000104";"Concessão";"MG";"Sudeste";"2020";"Expansão";"";"13365794,07";"17334308,00"
"2026-06-26 13:43:48.523000000";"Dmed";"23664303000104";"Concessão";"MG";"Sudeste";"2020";"Melhoria";"";",00";"3827550,00"
"2026-06-26 13:43:48.523000000";"Dmed";"23664303000104";"Concessão";"MG";"Sudeste";"2021";"Expansão";"";"13392550,00";"13090214,50"
"2026-06-26 13:43:48.523000000";"Dmed";"23664303000104";"Concessão";"MG";"Sudeste";"2022";"Expansão";"";"11488281,67";"12463290,00"
"2026-06-26 13:43:48.523000000";"Dmed";"23664303000104";"Concessão";"MG";"Sudeste";"2022";"Melhoria";"";"250882,46";"1325000,00"
"2026-06-26 13:43:48.523000000";"Dmed";"23664303000104";"Concessão";"MG";"Sudeste";"2023";"Expansão";"";"17282465,24";"20856085,66"
"2026-06-26 13:43:48.523000000";"Dmed";"23664303000104";"Concessão";"MG";"Sudeste";"2023";"Melhoria";"";"2454361,70";"7028771,36"
"2026-06-26 13:43:48.523000000";"Dmed";"23664303000104";"Concessão";"MG";"Sudeste";"2024";"Expansão";"";"53157516,90";"51771167,45"
"2026-06-26 13:43:48.523000000";"Dmed";"23664303000104";"Concessão";"MG";"Sudeste";"2024";"Expansão";"Obra com Participação Financeira";",00";"7700000,00"
"2026-06-26 13:43:48.523000000";"Dmed";"23664303000104";"Concessão";"MG";"Sudeste";"2024";"Expansão";"Planejamento Setorial";"3804225,00";"3865077,01"
"2026-06-26 13:43:48.523000000";"Dmed";"23664303000104";"Concessão";"MG";"Sudeste";"2024";"Melhoria";"";"3830380,99";"3375824,75"
"2026-06-26 13:43:48.523000000";"Dmed";"23664303000104";"Concessão";"MG";"Sudeste";"2024";"Melhoria";"Planejamento Setorial";"909782,70";",00"
"2026-06-26 13:43:48.523000000";"Dmed";"23664303000104";"Concessão";"MG";"Sudeste";"2025";"Expansão";"";"22628129,41";"21673831,59"
"2026-06-26 13:43:48.523000000";"Dmed";"23664303000104";"Concessão";"MG";"Sudeste";"2025";"Expansão";"Obra com Participação Financeira";",00";"9446205,48"
"2026-06-26 13:43:48.523000000";"Dmed";"23664303000104";"Concessão";"MG";"Sudeste";"2025";"Melhoria";"Planejamento Setorial";"1846959,96";",00"
"2026-06-26 13:43:48.523000000";"Dmed";"23664303000104";"Concessão";"MG";"Sudeste";"2026";"Expansão";"";",00";"19624213,58"
"2026-06-26 13:43:48.523000000";"Dmed";"23664303000104";"Concessão";"MG";"Sudeste";"2026";"Expansão";"Obra com Participação Financeira";",00";"10334447,57"
"2026-06-26 13:43:48.523000000";"Dmed";"23664303000104";"Concessão";"MG";"Sudeste";"2026";"Expansão";"Planejamento Setorial";",00";"17060000,00"
"2026-06-26 13:43:48.523000000";"Dmed";"23664303000104";"Concessão";"MG";"Sudeste";"2027";"Expansão";"";",00";"18942022,94"
"2026-06-26 13:43:48.523000000";"Dmed";"23664303000104";"Concessão";"MG";"Sudeste";"2027";"Expansão";"Obra com Participação Financeira";",00";"12283937,46"
"2026-06-26 13:43:48.523000000";"Dmed";"23664303000104";"Concessão";"MG";"Sudeste";"2027";"Expansão";"Planejamento Setorial";",00";"2900000,00"
"2026-06-26 13:43:48.523000000";"Dmed";"23664303000104";"Concessão";"MG";"Sudeste";"2028";"Expansão";"";",00";"17693119,29"
"2026-06-26 13:43:48.523000000";"Dmed";"23664303000104";"Concessão";"MG";"Sudeste";"2029";"Expansão";"";",00";"18351502,70"
"2026-06-26 13:43:48.523000000";"Dmed";"23664303000104";"Concessão";"MG";"Sudeste";"2030";"Expansão";"";",00";"19036580,38"
"2026-06-26 13:43:48.523000000";"Dmed";"23664303000104";"Concessão";"MG";"Sudeste";"2030";"Expansão";"Planejamento Setorial";",00";"19575980,00"
"2026-06-26 13:43:48.523000000";"Dmed";"23664303000104";"Concessão";"MG";"Sudeste";"2030";"Melhoria";"";",00";"40600000,00"
"2026-06-26 13:43:48.523000000";"EDEVP";"60876075000162";"Concessão";"SP";"Sudeste";"2016";"Expansão";"";"31803469,61";"13682651,85"
"2026-06-26 13:43:48.523000000";"EDEVP";"60876075000162";"Concessão";"SP";"Sudeste";"2016";"Expansão";"Obra com Participação Financeira";"2547030,11";"2573177,45"
"2026-06-26 13:43:48.523000000";"EDEVP";"60876075000162";"Concessão";"SP";"Sudeste";"2016";"Melhoria";"";"2407050,39";"3571403,84"
"2026-06-26 13:43:48.523000000";"EDEVP";"60876075000162";"Concessão";"SP";"Sudeste";"2016";"Melhoria";"Obra com Participação Financeira";"363048,94";"229824,12"
"2026-06-26 13:43:48.523000000";"EDEVP";"60876075000162";"Concessão";"SP";"Sudeste";"2016";"Renovação";"";"2623770,35";"2852089,84"
"2026-06-26 13:43:48.523000000";"EDEVP";"60876075000162";"Concessão";"SP";"Sudeste";"2017";"Expansão";"";"7812441,36";"5542713,49"
"2026-06-26 13:43:48.523000000";"EDEVP";"60876075000162";"Concessão";"SP";"Sudeste";"2017";"Expansão";"Obra com Participação Financeira";"3424977,68";"2959057,56"
"2026-06-26 13:43:48.523000000";"EDEVP";"60876075000162";"Concessão";"SP";"Sudeste";"2017";"Melhoria";"";"14070657,93";"10881499,83"
"2026-06-26 13:43:48.523000000";"EDEVP";"60876075000162";"Concessão";"SP";"Sudeste";"2017";"Renovação";"";"4279054,66";"3601702,80"
"2026-06-26 13:43:48.523000000";"EDP ES";"28152650000171";"Concessão";"ES";"Sudeste";"2016";"Expansão";"Obra com Participação Financeira";"44635923,26";"56233621,58"
"2026-06-26 13:43:48.523000000";"EDP ES";"28152650000171";"Concessão";"ES";"Sudeste";"2016";"Expansão";"Planejamento Setorial";"216625550,19";"87380605,25"
"2026-06-26 13:43:48.523000000";"EDP ES";"28152650000171";"Concessão";"ES";"Sudeste";"2016";"Melhoria";"Planejamento Setorial";"49802786,34";"44318418,05"
"2026-06-26 13:43:48.523000000";"EDP ES";"28152650000171";"Concessão";"ES";"Sudeste";"2016";"Renovação";"Planejamento Setorial";"31679411,53";"32619415,46"
"2026-06-26 13:43:48.523000000";"EDP ES";"28152650000171";"Concessão";"ES";"Sudeste";"2017";"Expansão";"Obra com Participação Financeira";"49534720,67";"72486752,55"
"2026-06-26 13:43:48.523000000";"EDP ES";"28152650000171";"Concessão";"ES";"Sudeste";"2017";"Expansão";"Planejamento Setorial";"112347525,36";"120479295,36"
"2026-06-26 13:43:48.523000000";"EDP ES";"28152650000171";"Concessão";"ES";"Sudeste";"2017";"Melhoria";"Planejamento Setorial";"53687647,25";"52405829,19"
"2026-06-26 13:43:48.523000000";"EDP ES";"28152650000171";"Concessão";"ES";"Sudeste";"2017";"Renovação";"Planejamento Setorial";"56678508,51";"46878562,55"
"2026-06-26 13:43:48.523000000";"EDP ES";"28152650000171";"Concessão";"ES";"Sudeste";"2018";"Expansão";"Obra com Participação Financeira";"40761567,36";"51118906,04"
"2026-06-26 13:43:48.523000000";"EDP ES";"28152650000171";"Concessão";"ES";"Sudeste";"2018";"Expansão";"Planejamento Setorial";"148189712,35";"128573728,95"
"2026-06-26 13:43:48.523000000";"EDP ES";"28152650000171";"Concessão";"ES";"Sudeste";"2018";"Melhoria";"Planejamento Setorial";"63172658,87";"54464882,02"
"2026-06-26 13:43:48.523000000";"EDP ES";"28152650000171";"Concessão";"ES";"Sudeste";"2018";"Renovação";"Planejamento Setorial";"65542381,82";"55376608,36"
"2026-06-26 13:43:48.523000000";"EDP ES";"28152650000171";"Concessão";"ES";"Sudeste";"2019";"Expansão";"Obra com Participação Financeira";"44489523,49";"42447183,56"
"2026-06-26 13:43:48.523000000";"EDP ES";"28152650000171";"Concessão";"ES";"Sudeste";"2019";"Expansão";"Planejamento Setorial";"115208300,92";"62124898,33"
"2026-06-26 13:43:48.523000000";"EDP ES";"28152650000171";"Concessão";"ES";"Sudeste";"2019";"Melhoria";"Planejamento Setorial";"73813064,75";"89752658,67"
"2026-06-26 13:43:48.523000000";"EDP ES";"28152650000171";"Concessão";"ES";"Sudeste";"2019";"Renovação";"Planejamento Setorial";"57198617,76";"34025518,94"
"2026-06-26 13:43:48.523000000";"EDP ES";"28152650000171";"Concessão";"ES";"Sudeste";"2020";"Expansão";"Obra com Participação Financeira";"29315518,80";"27833386,40"
"2026-06-26 13:43:48.523000000";"EDP ES";"28152650000171";"Concessão";"ES";"Sudeste";"2020";"Expansão";"Planejamento Setorial";"130431559,57";"92699759,35"
"2026-06-26 13:43:48.523000000";"EDP ES";"28152650000171";"Concessão";"ES";"Sudeste";"2020";"Melhoria";"Obra com Participação Financeira";"10829273,80";"13488360,43"
"2026-06-26 13:43:48.523000000";"EDP ES";"28152650000171";"Concessão";"ES";"Sudeste";"2020";"Melhoria";"Planejamento Setorial";"100489312,47";"102212380,41"
"2026-06-26 13:43:48.523000000";"EDP ES";"28152650000171";"Concessão";"ES";"Sudeste";"2020";"Renovação";"Planejamento Setorial";"90227786,75";"54681073,65"
"2026-06-26 13:43:48.523000000";"EDP ES";"28152650000171";"Concessão";"ES";"Sudeste";"2021";"Expansão";"Obra com Participação Financeira";"54292239,71";"41214861,30"
"2026-06-26 13:43:48.523000000";"EDP ES";"28152650000171";"Concessão";"ES";"Sudeste";"2021";"Expansão";"Planejamento Setorial";"219546311,64";"175446229,83"
"2026-06-26 13:43:48.523000000";"EDP ES";"28152650000171";"Concessão";"ES";"Sudeste";"2021";"Melhoria";"Obra com Participação Financeira";"18214347,24";"13120793,24"
"2026-06-26 13:43:48.523000000";"EDP ES";"28152650000171";"Concessão";"ES";"Sudeste";"2021";"Melhoria";"Planejamento Setorial";"141481744,70";"138565153,20"
"2026-06-26 13:43:48.523000000";"EDP ES";"28152650000171";"Concessão";"ES";"Sudeste";"2021";"Renovação";"Planejamento Setorial";"98441796,91";"78178501,73"
"2026-06-26 13:43:48.523000000";"EDP ES";"28152650000171";"Concessão";"ES";"Sudeste";"2022";"Expansão";"Obra com Participação Financeira";"105495353,27";"53018321,70"
"2026-06-26 13:43:48.523000000";"EDP ES";"28152650000171";"Concessão";"ES";"Sudeste";"2022";"Expansão";"Planejamento Setorial";"193828893,64";"193251333,50"
"2026-06-26 13:43:48.523000000";"EDP ES";"28152650000171";"Concessão";"ES";"Sudeste";"2022";"Melhoria";"Obra com Participação Financeira";"37941211,11";"15733276,99"
"2026-06-26 13:43:48.523000000";"EDP ES";"28152650000171";"Concessão";"ES";"Sudeste";"2022";"Melhoria";"Planejamento Setorial";"190917425,08";"224466253,42"
"2026-06-26 13:43:48.523000000";"EDP ES";"28152650000171";"Concessão";"ES";"Sudeste";"2022";"Renovação";"Planejamento Setorial";"126638663,24";"92097590,36"
"2026-06-26 13:43:48.523000000";"EDP ES";"28152650000171";"Concessão";"ES";"Sudeste";"2023";"Expansão";"Obra com Participação Financeira";"99632801,69";"83316814,49"
"2026-06-26 13:43:48.523000000";"EDP ES";"28152650000171";"Concessão";"ES";"Sudeste";"2023";"Expansão";"Planejamento Setorial";"316010561,62";"237134084,81"
"2026-06-26 13:43:48.523000000";"EDP ES";"28152650000171";"Concessão";"ES";"Sudeste";"2023";"Melhoria";"Obra com Participação Financeira";"32958755,78";"28976988,30"
"2026-06-26 13:43:48.523000000";"EDP ES";"28152650000171";"Concessão";"ES";"Sudeste";"2023";"Melhoria";"Planejamento Setorial";"205512436,74";"189431617,55"
"2026-06-26 13:43:48.523000000";"EDP ES";"28152650000171";"Concessão";"ES";"Sudeste";"2023";"Renovação";"Planejamento Setorial";"160639451,85";"141142926,39"
"2026-06-26 13:43:48.523000000";"EDP ES";"28152650000171";"Concessão";"ES";"Sudeste";"2024";"Expansão";"Obra com Participação Financeira";"153422574,58";"134793106,66"
"2026-06-26 13:43:48.523000000";"EDP ES";"28152650000171";"Concessão";"ES";"Sudeste";"2024";"Expansão";"Planejamento Setorial";"211941731,37";"342660383,20"
"2026-06-26 13:43:48.523000000";"EDP ES";"28152650000171";"Concessão";"ES";"Sudeste";"2024";"Melhoria";"Obra com Participação Financeira";"44085186,56";"30520000,81"
"2026-06-26 13:43:48.523000000";"EDP ES";"28152650000171";"Concessão";"ES";"Sudeste";"2024";"Melhoria";"Planejamento Setorial";"213878297,95";"248196611,60"
"2026-06-26 13:43:48.523000000";"EDP ES";"28152650000171";"Concessão";"ES";"Sudeste";"2024";"Renovação";"Planejamento Setorial";"112437579,44";"113886307,76"
"2026-06-26 13:43:48.523000000";"EDP ES";"28152650000171";"Concessão";"ES";"Sudeste";"2025";"Expansão";"Obra com Participação Financeira";"177978681,98";"107738073,17"
"2026-06-26 13:43:48.523000000";"EDP ES";"28152650000171";"Concessão";"ES";"Sudeste";"2025";"Expansão";"Planejamento Setorial";"163896564,18";"219880786,16"
"2026-06-26 13:43:48.523000000";"EDP ES";"28152650000171";"Concessão";"ES";"Sudeste";"2025";"Melhoria";"Obra com Participação Financeira";"49194920,89";"24635792,22"
"2026-06-26 13:43:48.523000000";"EDP ES";"28152650000171";"Concessão";"ES";"Sudeste";"2025";"Melhoria";"Planejamento Setorial";"278695300,14";"291805962,23"
"2026-06-26 13:43:48.523000000";"EDP ES";"28152650000171";"Concessão";"ES";"Sudeste";"2025";"Renovação";"Planejamento Setorial";"124137583,97";"142620531,38"
"2026-06-26 13:43:48.523000000";"EDP ES";"28152650000171";"Concessão";"ES";"Sudeste";"2026";"Expansão";"Obra com Participação Financeira";",00";"131268812,32"
"2026-06-26 13:43:48.523000000";"EDP ES";"28152650000171";"Concessão";"ES";"Sudeste";"2026";"Expansão";"Planejamento Setorial";",00";"197200278,55"
"2026-06-26 13:43:48.523000000";"EDP ES";"28152650000171";"Concessão";"ES";"Sudeste";"2026";"Melhoria";"Obra com Participação Financeira";",00";"35102274,35"
"2026-06-26 13:43:48.523000000";"EDP ES";"28152650000171";"Concessão";"ES";"Sudeste";"2026";"Melhoria";"Planejamento Setorial";",00";"123141032,77"
"2026-06-26 13:43:48.523000000";"EDP ES";"28152650000171";"Concessão";"ES";"Sudeste";"2026";"Renovação";"Planejamento Setorial";",00";"102225305,10"
"2026-06-26 13:43:48.523000000";"EDP ES";"28152650000171";"Concessão";"ES";"Sudeste";"2027";"Expansão";"Obra com Participação Financeira";",00";"119134274,56"
"2026-06-26 13:43:48.523000000";"EDP ES";"28152650000171";"Concessão";"ES";"Sudeste";"2027";"Expansão";"Planejamento Setorial";",00";"229087521,94"
"2026-06-26 13:43:48.523000000";"EDP ES";"28152650000171";"Concessão";"ES";"Sudeste";"2027";"Melhoria";"Obra com Participação Financeira";",00";"44240467,80"
"2026-06-26 13:43:48.523000000";"EDP ES";"28152650000171";"Concessão";"ES";"Sudeste";"2027";"Melhoria";"Planejamento Setorial";",00";"100287838,69"
"2026-06-26 13:43:48.523000000";"EDP ES";"28152650000171";"Concessão";"ES";"Sudeste";"2027";"Renovação";"Planejamento Setorial";",00";"110474456,56"
"2026-06-26 13:43:48.523000000";"EDP ES";"28152650000171";"Concessão";"ES";"Sudeste";"2028";"Expansão";"Obra com Participação Financeira";",00";"138989986,99"
"2026-06-26 13:43:48.523000000";"EDP ES";"28152650000171";"Concessão";"ES";"Sudeste";"2028";"Expansão";"Planejamento Setorial";",00";"334784669,87"
"2026-06-26 13:43:48.523000000";"EDP ES";"28152650000171";"Concessão";"ES";"Sudeste";"2028";"Melhoria";"Obra com Participação Financeira";",00";"51613879,09"
"2026-06-26 13:43:48.523000000";"EDP ES";"28152650000171";"Concessão";"ES";"Sudeste";"2028";"Melhoria";"Planejamento Setorial";",00";"218461185,09"
"2026-06-26 13:43:48.523000000";"EDP ES";"28152650000171";"Concessão";"ES";"Sudeste";"2028";"Renovação";"Planejamento Setorial";",00";"183468627,80"
"2026-06-26 13:43:48.523000000";"EDP ES";"28152650000171";"Concessão";"ES";"Sudeste";"2029";"Expansão";"Obra com Participação Financeira";",00";"145939486,34"
"2026-06-26 13:43:48.523000000";"EDP ES";"28152650000171";"Concessão";"ES";"Sudeste";"2029";"Expansão";"Planejamento Setorial";",00";"341829336,29"
"2026-06-26 13:43:48.523000000";"EDP ES";"28152650000171";"Concessão";"ES";"Sudeste";"2029";"Melhoria";"Obra com Participação Financeira";",00";"54194573,06"
"2026-06-26 13:43:48.523000000";"EDP ES";"28152650000171";"Concessão";"ES";"Sudeste";"2029";"Melhoria";"Planejamento Setorial";",00";"225805254,08"
"2026-06-26 13:43:48.523000000";"EDP ES";"28152650000171";"Concessão";"ES";"Sudeste";"2029";"Renovação";"Planejamento Setorial";",00";"181663471,72"
"2026-06-26 13:43:48.523000000";"EDP ES";"28152650000171";"Concessão";"ES";"Sudeste";"2030";"Expansão";"Obra com Participação Financeira";",00";"140376842,01"
"2026-06-26 13:43:48.523000000";"EDP ES";"28152650000171";"Concessão";"ES";"Sudeste";"2030";"Expansão";"Planejamento Setorial";",00";"287157772,60"
"2026-06-26 13:43:48.523000000";"EDP ES";"28152650000171";"Concessão";"ES";"Sudeste";"2030";"Melhoria";"Obra com Participação Financeira";",00";"56904301,71"
"2026-06-26 13:43:48.523000000";"EDP ES";"28152650000171";"Concessão";"ES";"Sudeste";"2030";"Melhoria";"Planejamento Setorial";",00";"213736920,31"
"2026-06-26 13:43:48.523000000";"EDP ES";"28152650000171";"Concessão";"ES";"Sudeste";"2030";"Renovação";"Planejamento Setorial";",00";"147176897,76"
"2026-06-26 13:43:48.523000000";"EDP SP";"02302100000106";"Concessão";"SP";"Sudeste";"2016";"Expansão";"Obra com Participação Financeira";"24313591,54";"24414416,00"
"2026-06-26 13:43:48.523000000";"EDP SP";"02302100000106";"Concessão";"SP";"Sudeste";"2016";"Expansão";"Planejamento Setorial";"73495674,72";"80463842,03"
"2026-06-26 13:43:48.523000000";"EDP SP";"02302100000106";"Concessão";"SP";"Sudeste";"2016";"Melhoria";"Planejamento Setorial";"82369617,29";"77809979,70"
"2026-06-26 13:43:48.523000000";"EDP SP";"02302100000106";"Concessão";"SP";"Sudeste";"2016";"Renovação";"Planejamento Setorial";"46194075,15";"40977186,87"
"2026-06-26 13:43:48.523000000";"EDP SP";"02302100000106";"Concessão";"SP";"Sudeste";"2017";"Expansão";"Obra com Participação Financeira";"20123165,16";"25108255,99"
"2026-06-26 13:43:48.523000000";"EDP SP";"02302100000106";"Concessão";"SP";"Sudeste";"2017";"Expansão";"Planejamento Setorial";"158001612,37";"132165166,13"
"2026-06-26 13:43:48.523000000";"EDP SP";"02302100000106";"Concessão";"SP";"Sudeste";"2017";"Melhoria";"Planejamento Setorial";"68190031,17";"72494956,69"
"2026-06-26 13:43:48.523000000";"EDP SP";"02302100000106";"Concessão";"SP";"Sudeste";"2017";"Renovação";"Planejamento Setorial";"34544197,17";"34153237,77"
"2026-06-26 13:43:48.523000000";"EDP SP";"02302100000106";"Concessão";"SP";"Sudeste";"2018";"Expansão";"Obra com Participação Financeira";"29977708,11";"37224082,47"
"2026-06-26 13:43:48.523000000";"EDP SP";"02302100000106";"Concessão";"SP";"Sudeste";"2018";"Expansão";"Planejamento Setorial";"141954540,68";"136487056,86"
"2026-06-26 13:43:48.523000000";"EDP SP";"02302100000106";"Concessão";"SP";"Sudeste";"2018";"Melhoria";"Planejamento Setorial";"73742868,18";"79462777,12"
"2026-06-26 13:43:48.523000000";"EDP SP";"02302100000106";"Concessão";"SP";"Sudeste";"2018";"Renovação";"Planejamento Setorial";"50286805,43";"45296625,70"
"2026-06-26 13:43:48.523000000";"EDP SP";"02302100000106";"Concessão";"SP";"Sudeste";"2019";"Expansão";"Obra com Participação Financeira";"31893855,92";"32407393,96"
"2026-06-26 13:43:48.523000000";"EDP SP";"02302100000106";"Concessão";"SP";"Sudeste";"2019";"Expansão";"Planejamento Setorial";"83914680,75";"109476446,17"
"2026-06-26 13:43:48.523000000";"EDP SP";"02302100000106";"Concessão";"SP";"Sudeste";"2019";"Melhoria";"Planejamento Setorial";"93326048,63";"92044453,04"
"2026-06-26 13:43:48.523000000";"EDP SP";"02302100000106";"Concessão";"SP";"Sudeste";"2019";"Renovação";"Planejamento Setorial";"70144433,73";"42346009,64"
"2026-06-26 13:43:48.523000000";"EDP SP";"02302100000106";"Concessão";"SP";"Sudeste";"2020";"Expansão";"Obra com Participação Financeira";"25816591,20";"41071206,36"
"2026-06-26 13:43:48.523000000";"EDP SP";"02302100000106";"Concessão";"SP";"Sudeste";"2020";"Expansão";"Planejamento Setorial";"95008177,72";"128074576,04"
"2026-06-26 13:43:48.523000000";"EDP SP";"02302100000106";"Concessão";"SP";"Sudeste";"2020";"Melhoria";"Planejamento Setorial";"114780533,12";"158400965,53"
"2026-06-26 13:43:48.523000000";"EDP SP";"02302100000106";"Concessão";"SP";"Sudeste";"2020";"Renovação";"Planejamento Setorial";"65171792,71";"48437111,62"
"2026-06-26 13:43:48.523000000";"EDP SP";"02302100000106";"Concessão";"SP";"Sudeste";"2021";"Expansão";"Obra com Participação Financeira";"27668647,76";"36895743,27"
"2026-06-26 13:43:48.523000000";"EDP SP";"02302100000106";"Concessão";"SP";"Sudeste";"2021";"Expansão";"Planejamento Setorial";"145268950,80";"149377875,39"
"2026-06-26 13:43:48.523000000";"EDP SP";"02302100000106";"Concessão";"SP";"Sudeste";"2021";"Melhoria";"Planejamento Setorial";"166564806,60";"149937466,16"
"2026-06-26 13:43:48.523000000";"EDP SP";"02302100000106";"Concessão";"SP";"Sudeste";"2021";"Renovação";"Planejamento Setorial";"94573094,58";"108270064,99"
"2026-06-26 13:43:48.523000000";"EDP SP";"02302100000106";"Concessão";"SP";"Sudeste";"2022";"Expansão";"Obra com Participação Financeira";"36392462,05";"33249980,30"
"2026-06-26 13:43:48.523000000";"EDP SP";"02302100000106";"Concessão";"SP";"Sudeste";"2022";"Expansão";"Planejamento Setorial";"241326574,17";"262919795,87"
"2026-06-26 13:43:48.523000000";"EDP SP";"02302100000106";"Concessão";"SP";"Sudeste";"2022";"Melhoria";"Planejamento Setorial";"428354854,34";"415823352,77"
"2026-06-26 13:43:48.523000000";"EDP SP";"02302100000106";"Concessão";"SP";"Sudeste";"2022";"Renovação";"Planejamento Setorial";"92168079,53";"75651516,32"
"2026-06-26 13:43:48.523000000";"EDP SP";"02302100000106";"Concessão";"SP";"Sudeste";"2023";"Expansão";"Obra com Participação Financeira";"62858169,60";"41079640,02"
"2026-06-26 13:43:48.523000000";"EDP SP";"02302100000106";"Concessão";"SP";"Sudeste";"2023";"Expansão";"Planejamento Setorial";"164129987,71";"146500647,93"
"2026-06-26 13:43:48.523000000";"EDP SP";"02302100000106";"Concessão";"SP";"Sudeste";"2023";"Melhoria";"Planejamento Setorial";"445269588,20";"461078931,13"
"2026-06-26 13:43:48.523000000";"EDP SP";"02302100000106";"Concessão";"SP";"Sudeste";"2023";"Renovação";"Planejamento Setorial";"91905291,01";"94597238,28"
"2026-06-26 13:43:48.523000000";"EDP SP";"02302100000106";"Concessão";"SP";"Sudeste";"2024";"Expansão";"Obra com Participação Financeira";"36955409,31";"33364765,08"
"2026-06-26 13:43:48.523000000";"EDP SP";"02302100000106";"Concessão";"SP";"Sudeste";"2024";"Expansão";"Planejamento Setorial";"139153381,24";"165213392,46"
"2026-06-26 13:43:48.523000000";"EDP SP";"02302100000106";"Concessão";"SP";"Sudeste";"2024";"Melhoria";"Obra com Participação Financeira";"17868628,91";"13006022,68"
"2026-06-26 13:43:48.523000000";"EDP SP";"02302100000106";"Concessão";"SP";"Sudeste";"2024";"Melhoria";"Planejamento Setorial";"337499572,29";"336802668,32"
"2026-06-26 13:43:48.523000000";"EDP SP";"02302100000106";"Concessão";"SP";"Sudeste";"2024";"Renovação";"Planejamento Setorial";"89417417,20";"88700223,20"
"2026-06-26 13:43:48.523000000";"EDP SP";"02302100000106";"Concessão";"SP";"Sudeste";"2025";"Expansão";"Obra com Participação Financeira";"43488103,07";"35185520,31"
"2026-06-26 13:43:48.523000000";"EDP SP";"02302100000106";"Concessão";"SP";"Sudeste";"2025";"Expansão";"Planejamento Setorial";"250524437,35";"256525715,46"
"2026-06-26 13:43:48.523000000";"EDP SP";"02302100000106";"Concessão";"SP";"Sudeste";"2025";"Melhoria";"Obra com Participação Financeira";"31654037,77";"14858086,26"
"2026-06-26 13:43:48.523000000";"EDP SP";"02302100000106";"Concessão";"SP";"Sudeste";"2025";"Melhoria";"Planejamento Setorial";"215707529,05";"221998675,08"
"2026-06-26 13:43:48.523000000";"EDP SP";"02302100000106";"Concessão";"SP";"Sudeste";"2025";"Renovação";"Planejamento Setorial";"115184739,50";"130085501,59"
"2026-06-26 13:43:48.523000000";"EDP SP";"02302100000106";"Concessão";"SP";"Sudeste";"2026";"Expansão";"Obra com Participação Financeira";",00";"38497570,11"
"2026-06-26 13:43:48.523000000";"EDP SP";"02302100000106";"Concessão";"SP";"Sudeste";"2026";"Expansão";"Planejamento Setorial";",00";"196107538,15"
"2026-06-26 13:43:48.523000000";"EDP SP";"02302100000106";"Concessão";"SP";"Sudeste";"2026";"Melhoria";"Obra com Participação Financeira";",00";"17730840,26"
"2026-06-26 13:43:48.523000000";"EDP SP";"02302100000106";"Concessão";"SP";"Sudeste";"2026";"Melhoria";"Planejamento Setorial";",00";"233941346,74"
"2026-06-26 13:43:48.523000000";"EDP SP";"02302100000106";"Concessão";"SP";"Sudeste";"2026";"Renovação";"Planejamento Setorial";",00";"95368869,55"
"2026-06-26 13:43:48.523000000";"EDP SP";"02302100000106";"Concessão";"SP";"Sudeste";"2027";"Expansão";"Obra com Participação Financeira";",00";"38281217,07"
"2026-06-26 13:43:48.523000000";"EDP SP";"02302100000106";"Concessão";"SP";"Sudeste";"2027";"Expansão";"Planejamento Setorial";",00";"209844865,06"
"2026-06-26 13:43:48.523000000";"EDP SP";"02302100000106";"Concessão";"SP";"Sudeste";"2027";"Melhoria";"Obra com Participação Financeira";",00";"16359389,82"
"2026-06-26 13:43:48.523000000";"EDP SP";"02302100000106";"Concessão";"SP";"Sudeste";"2027";"Melhoria";"Planejamento Setorial";",00";"227604686,77"
"2026-06-26 13:43:48.523000000";"EDP SP";"02302100000106";"Concessão";"SP";"Sudeste";"2027";"Renovação";"Planejamento Setorial";",00";"78650652,40"
"2026-06-26 13:43:48.523000000";"EDP SP";"02302100000106";"Concessão";"SP";"Sudeste";"2028";"Expansão";"Obra com Participação Financeira";",00";"47803184,38"
"2026-06-26 13:43:48.523000000";"EDP SP";"02302100000106";"Concessão";"SP";"Sudeste";"2028";"Expansão";"Planejamento Setorial";",00";"328273838,45"
"2026-06-26 13:43:48.523000000";"EDP SP";"02302100000106";"Concessão";"SP";"Sudeste";"2028";"Melhoria";"Obra com Participação Financeira";",00";"20186244,01"
"2026-06-26 13:43:48.523000000";"EDP SP";"02302100000106";"Concessão";"SP";"Sudeste";"2028";"Melhoria";"Planejamento Setorial";",00";"360066428,77"
"2026-06-26 13:43:48.523000000";"EDP SP";"02302100000106";"Concessão";"SP";"Sudeste";"2028";"Renovação";"Planejamento Setorial";",00";"112661563,53"
"2026-06-26 13:43:48.523000000";"EDP SP";"02302100000106";"Concessão";"SP";"Sudeste";"2029";"Expansão";"Obra com Participação Financeira";",00";"50793097,11"
"2026-06-26 13:43:48.523000000";"EDP SP";"02302100000106";"Concessão";"SP";"Sudeste";"2029";"Expansão";"Planejamento Setorial";",00";"310132011,63"
"2026-06-26 13:43:48.523000000";"EDP SP";"02302100000106";"Concessão";"SP";"Sudeste";"2029";"Melhoria";"Obra com Participação Financeira";",00";"21448827,87"
"2026-06-26 13:43:48.523000000";"EDP SP";"02302100000106";"Concessão";"SP";"Sudeste";"2029";"Melhoria";"Planejamento Setorial";",00";"373350896,72"
"2026-06-26 13:43:48.523000000";"EDP SP";"02302100000106";"Concessão";"SP";"Sudeste";"2029";"Renovação";"Planejamento Setorial";",00";"111265531,46"
"2026-06-26 13:43:48.523000000";"EDP SP";"02302100000106";"Concessão";"SP";"Sudeste";"2030";"Expansão";"Obra com Participação Financeira";",00";"53934629,46"
"2026-06-26 13:43:48.523000000";"EDP SP";"02302100000106";"Concessão";"SP";"Sudeste";"2030";"Expansão";"Planejamento Setorial";",00";"290854657,90"
"2026-06-26 13:43:48.523000000";"EDP SP";"02302100000106";"Concessão";"SP";"Sudeste";"2030";"Melhoria";"Obra com Participação Financeira";",00";"22775431,90"
"2026-06-26 13:43:48.523000000";"EDP SP";"02302100000106";"Concessão";"SP";"Sudeste";"2030";"Melhoria";"Planejamento Setorial";",00";"365474239,66"
"2026-06-26 13:43:48.523000000";"EDP SP";"02302100000106";"Concessão";"SP";"Sudeste";"2030";"Renovação";"Planejamento Setorial";",00";"99326942,07"
"2026-06-26 13:43:48.523000000";"EEB";"60942281000123";"Concessão";"SP";"Sudeste";"2016";"Expansão";"";"17811130,65";"4968541,08"
"2026-06-26 13:43:48.523000000";"EEB";"60942281000123";"Concessão";"SP";"Sudeste";"2016";"Expansão";"Obra com Participação Financeira";"5360235,88";"10046591,20"
"2026-06-26 13:43:48.523000000";"EEB";"60942281000123";"Concessão";"SP";"Sudeste";"2016";"Melhoria";"";"2547544,73";"4634931,49"
"2026-06-26 13:43:48.523000000";"EEB";"60942281000123";"Concessão";"SP";"Sudeste";"2016";"Melhoria";"Obra com Participação Financeira";"952501,34";"1320554,19"
"2026-06-26 13:43:48.523000000";"EEB";"60942281000123";"Concessão";"SP";"Sudeste";"2016";"Renovação";"";"3010452,17";"2473016,05"
"2026-06-26 13:43:48.523000000";"EEB";"60942281000123";"Concessão";"SP";"Sudeste";"2017";"Expansão";"";"8194783,57";"6224305,89"
"2026-06-26 13:43:48.523000000";"EEB";"60942281000123";"Concessão";"SP";"Sudeste";"2017";"Expansão";"Obra com Participação Financeira";"6487976,08";"4816438,21"
"2026-06-26 13:43:48.523000000";"EEB";"60942281000123";"Concessão";"SP";"Sudeste";"2017";"Melhoria";"";"12817602,53";"13936607,43"
"2026-06-26 13:43:48.523000000";"EEB";"60942281000123";"Concessão";"SP";"Sudeste";"2017";"Renovação";"";"4379246,69";"4021180,10"
"2026-06-26 13:43:48.523000000";"Eflul";"86531175000140";"Concessão";"SC";"Sul";"2016";"Expansão";"";"419242,44";"466560,74"
"2026-06-26 13:43:48.523000000";"Eflul";"86531175000140";"Concessão";"SC";"Sul";"2016";"Melhoria";"";"221880,80";"232149,24"
"2026-06-26 13:43:48.523000000";"Eflul";"86531175000140";"Concessão";"SC";"Sul";"2016";"Renovação";"";"152094,84";"75735,00"
"2026-06-26 13:43:48.523000000";"Eflul";"86531175000140";"Concessão";"SC";"Sul";"2017";"Expansão";"";"353467,10";"464693,48"
"2026-06-26 13:43:48.523000000";"Eflul";"86531175000140";"Concessão";"SC";"Sul";"2017";"Melhoria";"";"333290,33";"247086,20"
"2026-06-26 13:43:48.523000000";"Eflul";"86531175000140";"Concessão";"SC";"Sul";"2017";"Renovação";"";"84097,31";"105435,00"
"2026-06-26 13:43:48.523000000";"Eflul";"86531175000140";"Concessão";"SC";"Sul";"2018";"Expansão";"";"305313,05";"452365,97"
"2026-06-26 13:43:48.523000000";"Eflul";"86531175000140";"Concessão";"SC";"Sul";"2018";"Melhoria";"";"433301,68";"303022,75"
"2026-06-26 13:43:48.523000000";"Eflul";"86531175000140";"Concessão";"SC";"Sul";"2018";"Renovação";"";",00";"95040,00"
"2026-06-26 13:43:48.523000000";"Eflul";"86531175000140";"Concessão";"SC";"Sul";"2019";"Expansão";"";"225456,37";"368442,03"
"2026-06-26 13:43:48.523000000";"Eflul";"86531175000140";"Concessão";"SC";"Sul";"2019";"Melhoria";"";"566093,65";"520048,24"
"2026-06-26 13:43:48.523000000";"Eflul";"86531175000140";"Concessão";"SC";"Sul";"2019";"Renovação";"";"99918,21";",00"
"2026-06-26 13:43:48.523000000";"Eflul";"86531175000140";"Concessão";"SC";"Sul";"2020";"Expansão";"";"1004276,61";"751710,00"
"2026-06-26 13:43:48.523000000";"Eflul";"86531175000140";"Concessão";"SC";"Sul";"2020";"Melhoria";"";"272043,24";"207972,57"
"2026-06-26 13:43:48.523000000";"Eflul";"86531175000140";"Concessão";"SC";"Sul";"2020";"Renovação";"";"59462,96";",00"
"2026-06-26 13:43:48.523000000";"Eflul";"86531175000140";"Concessão";"SC";"Sul";"2021";"Expansão";"";"957742,34";"418803,38"
"2026-06-26 13:43:48.523000000";"Eflul";"86531175000140";"Concessão";"SC";"Sul";"2021";"Melhoria";"";"356071,01";"391545,08"
"2026-06-26 13:43:48.523000000";"Eflul";"86531175000140";"Concessão";"SC";"Sul";"2021";"Renovação";"";"43235,38";",00"
"2026-06-26 13:43:48.523000000";"Eflul";"86531175000140";"Concessão";"SC";"Sul";"2022";"Expansão";"";"1064102,62";"790068,96"
"2026-06-26 13:43:48.523000000";"Eflul";"86531175000140";"Concessão";"SC";"Sul";"2022";"Expansão";"Obra com Participação Financeira";"13817796,92";"16265860,00"
"2026-06-26 13:43:48.523000000";"Eflul";"86531175000140";"Concessão";"SC";"Sul";"2022";"Melhoria";"";"368268,28";"385345,93"
"2026-06-26 13:43:48.523000000";"Eflul";"86531175000140";"Concessão";"SC";"Sul";"2022";"Renovação";"";"101801,05";",00"
"2026-06-26 13:43:48.523000000";"Eflul";"86531175000140";"Concessão";"SC";"Sul";"2023";"Expansão";"";"987961,33";"818825,89"
"2026-06-26 13:43:48.523000000";"Eflul";"86531175000140";"Concessão";"SC";"Sul";"2023";"Melhoria";"";"266322,80";"680607,15"
"2026-06-26 13:43:48.523000000";"Eflul";"86531175000140";"Concessão";"SC";"Sul";"2023";"Renovação";"";"471874,20";"203366,71"
"2026-06-26 13:43:48.523000000";"Eflul";"86531175000140";"Concessão";"SC";"Sul";"2024";"Expansão";"";"1185779,53";"859258,85"
"2026-06-26 13:43:48.523000000";"Eflul";"86531175000140";"Concessão";"SC";"Sul";"2024";"Melhoria";"";"157377,68";"707197,59"
"2026-06-26 13:43:48.523000000";"Eflul";"86531175000140";"Concessão";"SC";"Sul";"2024";"Renovação";"";"279504,26";"204793,92"
"2026-06-26 13:43:48.523000000";"Eflul";"86531175000140";"Concessão";"SC";"Sul";"2025";"Expansão";"";"1400401,33";"1378702,65"
"2026-06-26 13:43:48.523000000";"Eflul";"86531175000140";"Concessão";"SC";"Sul";"2025";"Melhoria";"";"278854,21";"351989,79"
"2026-06-26 13:43:48.523000000";"Eflul";"86531175000140";"Concessão";"SC";"Sul";"2025";"Renovação";"";"288192,66";"211747,98"
"2026-06-26 13:43:48.523000000";"Eflul";"86531175000140";"Concessão";"SC";"Sul";"2026";"Expansão";"";",00";"1102807,95"
"2026-06-26 13:43:48.523000000";"Eflul";"86531175000140";"Concessão";"SC";"Sul";"2026";"Melhoria";"";",00";"206713,06"
"2026-06-26 13:43:48.523000000";"Eflul";"86531175000140";"Concessão";"SC";"Sul";"2026";"Renovação";"";",00";"175114,26"
"2026-06-26 13:43:48.523000000";"Eflul";"86531175000140";"Concessão";"SC";"Sul";"2027";"Expansão";"";",00";"1385941,80"
"2026-06-26 13:43:48.523000000";"Eflul";"86531175000140";"Concessão";"SC";"Sul";"2027";"Melhoria";"";",00";"400554,97"
"2026-06-26 13:43:48.523000000";"Eflul";"86531175000140";"Concessão";"SC";"Sul";"2027";"Renovação";"";",00";"271705,63"
"2026-06-26 13:43:48.523000000";"Eflul";"86531175000140";"Concessão";"SC";"Sul";"2028";"Expansão";"";",00";"1419569,20"
"2026-06-26 13:43:48.523000000";"Eflul";"86531175000140";"Concessão";"SC";"Sul";"2028";"Melhoria";"";",00";"418493,66"
"2026-06-26 13:43:48.523000000";"Eflul";"86531175000140";"Concessão";"SC";"Sul";"2028";"Renovação";"";",00";"287667,19"
"2026-06-26 13:43:48.523000000";"Eflul";"86531175000140";"Concessão";"SC";"Sul";"2029";"Expansão";"";",00";"1472042,84"
"2026-06-26 13:43:48.523000000";"Eflul";"86531175000140";"Concessão";"SC";"Sul";"2029";"Melhoria";"";",00";"433665,66"
"2026-06-26 13:43:48.523000000";"Eflul";"86531175000140";"Concessão";"SC";"Sul";"2029";"Renovação";"";",00";"300371,52"
"2026-06-26 13:43:48.523000000";"Eflul";"86531175000140";"Concessão";"SC";"Sul";"2030";"Expansão";"";",00";"1513693,11"
"2026-06-26 13:43:48.523000000";"Eflul";"86531175000140";"Concessão";"SC";"Sul";"2030";"Melhoria";"";",00";"454435,66"
"2026-06-26 13:43:48.523000000";"Eflul";"86531175000140";"Concessão";"SC";"Sul";"2030";"Renovação";"";",00";"333209,60"
"2026-06-26 13:43:48.523000000";"Eletrocar";"88446034000155";"Concessão";"RS";"Sul";"2016";"Expansão";"";"2589797,00";"2045323,74"
"2026-06-26 13:43:48.523000000";"Eletrocar";"88446034000155";"Concessão";"RS";"Sul";"2016";"Melhoria";"";"500043,00";"488649,60"
"2026-06-26 13:43:48.523000000";"Eletrocar";"88446034000155";"Concessão";"RS";"Sul";"2017";"Expansão";"Planejamento Setorial";"2240533,39";"2430474,19"
"2026-06-26 13:43:48.523000000";"Eletrocar";"88446034000155";"Concessão";"RS";"Sul";"2017";"Melhoria";"Planejamento Setorial";"279212,03";"508671,75"
"2026-06-26 13:43:48.523000000";"Eletrocar";"88446034000155";"Concessão";"RS";"Sul";"2018";"Expansão";"Planejamento Setorial";"2093395,24";"3056985,76"
"2026-06-26 13:43:48.523000000";"Eletrocar";"88446034000155";"Concessão";"RS";"Sul";"2018";"Melhoria";"Planejamento Setorial";"331238,78";"647574,96"
"2026-06-26 13:43:48.523000000";"Eletrocar";"88446034000155";"Concessão";"RS";"Sul";"2019";"Expansão";"Planejamento Setorial";"2272559,36";"3011888,24"
"2026-06-26 13:43:48.523000000";"Eletrocar";"88446034000155";"Concessão";"RS";"Sul";"2019";"Melhoria";"Planejamento Setorial";"396697,99";"588065,52"
"2026-06-26 13:43:48.523000000";"Eletrocar";"88446034000155";"Concessão";"RS";"Sul";"2020";"Expansão";"Planejamento Setorial";"1856772,62";"3080096,42"
"2026-06-26 13:43:48.523000000";"Eletrocar";"88446034000155";"Concessão";"RS";"Sul";"2020";"Melhoria";"Planejamento Setorial";"454443,51";"493840,93"
"2026-06-26 13:43:48.523000000";"Eletrocar";"88446034000155";"Concessão";"RS";"Sul";"2021";"Expansão";"Planejamento Setorial";"3809956,63";"4023628,24"
"2026-06-26 13:43:48.523000000";"Eletrocar";"88446034000155";"Concessão";"RS";"Sul";"2021";"Melhoria";"Planejamento Setorial";"786775,76";"1019320,97"
"2026-06-26 13:43:48.523000000";"Eletrocar";"88446034000155";"Concessão";"RS";"Sul";"2022";"Expansão";"Planejamento Setorial";"4987044,62";"16679242,03"
"2026-06-26 13:43:48.523000000";"Eletrocar";"88446034000155";"Concessão";"RS";"Sul";"2022";"Melhoria";"Planejamento Setorial";"789251,70";"713458,67"
"2026-06-26 13:43:48.523000000";"Eletrocar";"88446034000155";"Concessão";"RS";"Sul";"2023";"Expansão";"Planejamento Setorial";"5794696,63";"36609351,73"
"2026-06-26 13:43:48.523000000";"Eletrocar";"88446034000155";"Concessão";"RS";"Sul";"2023";"Melhoria";"Planejamento Setorial";"1131527,00";"617324,30"
"2026-06-26 13:43:48.523000000";"Eletrocar";"88446034000155";"Concessão";"RS";"Sul";"2023";"Renovação";"Planejamento Setorial";",00";"1000000,00"
"2026-06-26 13:43:48.523000000";"Eletrocar";"88446034000155";"Concessão";"RS";"Sul";"2024";"Expansão";"Planejamento Setorial";"4979046,62";"5166618,25"
"2026-06-26 13:43:48.523000000";"Eletrocar";"88446034000155";"Concessão";"RS";"Sul";"2024";"Melhoria";"Planejamento Setorial";"1123056,29";"872895,59"
"2026-06-26 13:43:48.523000000";"Eletrocar";"88446034000155";"Concessão";"RS";"Sul";"2025";"Expansão";"Planejamento Setorial";"4858324,00";"7027512,44"
"2026-06-26 13:43:48.523000000";"Eletrocar";"88446034000155";"Concessão";"RS";"Sul";"2025";"Melhoria";"Planejamento Setorial";"1054447,00";"1132859,40"
"2026-06-26 13:43:48.523000000";"Eletrocar";"88446034000155";"Concessão";"RS";"Sul";"2026";"Expansão";"Planejamento Setorial";",00";"53193604,45"
"2026-06-26 13:43:48.523000000";"Eletrocar";"88446034000155";"Concessão";"RS";"Sul";"2026";"Melhoria";"Planejamento Setorial";",00";"1228133,35"
"2026-06-26 13:43:48.523000000";"Eletrocar";"88446034000155";"Concessão";"RS";"Sul";"2027";"Expansão";"Planejamento Setorial";",00";"7175862,12"
"2026-06-26 13:43:48.523000000";"Eletrocar";"88446034000155";"Concessão";"RS";"Sul";"2027";"Melhoria";"Planejamento Setorial";",00";"1271068,29"
"2026-06-26 13:43:48.523000000";"Eletrocar";"88446034000155";"Concessão";"RS";"Sul";"2028";"Expansão";"Planejamento Setorial";",00";"7574668,90"
"2026-06-26 13:43:48.523000000";"Eletrocar";"88446034000155";"Concessão";"RS";"Sul";"2028";"Melhoria";"Planejamento Setorial";",00";"1315586,20"
"2026-06-26 13:43:48.523000000";"Eletrocar";"88446034000155";"Concessão";"RS";"Sul";"2029";"Expansão";"Planejamento Setorial";",00";"8030980,69"
"2026-06-26 13:43:48.523000000";"Eletrocar";"88446034000155";"Concessão";"RS";"Sul";"2029";"Melhoria";"Planejamento Setorial";",00";"1361643,62"
"2026-06-26 13:43:48.523000000";"Eletrocar";"88446034000155";"Concessão";"RS";"Sul";"2030";"Expansão";"Planejamento Setorial";",00";"8390486,48"
"2026-06-26 13:43:48.523000000";"Eletrocar";"88446034000155";"Concessão";"RS";"Sul";"2030";"Melhoria";"Planejamento Setorial";",00";"1409290,69"
"2026-06-26 13:43:48.523000000";"Enel CE";"07047251000170";"Concessão";"CE";"Nordeste";"2016";"Expansão";"";"383710921,35";"375238018,43"
"2026-06-26 13:43:48.523000000";"Enel CE";"07047251000170";"Concessão";"CE";"Nordeste";"2016";"Expansão";"Planejamento Setorial";"408000,00";"1083333,33"
"2026-06-26 13:43:48.523000000";"Enel CE";"07047251000170";"Concessão";"CE";"Nordeste";"2016";"Melhoria";"";"72567336,73";"67557942,46"
"2026-06-26 13:43:48.523000000";"Enel CE";"07047251000170";"Concessão";"CE";"Nordeste";"2016";"Renovação";"";"4825213,46";"7828248,87"
"2026-06-26 13:43:48.523000000";"Enel CE";"07047251000170";"Concessão";"CE";"Nordeste";"2017";"Expansão";"";"466234117,92";"504007749,61"
"2026-06-26 13:43:48.523000000";"Enel CE";"07047251000170";"Concessão";"CE";"Nordeste";"2017";"Expansão";"Planejamento Setorial";"11712539,56";"35361010,03"
"2026-06-26 13:43:48.523000000";"Enel CE";"07047251000170";"Concessão";"CE";"Nordeste";"2017";"Melhoria";"";"95155504,40";"85960737,24"
"2026-06-26 13:43:48.523000000";"Enel CE";"07047251000170";"Concessão";"CE";"Nordeste";"2017";"Melhoria";"Planejamento Setorial";"42681,33";"8039686,46"
"2026-06-26 13:43:48.523000000";"Enel CE";"07047251000170";"Concessão";"CE";"Nordeste";"2017";"Renovação";"";"15245744,00";"28204339,61"
"2026-06-26 13:43:48.523000000";"Enel CE";"07047251000170";"Concessão";"CE";"Nordeste";"2018";"Expansão";"";"470135818,64";"430082515,52"
"2026-06-26 13:43:48.523000000";"Enel CE";"07047251000170";"Concessão";"CE";"Nordeste";"2018";"Expansão";"Planejamento Setorial";"56213878,17";"55561013,10"
"2026-06-26 13:43:48.523000000";"Enel CE";"07047251000170";"Concessão";"CE";"Nordeste";"2018";"Melhoria";"";"151974202,33";"154142791,44"
"2026-06-26 13:43:48.523000000";"Enel CE";"07047251000170";"Concessão";"CE";"Nordeste";"2018";"Melhoria";"Planejamento Setorial";"18765810,62";"16837132,52"
"2026-06-26 13:43:48.523000000";"Enel CE";"07047251000170";"Concessão";"CE";"Nordeste";"2018";"Renovação";"";"41808835,58";"36627965,40"
"2026-06-26 13:43:48.523000000";"Enel CE";"07047251000170";"Concessão";"CE";"Nordeste";"2018";"Renovação";"Planejamento Setorial";"352445,86";"867000,00"
"2026-06-26 13:43:48.523000000";"Enel CE";"07047251000170";"Concessão";"CE";"Nordeste";"2019";"Expansão";"";"437976799,18";"409627090,92"
"2026-06-26 13:43:48.523000000";"Enel CE";"07047251000170";"Concessão";"CE";"Nordeste";"2019";"Expansão";"Planejamento Setorial";"44407803,89";"72284551,49"
"2026-06-26 13:43:48.523000000";"Enel CE";"07047251000170";"Concessão";"CE";"Nordeste";"2019";"Melhoria";"";"52549215,59";"60430197,55"
"2026-06-26 13:43:48.523000000";"Enel CE";"07047251000170";"Concessão";"CE";"Nordeste";"2019";"Melhoria";"Planejamento Setorial";"13838593,48";"9235130,51"
"2026-06-26 13:43:48.523000000";"Enel CE";"07047251000170";"Concessão";"CE";"Nordeste";"2019";"Renovação";"";"43014408,51";"34252008,84"
"2026-06-26 13:43:48.523000000";"Enel CE";"07047251000170";"Concessão";"CE";"Nordeste";"2019";"Renovação";"Planejamento Setorial";"154705,87";"651000,00"
"2026-06-26 13:43:48.523000000";"Enel CE";"07047251000170";"Concessão";"CE";"Nordeste";"2020";"Expansão";"";"552286342,76";"535918739,96"
"2026-06-26 13:43:48.523000000";"Enel CE";"07047251000170";"Concessão";"CE";"Nordeste";"2020";"Expansão";"Planejamento Setorial";"51225550,20";"39864861,47"
"2026-06-26 13:43:48.523000000";"Enel CE";"07047251000170";"Concessão";"CE";"Nordeste";"2020";"Melhoria";"";"34896261,27";"45405780,74"
"2026-06-26 13:43:48.523000000";"Enel CE";"07047251000170";"Concessão";"CE";"Nordeste";"2020";"Melhoria";"Planejamento Setorial";"53715458,97";"53148816,46"
"2026-06-26 13:43:48.523000000";"Enel CE";"07047251000170";"Concessão";"CE";"Nordeste";"2020";"Renovação";"";"59569124,66";"27711424,15"
"2026-06-26 13:43:48.523000000";"Enel CE";"07047251000170";"Concessão";"CE";"Nordeste";"2020";"Renovação";"Planejamento Setorial";",00";"4722451,00"
"2026-06-26 13:43:48.523000000";"Enel CE";"07047251000170";"Concessão";"CE";"Nordeste";"2021";"Expansão";"";"324800582,67";"642098672,92"
"2026-06-26 13:43:48.523000000";"Enel CE";"07047251000170";"Concessão";"CE";"Nordeste";"2021";"Expansão";"Planejamento Setorial";"18103006,13";"42380815,52"
"2026-06-26 13:43:48.523000000";"Enel CE";"07047251000170";"Concessão";"CE";"Nordeste";"2021";"Melhoria";"";"19648038,30";"47657458,00"
"2026-06-26 13:43:48.523000000";"Enel CE";"07047251000170";"Concessão";"CE";"Nordeste";"2021";"Melhoria";"Planejamento Setorial";"35307468,83";"124824572,85"
"2026-06-26 13:43:48.523000000";"Enel CE";"07047251000170";"Concessão";"CE";"Nordeste";"2021";"Renovação";"";"23871154,53";"66066939,69"
"2026-06-26 13:43:48.523000000";"Enel CE";"07047251000170";"Concessão";"CE";"Nordeste";"2021";"Renovação";"Planejamento Setorial";"2701816,78";"10276379,35"
"2026-06-26 13:43:48.523000000";"Enel CE";"07047251000170";"Concessão";"CE";"Nordeste";"2022";"Expansão";"";"1052266976,82";"705739547,83"
"2026-06-26 13:43:48.523000000";"Enel CE";"07047251000170";"Concessão";"CE";"Nordeste";"2022";"Expansão";"Planejamento Setorial";"35104118,78";"44380193,57"
"2026-06-26 13:43:48.523000000";"Enel CE";"07047251000170";"Concessão";"CE";"Nordeste";"2022";"Melhoria";"";"42554684,12";"65197809,70"
"2026-06-26 13:43:48.523000000";"Enel CE";"07047251000170";"Concessão";"CE";"Nordeste";"2022";"Melhoria";"Planejamento Setorial";"106918676,48";"57329813,68"
"2026-06-26 13:43:48.523000000";"Enel CE";"07047251000170";"Concessão";"CE";"Nordeste";"2022";"Renovação";"";"204476941,24";"98146631,67"
"2026-06-26 13:43:48.523000000";"Enel CE";"07047251000170";"Concessão";"CE";"Nordeste";"2022";"Renovação";"Planejamento Setorial";"3926747,39";"5490776,24"
"2026-06-26 13:43:48.523000000";"Enel CE";"07047251000170";"Concessão";"CE";"Nordeste";"2023";"Expansão";"";"666257100,33";"806333390,34"
"2026-06-26 13:43:48.523000000";"Enel CE";"07047251000170";"Concessão";"CE";"Nordeste";"2023";"Expansão";"Planejamento Setorial";"30263649,21";"62849907,98"
"2026-06-26 13:43:48.523000000";"Enel CE";"07047251000170";"Concessão";"CE";"Nordeste";"2023";"Melhoria";"";"28405624,90";"82062198,92"
"2026-06-26 13:43:48.523000000";"Enel CE";"07047251000170";"Concessão";"CE";"Nordeste";"2023";"Melhoria";"Planejamento Setorial";"12977952,98";"20990400,52"
"2026-06-26 13:43:48.523000000";"Enel CE";"07047251000170";"Concessão";"CE";"Nordeste";"2023";"Renovação";"";"176542732,52";"268159821,02"
"2026-06-26 13:43:48.523000000";"Enel CE";"07047251000170";"Concessão";"CE";"Nordeste";"2023";"Renovação";"Planejamento Setorial";"4087981,88";"13475725,80"
"2026-06-26 13:43:48.523000000";"Enel CE";"07047251000170";"Concessão";"CE";"Nordeste";"2024";"Expansão";"";"674031543,11";"774462419,49"
"2026-06-26 13:43:48.523000000";"Enel CE";"07047251000170";"Concessão";"CE";"Nordeste";"2024";"Expansão";"Planejamento Setorial";"65791244,78";"67383897,89"
"2026-06-26 13:43:48.523000000";"Enel CE";"07047251000170";"Concessão";"CE";"Nordeste";"2024";"Melhoria";"";"12376528,83";"28306138,72"
"2026-06-26 13:43:48.523000000";"Enel CE";"07047251000170";"Concessão";"CE";"Nordeste";"2024";"Melhoria";"Planejamento Setorial";"9065366,52";"5000193,46"
"2026-06-26 13:43:48.523000000";"Enel CE";"07047251000170";"Concessão";"CE";"Nordeste";"2024";"Renovação";"";"160622613,32";"186895810,92"
"2026-06-26 13:43:48.523000000";"Enel CE";"07047251000170";"Concessão";"CE";"Nordeste";"2025";"Expansão";"";"875649710,80";"1087277688,91"
"2026-06-26 13:43:48.523000000";"Enel CE";"07047251000170";"Concessão";"CE";"Nordeste";"2025";"Expansão";"Luz Para Todos";",00";"57750000,00"
"2026-06-26 13:43:48.523000000";"Enel CE";"07047251000170";"Concessão";"CE";"Nordeste";"2025";"Expansão";"Planejamento Setorial";"113810388,66";"152178013,98"
"2026-06-26 13:43:48.523000000";"Enel CE";"07047251000170";"Concessão";"CE";"Nordeste";"2025";"Melhoria";"";"33311674,44";"59622025,42"
"2026-06-26 13:43:48.523000000";"Enel CE";"07047251000170";"Concessão";"CE";"Nordeste";"2025";"Melhoria";"Planejamento Setorial";"85888797,57";"108208452,93"
"2026-06-26 13:43:48.523000000";"Enel CE";"07047251000170";"Concessão";"CE";"Nordeste";"2025";"Renovação";"";"258104210,14";"261237224,30"
"2026-06-26 13:43:48.523000000";"Enel CE";"07047251000170";"Concessão";"CE";"Nordeste";"2025";"Renovação";"Planejamento Setorial";",00";"3708821,97"
"2026-06-26 13:43:48.523000000";"Enel CE";"07047251000170";"Concessão";"CE";"Nordeste";"2026";"Expansão";"";",00";"1285640189,32"
"2026-06-26 13:43:48.523000000";"Enel CE";"07047251000170";"Concessão";"CE";"Nordeste";"2026";"Expansão";"Luz Para Todos";",00";"21541959,78"
"2026-06-26 13:43:48.523000000";"Enel CE";"07047251000170";"Concessão";"CE";"Nordeste";"2026";"Expansão";"Planejamento Setorial";",00";"126813609,28"
"2026-06-26 13:43:48.523000000";"Enel CE";"07047251000170";"Concessão";"CE";"Nordeste";"2026";"Melhoria";"Planejamento Setorial";",00";"183172900,00"
"2026-06-26 13:43:48.523000000";"Enel CE";"07047251000170";"Concessão";"CE";"Nordeste";"2026";"Renovação";"";",00";"350250801,24"
"2026-06-26 13:43:48.523000000";"Enel CE";"07047251000170";"Concessão";"CE";"Nordeste";"2026";"Renovação";"Planejamento Setorial";",00";"73347984,57"
"2026-06-26 13:43:48.523000000";"Enel CE";"07047251000170";"Concessão";"CE";"Nordeste";"2027";"Expansão";"";",00";"1187325521,07"
"2026-06-26 13:43:48.523000000";"Enel CE";"07047251000170";"Concessão";"CE";"Nordeste";"2027";"Expansão";"Planejamento Setorial";",00";"40821473,51"
"2026-06-26 13:43:48.523000000";"Enel CE";"07047251000170";"Concessão";"CE";"Nordeste";"2027";"Melhoria";"Planejamento Setorial";",00";"238865468,00"
"2026-06-26 13:43:48.523000000";"Enel CE";"07047251000170";"Concessão";"CE";"Nordeste";"2027";"Renovação";"";",00";"360376630,45"
"2026-06-26 13:43:48.523000000";"Enel CE";"07047251000170";"Concessão";"CE";"Nordeste";"2027";"Renovação";"Planejamento Setorial";",00";"18253583,71"
"2026-06-26 13:43:48.523000000";"Enel CE";"07047251000170";"Concessão";"CE";"Nordeste";"2028";"Expansão";"";",00";"1537342427,56"
"2026-06-26 13:43:48.523000000";"Enel CE";"07047251000170";"Concessão";"CE";"Nordeste";"2028";"Expansão";"Planejamento Setorial";",00";"136272646,03"
"2026-06-26 13:43:48.523000000";"Enel CE";"07047251000170";"Concessão";"CE";"Nordeste";"2028";"Melhoria";"Planejamento Setorial";",00";"204190000,00"
"2026-06-26 13:43:48.523000000";"Enel CE";"07047251000170";"Concessão";"CE";"Nordeste";"2028";"Renovação";"";",00";"407968394,38"
"2026-06-26 13:43:48.523000000";"Enel CE";"07047251000170";"Concessão";"CE";"Nordeste";"2028";"Renovação";"Planejamento Setorial";",00";"16025386,86"
"2026-06-26 13:43:48.523000000";"Enel CE";"07047251000170";"Concessão";"CE";"Nordeste";"2029";"Expansão";"";",00";"1299671247,40"
"2026-06-26 13:43:48.523000000";"Enel CE";"07047251000170";"Concessão";"CE";"Nordeste";"2029";"Expansão";"Planejamento Setorial";",00";"166430460,60"
"2026-06-26 13:43:48.523000000";"Enel CE";"07047251000170";"Concessão";"CE";"Nordeste";"2029";"Melhoria";"Planejamento Setorial";",00";"217525008,71"
"2026-06-26 13:43:48.523000000";"Enel CE";"07047251000170";"Concessão";"CE";"Nordeste";"2029";"Renovação";"";",00";"492160817,32"
"2026-06-26 13:43:48.523000000";"Enel CE";"07047251000170";"Concessão";"CE";"Nordeste";"2029";"Renovação";"Planejamento Setorial";",00";"16856772,59"
"2026-06-26 13:43:48.523000000";"Enel CE";"07047251000170";"Concessão";"CE";"Nordeste";"2030";"Expansão";"";",00";"1207443233,32"
"2026-06-26 13:43:48.523000000";"Enel CE";"07047251000170";"Concessão";"CE";"Nordeste";"2030";"Expansão";"Planejamento Setorial";",00";"123320738,85"
"2026-06-26 13:43:48.523000000";"Enel CE";"07047251000170";"Concessão";"CE";"Nordeste";"2030";"Melhoria";"Planejamento Setorial";",00";"225279993,76"
"2026-06-26 13:43:48.523000000";"Enel CE";"07047251000170";"Concessão";"CE";"Nordeste";"2030";"Renovação";"";",00";"476557091,85"
"2026-06-26 13:43:48.523000000";"Enel CE";"07047251000170";"Concessão";"CE";"Nordeste";"2030";"Renovação";"Planejamento Setorial";",00";"17241520,65"
"2026-06-26 13:43:48.523000000";"Enel GO";"01543032000104";"Concessão";"GO";"Centro Oeste";"2016";"Expansão";"";",00";"2001150,00"
"2026-06-26 13:43:48.523000000";"Enel GO";"01543032000104";"Concessão";"GO";"Centro Oeste";"2016";"Expansão";"Luz Para Todos";"5743198,25";"48352042,00"
"2026-06-26 13:43:48.523000000";"Enel GO";"01543032000104";"Concessão";"GO";"Centro Oeste";"2016";"Expansão";"Planejamento Setorial";"228976473,97";"228710137,52"
"2026-06-26 13:43:48.523000000";"Enel GO";"01543032000104";"Concessão";"GO";"Centro Oeste";"2016";"Melhoria";"";"1604411,83";"2342762,00"
"2026-06-26 13:43:48.523000000";"Enel GO";"01543032000104";"Concessão";"GO";"Centro Oeste";"2016";"Melhoria";"Planejamento Setorial";"37993598,00";"46338368,50"
"2026-06-26 13:43:48.523000000";"Enel GO";"01543032000104";"Concessão";"GO";"Centro Oeste";"2016";"Renovação";"Planejamento Setorial";"3264604,00";"4923960,00"
"2026-06-26 13:43:48.523000000";"Enel GO";"01543032000104";"Concessão";"GO";"Centro Oeste";"2017";"Expansão";"Luz Para Todos";"14023092,80";"53576812,73"
"2026-06-26 13:43:48.523000000";"Enel GO";"01543032000104";"Concessão";"GO";"Centro Oeste";"2017";"Expansão";"Planejamento Setorial";"306156604,85";"176210602,44"
"2026-06-26 13:43:48.523000000";"Enel GO";"01543032000104";"Concessão";"GO";"Centro Oeste";"2017";"Melhoria";"Planejamento Setorial";"66391785,21";"71436694,50"
"2026-06-26 13:43:48.523000000";"Enel GO";"01543032000104";"Concessão";"GO";"Centro Oeste";"2017";"Renovação";"Planejamento Setorial";"18795675,40";"4923960,00"
"2026-06-26 13:43:48.523000000";"Enel GO";"01543032000104";"Concessão";"GO";"Centro Oeste";"2018";"Expansão";"Planejamento Setorial";"275072319,31";"404152436,76"
"2026-06-26 13:43:48.523000000";"Enel GO";"01543032000104";"Concessão";"GO";"Centro Oeste";"2018";"Melhoria";"Planejamento Setorial";"147664901,84";"82827676,55"
"2026-06-26 13:43:48.523000000";"Enel GO";"01543032000104";"Concessão";"GO";"Centro Oeste";"2019";"Expansão";"";"11342450,73";",00"
"2026-06-26 13:43:48.523000000";"Enel GO";"01543032000104";"Concessão";"GO";"Centro Oeste";"2019";"Expansão";"Planejamento Setorial";"167566476,04";"273348232,58"
"2026-06-26 13:43:48.523000000";"Enel GO";"01543032000104";"Concessão";"GO";"Centro Oeste";"2019";"Melhoria";"Planejamento Setorial";"125459691,59";"240055161,63"
"2026-06-26 13:43:48.523000000";"Enel GO";"01543032000104";"Concessão";"GO";"Centro Oeste";"2020";"Expansão";"";"332089768,45";"582162537,34"
"2026-06-26 13:43:48.523000000";"Enel GO";"01543032000104";"Concessão";"GO";"Centro Oeste";"2020";"Expansão";"Luz Para Todos";"49177534,43";"44406510,07"
"2026-06-26 13:43:48.523000000";"Enel GO";"01543032000104";"Concessão";"GO";"Centro Oeste";"2020";"Expansão";"Obra com Participação Financeira";"4508208,96";"9362376,41"
"2026-06-26 13:43:48.523000000";"Enel GO";"01543032000104";"Concessão";"GO";"Centro Oeste";"2020";"Melhoria";"";"188947867,50";"338639092,70"
"2026-06-26 13:43:48.523000000";"Enel GO";"01543032000104";"Concessão";"GO";"Centro Oeste";"2020";"Renovação";"";"88382955,31";"83952870,67"
"2026-06-26 13:43:48.523000000";"Enel GO";"01543032000104";"Concessão";"GO";"Centro Oeste";"2021";"Expansão";"";"387779814,60";"757301729,00"
"2026-06-26 13:43:48.523000000";"Enel GO";"01543032000104";"Concessão";"GO";"Centro Oeste";"2021";"Expansão";"Luz Para Todos";"250023419,25";"97299585,83"
"2026-06-26 13:43:48.523000000";"Enel GO";"01543032000104";"Concessão";"GO";"Centro Oeste";"2021";"Expansão";"Planejamento Setorial";"26092284,90";",00"
"2026-06-26 13:43:48.523000000";"Enel GO";"01543032000104";"Concessão";"GO";"Centro Oeste";"2021";"Melhoria";"";"255038579,58";"374244220,91"
"2026-06-26 13:43:48.523000000";"Enel GO";"01543032000104";"Concessão";"GO";"Centro Oeste";"2022";"Expansão";"";"698195629,96";"585047536,78"
"2026-06-26 13:43:48.523000000";"Enel GO";"01543032000104";"Concessão";"GO";"Centro Oeste";"2022";"Expansão";"Planejamento Setorial";"295452764,53";"567938650,92"
"2026-06-26 13:43:48.523000000";"Enel GO";"01543032000104";"Concessão";"GO";"Centro Oeste";"2022";"Melhoria";"";"277622786,58";"274275727,42"
"2026-06-26 13:43:48.523000000";"Enel GO";"01543032000104";"Concessão";"GO";"Centro Oeste";"2022";"Melhoria";"Planejamento Setorial";"168378995,98";"95659415,38"
"2026-06-26 13:43:48.523000000";"Enel GO";"01543032000104";"Concessão";"GO";"Centro Oeste";"2022";"Renovação";"";"430628564,73";",00"
"2026-06-26 13:43:48.523000000";"Enel GO";"01543032000104";"Concessão";"GO";"Centro Oeste";"2022";"Renovação";"Planejamento Setorial";"15629300,68";"21668372,63"
"2026-06-26 13:43:48.523000000";"Enel GO";"01543032000104";"Concessão";"GO";"Centro Oeste";"2023";"Expansão";"";"1613012743,43";"1339223418,07"
"2026-06-26 13:43:48.523000000";"Enel GO";"01543032000104";"Concessão";"GO";"Centro Oeste";"2023";"Expansão";"Obra com Participação Financeira";"83578942,53";"10253937,99"
"2026-06-26 13:43:48.523000000";"Enel GO";"01543032000104";"Concessão";"GO";"Centro Oeste";"2023";"Expansão";"Planejamento Setorial";"3149869,71";"4462360,72"
"2026-06-26 13:43:48.523000000";"Enel GO";"01543032000104";"Concessão";"GO";"Centro Oeste";"2023";"Melhoria";"";"623597374,70";"110984270,57"
"2026-06-26 13:43:48.523000000";"Enel GO";"01543032000104";"Concessão";"GO";"Centro Oeste";"2023";"Renovação";"";"611039297,07";"372075711,59"
"2026-06-26 13:43:48.523000000";"Enel GO";"01543032000104";"Concessão";"GO";"Centro Oeste";"2024";"Expansão";"";"960190658,82";"1121160030,92"
"2026-06-26 13:43:48.523000000";"Enel GO";"01543032000104";"Concessão";"GO";"Centro Oeste";"2024";"Expansão";"Obra com Participação Financeira";"193291754,53";"33265561,44"
"2026-06-26 13:43:48.523000000";"Enel GO";"01543032000104";"Concessão";"GO";"Centro Oeste";"2024";"Expansão";"Planejamento Setorial";",00";"10822870,39"
"2026-06-26 13:43:48.523000000";"Enel GO";"01543032000104";"Concessão";"GO";"Centro Oeste";"2024";"Melhoria";"";"465549104,77";"221373861,89"
"2026-06-26 13:43:48.523000000";"Enel GO";"01543032000104";"Concessão";"GO";"Centro Oeste";"2024";"Renovação";"";"293865878,26";"358384792,81"
"2026-06-26 13:43:48.523000000";"Enel GO";"01543032000104";"Concessão";"GO";"Centro Oeste";"2025";"Expansão";"";"894559308,11";"1397806956,05"
"2026-06-26 13:43:48.523000000";"Enel GO";"01543032000104";"Concessão";"GO";"Centro Oeste";"2025";"Expansão";"Luz Para Todos";",00";"1180682,27"
"2026-06-26 13:43:48.523000000";"Enel GO";"01543032000104";"Concessão";"GO";"Centro Oeste";"2025";"Expansão";"Obra com Participação Financeira";"322882305,37";"228741046,30"
"2026-06-26 13:43:48.523000000";"Enel GO";"01543032000104";"Concessão";"GO";"Centro Oeste";"2025";"Expansão";"Planejamento Setorial";",00";"6764424,96"
"2026-06-26 13:43:48.523000000";"Enel GO";"01543032000104";"Concessão";"GO";"Centro Oeste";"2025";"Melhoria";"";"233551736,61";"299861605,84"
"2026-06-26 13:43:48.523000000";"Enel GO";"01543032000104";"Concessão";"GO";"Centro Oeste";"2025";"Renovação";"";"257877517,34";"390766180,69"
"2026-06-26 13:43:48.523000000";"Enel GO";"01543032000104";"Concessão";"GO";"Centro Oeste";"2026";"Expansão";"";",00";"1757005988,91"
"2026-06-26 13:43:48.523000000";"Enel GO";"01543032000104";"Concessão";"GO";"Centro Oeste";"2026";"Expansão";"Luz Para Todos";",00";"41586179,72"
"2026-06-26 13:43:48.523000000";"Enel GO";"01543032000104";"Concessão";"GO";"Centro Oeste";"2026";"Expansão";"Obra com Participação Financeira";",00";"313900462,55"
"2026-06-26 13:43:48.523000000";"Enel GO";"01543032000104";"Concessão";"GO";"Centro Oeste";"2026";"Expansão";"Planejamento Setorial";",00";"6764424,96"
"2026-06-26 13:43:48.523000000";"Enel GO";"01543032000104";"Concessão";"GO";"Centro Oeste";"2026";"Melhoria";"";",00";"234146796,14"
"2026-06-26 13:43:48.523000000";"Enel GO";"01543032000104";"Concessão";"GO";"Centro Oeste";"2026";"Renovação";"";",00";"960362489,64"
"2026-06-26 13:43:48.523000000";"Enel GO";"01543032000104";"Concessão";"GO";"Centro Oeste";"2027";"Expansão";"";",00";"1348695683,07"
"2026-06-26 13:43:48.523000000";"Enel GO";"01543032000104";"Concessão";"GO";"Centro Oeste";"2027";"Expansão";"Luz Para Todos";",00";"9657240,32"
"2026-06-26 13:43:48.523000000";"Enel GO";"01543032000104";"Concessão";"GO";"Centro Oeste";"2027";"Expansão";"Obra com Participação Financeira";",00";"293338087,49"
"2026-06-26 13:43:48.523000000";"Enel GO";"01543032000104";"Concessão";"GO";"Centro Oeste";"2027";"Expansão";"Planejamento Setorial";",00";"17073767,64"
"2026-06-26 13:43:48.523000000";"Enel GO";"01543032000104";"Concessão";"GO";"Centro Oeste";"2027";"Melhoria";"";",00";"276537143,14"
"2026-06-26 13:43:48.523000000";"Enel GO";"01543032000104";"Concessão";"GO";"Centro Oeste";"2027";"Renovação";"";",00";"965693082,89"
"2026-06-26 13:43:48.523000000";"Enel GO";"01543032000104";"Concessão";"GO";"Centro Oeste";"2028";"Expansão";"";",00";"2016132530,33"
"2026-06-26 13:43:48.523000000";"Enel GO";"01543032000104";"Concessão";"GO";"Centro Oeste";"2028";"Expansão";"Obra com Participação Financeira";",00";"293338087,49"
"2026-06-26 13:43:48.523000000";"Enel GO";"01543032000104";"Concessão";"GO";"Centro Oeste";"2028";"Expansão";"Planejamento Setorial";",00";"252967036,97"
"2026-06-26 13:43:48.523000000";"Enel GO";"01543032000104";"Concessão";"GO";"Centro Oeste";"2028";"Melhoria";"";",00";"267955451,68"
"2026-06-26 13:43:48.523000000";"Enel GO";"01543032000104";"Concessão";"GO";"Centro Oeste";"2028";"Renovação";"";",00";"967762162,78"
"2026-06-26 13:43:48.523000000";"Enel GO";"01543032000104";"Concessão";"GO";"Centro Oeste";"2029";"Expansão";"";",00";"1871585641,99"
"2026-06-26 13:43:48.523000000";"Enel GO";"01543032000104";"Concessão";"GO";"Centro Oeste";"2029";"Expansão";"Obra com Participação Financeira";",00";"270953137,96"
"2026-06-26 13:43:48.523000000";"Enel GO";"01543032000104";"Concessão";"GO";"Centro Oeste";"2029";"Melhoria";"";",00";"203370488,92"
"2026-06-26 13:43:48.523000000";"Enel GO";"01543032000104";"Concessão";"GO";"Centro Oeste";"2029";"Renovação";"";",00";"1035607819,87"
"2026-06-26 13:43:48.523000000";"Enel GO";"01543032000104";"Concessão";"GO";"Centro Oeste";"2030";"Expansão";"";",00";"1990840741,55"
"2026-06-26 13:43:48.523000000";"Enel GO";"01543032000104";"Concessão";"GO";"Centro Oeste";"2030";"Expansão";"Obra com Participação Financeira";",00";"270953137,96"
"2026-06-26 13:43:48.523000000";"Enel GO";"01543032000104";"Concessão";"GO";"Centro Oeste";"2030";"Melhoria";"";",00";"199296835,13"
"2026-06-26 13:43:48.523000000";"Enel GO";"01543032000104";"Concessão";"GO";"Centro Oeste";"2030";"Renovação";"";",00";"930193019,03"
"2026-06-26 13:43:48.523000000";"Enel RJ";"33050071000158";"Concessão";"RJ";"Sudeste";"2016";"Expansão";"";"278878859,95";"263763831,85"
"2026-06-26 13:43:48.523000000";"Enel RJ";"33050071000158";"Concessão";"RJ";"Sudeste";"2016";"Expansão";"Luz Para Todos";"1898955,46";"2991289,70"
"2026-06-26 13:43:48.523000000";"Enel RJ";"33050071000158";"Concessão";"RJ";"Sudeste";"2016";"Expansão";"Obra com Participação Financeira";"3511790,29";"4366893,50"
"2026-06-26 13:43:48.523000000";"Enel RJ";"33050071000158";"Concessão";"RJ";"Sudeste";"2016";"Expansão";"Planejamento Setorial";",00";"2894753,00"
"2026-06-26 13:43:48.523000000";"Enel RJ";"33050071000158";"Concessão";"RJ";"Sudeste";"2016";"Melhoria";"";"441893185,28";"649340830,00"
"2026-06-26 13:43:48.523000000";"Enel RJ";"33050071000158";"Concessão";"RJ";"Sudeste";"2016";"Renovação";"";"43727877,67";"45128914,04"
"2026-06-26 13:43:48.523000000";"Enel RJ";"33050071000158";"Concessão";"RJ";"Sudeste";"2017";"Expansão";"";"345356886,18";"297482642,14"
"2026-06-26 13:43:48.523000000";"Enel RJ";"33050071000158";"Concessão";"RJ";"Sudeste";"2017";"Expansão";"Obra com Participação Financeira";"7317297,10";"5054811,00"
"2026-06-26 13:43:48.523000000";"Enel RJ";"33050071000158";"Concessão";"RJ";"Sudeste";"2017";"Melhoria";"";"377556396,43";"340319208,80"
"2026-06-26 13:43:48.523000000";"Enel RJ";"33050071000158";"Concessão";"RJ";"Sudeste";"2017";"Renovação";"";"73171468,70";"93484022,90"
"2026-06-26 13:43:48.523000000";"Enel RJ";"33050071000158";"Concessão";"RJ";"Sudeste";"2018";"Expansão";"";"290414404,20";"259263460,75"
"2026-06-26 13:43:48.523000000";"Enel RJ";"33050071000158";"Concessão";"RJ";"Sudeste";"2018";"Expansão";"Obra com Participação Financeira";"10306123,23";"3584744,00"
"2026-06-26 13:43:48.523000000";"Enel RJ";"33050071000158";"Concessão";"RJ";"Sudeste";"2018";"Melhoria";"";"195404513,10";"170123193,18"
"2026-06-26 13:43:48.523000000";"Enel RJ";"33050071000158";"Concessão";"RJ";"Sudeste";"2018";"Renovação";"";"77976423,85";"74080230,36"
"2026-06-26 13:43:48.523000000";"Enel RJ";"33050071000158";"Concessão";"RJ";"Sudeste";"2019";"Expansão";"";"207924582,63";"237444679,74"
"2026-06-26 13:43:48.523000000";"Enel RJ";"33050071000158";"Concessão";"RJ";"Sudeste";"2019";"Expansão";"Obra com Participação Financeira";"15076035,77";"5142027,00"
"2026-06-26 13:43:48.523000000";"Enel RJ";"33050071000158";"Concessão";"RJ";"Sudeste";"2019";"Expansão";"Planejamento Setorial";"15139316,50";",00"
"2026-06-26 13:43:48.523000000";"Enel RJ";"33050071000158";"Concessão";"RJ";"Sudeste";"2019";"Melhoria";"";"148767023,20";"212209849,20"
"2026-06-26 13:43:48.523000000";"Enel RJ";"33050071000158";"Concessão";"RJ";"Sudeste";"2019";"Renovação";"";"131327314,05";"132725294,00"
"2026-06-26 13:43:48.523000000";"Enel RJ";"33050071000158";"Concessão";"RJ";"Sudeste";"2020";"Expansão";"";"271924194,50";"298753126,35"
"2026-06-26 13:43:48.523000000";"Enel RJ";"33050071000158";"Concessão";"RJ";"Sudeste";"2020";"Expansão";"Obra com Participação Financeira";"8575726,25";"13682970,50"
"2026-06-26 13:43:48.523000000";"Enel RJ";"33050071000158";"Concessão";"RJ";"Sudeste";"2020";"Expansão";"Planejamento Setorial";"31804800,00";"32042915,00"
"2026-06-26 13:43:48.523000000";"Enel RJ";"33050071000158";"Concessão";"RJ";"Sudeste";"2020";"Melhoria";"";"168405139,83";"218214068,20"
"2026-06-26 13:43:48.523000000";"Enel RJ";"33050071000158";"Concessão";"RJ";"Sudeste";"2020";"Renovação";"";"133687446,21";"110925569,60"
"2026-06-26 13:43:48.523000000";"Enel RJ";"33050071000158";"Concessão";"RJ";"Sudeste";"2021";"Expansão";"";"207637898,28";"313212885,00"
"2026-06-26 13:43:48.523000000";"Enel RJ";"33050071000158";"Concessão";"RJ";"Sudeste";"2021";"Expansão";"Obra com Participação Financeira";"4209641,65";"6109328,00"
"2026-06-26 13:43:48.523000000";"Enel RJ";"33050071000158";"Concessão";"RJ";"Sudeste";"2021";"Expansão";"Planejamento Setorial";"49710722,63";"23278289,00"
"2026-06-26 13:43:48.523000000";"Enel RJ";"33050071000158";"Concessão";"RJ";"Sudeste";"2021";"Melhoria";"";"243213211,92";"267648047,00"
"2026-06-26 13:43:48.523000000";"Enel RJ";"33050071000158";"Concessão";"RJ";"Sudeste";"2021";"Renovação";"";"150804497,66";"142898707,50"
"2026-06-26 13:43:48.523000000";"Enel RJ";"33050071000158";"Concessão";"RJ";"Sudeste";"2022";"Expansão";"";"386464239,20";"306076720,25"
"2026-06-26 13:43:48.523000000";"Enel RJ";"33050071000158";"Concessão";"RJ";"Sudeste";"2022";"Expansão";"Planejamento Setorial";"236306552,99";"109659827,68"
"2026-06-26 13:43:48.523000000";"Enel RJ";"33050071000158";"Concessão";"RJ";"Sudeste";"2022";"Melhoria";"";"183829095,75";"282140173,20"
"2026-06-26 13:43:48.523000000";"Enel RJ";"33050071000158";"Concessão";"RJ";"Sudeste";"2022";"Melhoria";"Planejamento Setorial";"3425585,39";",00"
"2026-06-26 13:43:48.523000000";"Enel RJ";"33050071000158";"Concessão";"RJ";"Sudeste";"2022";"Renovação";"";"186262688,64";"128846154,93"
"2026-06-26 13:43:48.523000000";"Enel RJ";"33050071000158";"Concessão";"RJ";"Sudeste";"2022";"Renovação";"Planejamento Setorial";",00";"135000,00"
"2026-06-26 13:43:48.523000000";"Enel RJ";"33050071000158";"Concessão";"RJ";"Sudeste";"2023";"Expansão";"";"193449735,17";"148865650,61"
"2026-06-26 13:43:48.523000000";"Enel RJ";"33050071000158";"Concessão";"RJ";"Sudeste";"2023";"Expansão";"Planejamento Setorial";"28873962,59";"23580923,13"
"2026-06-26 13:43:48.523000000";"Enel RJ";"33050071000158";"Concessão";"RJ";"Sudeste";"2023";"Melhoria";"";"287776082,99";"423892716,46"
"2026-06-26 13:43:48.523000000";"Enel RJ";"33050071000158";"Concessão";"RJ";"Sudeste";"2023";"Melhoria";"Planejamento Setorial";"3960965,07";",00"
"2026-06-26 13:43:48.523000000";"Enel RJ";"33050071000158";"Concessão";"RJ";"Sudeste";"2023";"Renovação";"";"156000309,42";"178534982,10"
"2026-06-26 13:43:48.523000000";"Enel RJ";"33050071000158";"Concessão";"RJ";"Sudeste";"2023";"Renovação";"Planejamento Setorial";"1007960,75";",00"
"2026-06-26 13:43:48.523000000";"Enel RJ";"33050071000158";"Concessão";"RJ";"Sudeste";"2024";"Expansão";"";"335844667,74";"329325773,62"
"2026-06-26 13:43:48.523000000";"Enel RJ";"33050071000158";"Concessão";"RJ";"Sudeste";"2024";"Expansão";"Planejamento Setorial";"240008797,91";"221741681,30"
"2026-06-26 13:43:48.523000000";"Enel RJ";"33050071000158";"Concessão";"RJ";"Sudeste";"2024";"Melhoria";"";"251518815,32";"264722839,00"
"2026-06-26 13:43:48.523000000";"Enel RJ";"33050071000158";"Concessão";"RJ";"Sudeste";"2024";"Melhoria";"Planejamento Setorial";"1259387,12";"1247921,84"
"2026-06-26 13:43:48.523000000";"Enel RJ";"33050071000158";"Concessão";"RJ";"Sudeste";"2024";"Renovação";"";"33101548,30";"33059308,31"
"2026-06-26 13:43:48.523000000";"Enel RJ";"33050071000158";"Concessão";"RJ";"Sudeste";"2025";"Expansão";"";"433538961,40";"905117957,66"
"2026-06-26 13:43:48.523000000";"Enel RJ";"33050071000158";"Concessão";"RJ";"Sudeste";"2025";"Expansão";"Luz Para Todos";",00";"22280000,00"
"2026-06-26 13:43:48.523000000";"Enel RJ";"33050071000158";"Concessão";"RJ";"Sudeste";"2025";"Expansão";"Obra com Participação Financeira";",00";"8891386,00"
"2026-06-26 13:43:48.523000000";"Enel RJ";"33050071000158";"Concessão";"RJ";"Sudeste";"2025";"Expansão";"Planejamento Setorial";"115426009,09";"147703193,04"
"2026-06-26 13:43:48.523000000";"Enel RJ";"33050071000158";"Concessão";"RJ";"Sudeste";"2025";"Melhoria";"";"576982243,44";"805912871,04"
"2026-06-26 13:43:48.523000000";"Enel RJ";"33050071000158";"Concessão";"RJ";"Sudeste";"2025";"Renovação";"";"17843816,67";"118622710,69"
"2026-06-26 13:43:48.523000000";"Enel RJ";"33050071000158";"Concessão";"RJ";"Sudeste";"2026";"Expansão";"";",00";"543668068,93"
"2026-06-26 13:43:48.523000000";"Enel RJ";"33050071000158";"Concessão";"RJ";"Sudeste";"2026";"Expansão";"Luz Para Todos";",00";"3489251,70"
"2026-06-26 13:43:48.523000000";"Enel RJ";"33050071000158";"Concessão";"RJ";"Sudeste";"2026";"Expansão";"Planejamento Setorial";",00";"95842678,45"
"2026-06-26 13:43:48.523000000";"Enel RJ";"33050071000158";"Concessão";"RJ";"Sudeste";"2026";"Melhoria";"";",00";"266170846,22"
"2026-06-26 13:43:48.523000000";"Enel RJ";"33050071000158";"Concessão";"RJ";"Sudeste";"2026";"Renovação";"";",00";"364786156,89"
"2026-06-26 13:43:48.523000000";"Enel RJ";"33050071000158";"Concessão";"RJ";"Sudeste";"2026";"Renovação";"Planejamento Setorial";",00";"14227250,00"
"2026-06-26 13:43:48.523000000";"Enel RJ";"33050071000158";"Concessão";"RJ";"Sudeste";"2027";"Expansão";"";",00";"551364343,97"
"2026-06-26 13:43:48.523000000";"Enel RJ";"33050071000158";"Concessão";"RJ";"Sudeste";"2027";"Expansão";"Planejamento Setorial";",00";"101515262,70"
"2026-06-26 13:43:48.523000000";"Enel RJ";"33050071000158";"Concessão";"RJ";"Sudeste";"2027";"Melhoria";"";",00";"255372896,30"
"2026-06-26 13:43:48.523000000";"Enel RJ";"33050071000158";"Concessão";"RJ";"Sudeste";"2027";"Renovação";"";",00";"550753858,05"
"2026-06-26 13:43:48.523000000";"Enel RJ";"33050071000158";"Concessão";"RJ";"Sudeste";"2027";"Renovação";"Planejamento Setorial";",00";"10362993,00"
"2026-06-26 13:43:48.523000000";"Enel RJ";"33050071000158";"Concessão";"RJ";"Sudeste";"2028";"Expansão";"";",00";"486328195,94"
"2026-06-26 13:43:48.523000000";"Enel RJ";"33050071000158";"Concessão";"RJ";"Sudeste";"2028";"Expansão";"Planejamento Setorial";",00";"184271365,72"
"2026-06-26 13:43:48.523000000";"Enel RJ";"33050071000158";"Concessão";"RJ";"Sudeste";"2028";"Melhoria";"";",00";"158562872,30"
"2026-06-26 13:43:48.523000000";"Enel RJ";"33050071000158";"Concessão";"RJ";"Sudeste";"2028";"Renovação";"";",00";"594424161,98"
"2026-06-26 13:43:48.523000000";"Enel RJ";"33050071000158";"Concessão";"RJ";"Sudeste";"2028";"Renovação";"Planejamento Setorial";",00";"8413403,00"
"2026-06-26 13:43:48.523000000";"Enel RJ";"33050071000158";"Concessão";"RJ";"Sudeste";"2029";"Expansão";"";",00";"413108837,07"
"2026-06-26 13:43:48.523000000";"Enel RJ";"33050071000158";"Concessão";"RJ";"Sudeste";"2029";"Expansão";"Planejamento Setorial";",00";"155500000,00"
"2026-06-26 13:43:48.523000000";"Enel RJ";"33050071000158";"Concessão";"RJ";"Sudeste";"2029";"Melhoria";"";",00";"168853805,00"
"2026-06-26 13:43:48.523000000";"Enel RJ";"33050071000158";"Concessão";"RJ";"Sudeste";"2029";"Renovação";"";",00";"657337357,33"
"2026-06-26 13:43:48.523000000";"Enel RJ";"33050071000158";"Concessão";"RJ";"Sudeste";"2029";"Renovação";"Planejamento Setorial";",00";"46200000,00"
"2026-06-26 13:43:48.523000000";"Enel RJ";"33050071000158";"Concessão";"RJ";"Sudeste";"2030";"Expansão";"";",00";"536791820,60"
"2026-06-26 13:43:48.523000000";"Enel RJ";"33050071000158";"Concessão";"RJ";"Sudeste";"2030";"Expansão";"Planejamento Setorial";",00";"162955205,37"
"2026-06-26 13:43:48.523000000";"Enel RJ";"33050071000158";"Concessão";"RJ";"Sudeste";"2030";"Melhoria";"";",00";"174899957,00"
"2026-06-26 13:43:48.523000000";"Enel RJ";"33050071000158";"Concessão";"RJ";"Sudeste";"2030";"Renovação";"";",00";"674170976,70"
"2026-06-26 13:43:48.523000000";"Enel RJ";"33050071000158";"Concessão";"RJ";"Sudeste";"2030";"Renovação";"Planejamento Setorial";",00";"47800000,00"
"2026-06-26 13:43:48.523000000";"Enel SP";"61695227000193";"Concessão";"SP";"Sudeste";"2016";"Expansão";"";"59710133,84";"108488067,39"
"2026-06-26 13:43:48.523000000";"Enel SP";"61695227000193";"Concessão";"SP";"Sudeste";"2016";"Expansão";"Obra com Participação Financeira";"102287218,40";"79074006,44"
"2026-06-26 13:43:48.523000000";"Enel SP";"61695227000193";"Concessão";"SP";"Sudeste";"2016";"Expansão";"Planejamento Setorial";"106397210,05";"113731999,09"
"2026-06-26 13:43:48.523000000";"Enel SP";"61695227000193";"Concessão";"SP";"Sudeste";"2016";"Melhoria";"";"176962790,00";"223124874,75"
"2026-06-26 13:43:48.523000000";"Enel SP";"61695227000193";"Concessão";"SP";"Sudeste";"2016";"Melhoria";"Obra com Participação Financeira";"13822925,00";"26131649,00"
"2026-06-26 13:43:48.523000000";"Enel SP";"61695227000193";"Concessão";"SP";"Sudeste";"2016";"Melhoria";"Planejamento Setorial";"22802365,28";"31464350,89"
"2026-06-26 13:43:48.523000000";"Enel SP";"61695227000193";"Concessão";"SP";"Sudeste";"2016";"Renovação";"";"13605359,00";"27631692,00"
"2026-06-26 13:43:48.523000000";"Enel SP";"61695227000193";"Concessão";"SP";"Sudeste";"2016";"Renovação";"Planejamento Setorial";"645301,15";"1748879,77"
"2026-06-26 13:43:48.523000000";"Enel SP";"61695227000193";"Concessão";"SP";"Sudeste";"2017";"Expansão";"";"435139565,49";"350581250,16"
"2026-06-26 13:43:48.523000000";"Enel SP";"61695227000193";"Concessão";"SP";"Sudeste";"2017";"Expansão";"Obra com Participação Financeira";",00";"81258614,69"
"2026-06-26 13:43:48.523000000";"Enel SP";"61695227000193";"Concessão";"SP";"Sudeste";"2017";"Melhoria";"";"437213828,30";"308574519,66"
"2026-06-26 13:43:48.523000000";"Enel SP";"61695227000193";"Concessão";"SP";"Sudeste";"2017";"Melhoria";"Obra com Participação Financeira";",00";"47572938,90"
"2026-06-26 13:43:48.523000000";"Enel SP";"61695227000193";"Concessão";"SP";"Sudeste";"2017";"Renovação";"";"26606222,32";"14188739,00"
"2026-06-26 13:43:48.523000000";"Enel SP";"61695227000193";"Concessão";"SP";"Sudeste";"2018";"Expansão";"";"460660297,00";"430462687,41"
"2026-06-26 13:43:48.523000000";"Enel SP";"61695227000193";"Concessão";"SP";"Sudeste";"2018";"Expansão";"Obra com Participação Financeira";"94222112,99";"82558540,33"
"2026-06-26 13:43:48.523000000";"Enel SP";"61695227000193";"Concessão";"SP";"Sudeste";"2018";"Expansão";"Planejamento Setorial";"40257742,00";"29359117,29"
"2026-06-26 13:43:48.523000000";"Enel SP";"61695227000193";"Concessão";"SP";"Sudeste";"2018";"Melhoria";"";"351095826,07";"365621296,29"
"2026-06-26 13:43:48.523000000";"Enel SP";"61695227000193";"Concessão";"SP";"Sudeste";"2018";"Melhoria";"Obra com Participação Financeira";"27607152,69";"52241503,33"
"2026-06-26 13:43:48.523000000";"Enel SP";"61695227000193";"Concessão";"SP";"Sudeste";"2018";"Renovação";"";"15712140,02";"15303258,87"
"2026-06-26 13:43:48.523000000";"Enel SP";"61695227000193";"Concessão";"SP";"Sudeste";"2019";"Expansão";"";"300961267,45";"251069793,28"
"2026-06-26 13:43:48.523000000";"Enel SP";"61695227000193";"Concessão";"SP";"Sudeste";"2019";"Expansão";"Obra com Participação Financeira";"70660537,75";"98577620,96"
"2026-06-26 13:43:48.523000000";"Enel SP";"61695227000193";"Concessão";"SP";"Sudeste";"2019";"Melhoria";"";"332937529,29";"343972793,99"
"2026-06-26 13:43:48.523000000";"Enel SP";"61695227000193";"Concessão";"SP";"Sudeste";"2019";"Melhoria";"Obra com Participação Financeira";"15319714,55";"10951828,40"
"2026-06-26 13:43:48.523000000";"Enel SP";"61695227000193";"Concessão";"SP";"Sudeste";"2019";"Renovação";"";"644135,00";"5819706,55"
"2026-06-26 13:43:48.523000000";"Enel SP";"61695227000193";"Concessão";"SP";"Sudeste";"2019";"Renovação";"Planejamento Setorial";"18440920,11";"28500817,95"
"2026-06-26 13:43:48.523000000";"Enel SP";"61695227000193";"Concessão";"SP";"Sudeste";"2020";"Expansão";"";"153810360,26";"155970073,10"
"2026-06-26 13:43:48.523000000";"Enel SP";"61695227000193";"Concessão";"SP";"Sudeste";"2020";"Expansão";"Obra com Participação Financeira";"106214088,46";"69777051,79"
"2026-06-26 13:43:48.523000000";"Enel SP";"61695227000193";"Concessão";"SP";"Sudeste";"2020";"Melhoria";"";"362325782,03";"350019060,05"
"2026-06-26 13:43:48.523000000";"Enel SP";"61695227000193";"Concessão";"SP";"Sudeste";"2020";"Melhoria";"Obra com Participação Financeira";"25295194,96";"29175292,51"
"2026-06-26 13:43:48.523000000";"Enel SP";"61695227000193";"Concessão";"SP";"Sudeste";"2020";"Renovação";"";"23701179,14";"67397208,96"
"2026-06-26 13:43:48.523000000";"Enel SP";"61695227000193";"Concessão";"SP";"Sudeste";"2021";"Expansão";"";"168207484,78";"322490713,08"
"2026-06-26 13:43:48.523000000";"Enel SP";"61695227000193";"Concessão";"SP";"Sudeste";"2021";"Expansão";"Obra com Participação Financeira";"95482314,57";"146438651,56"
"2026-06-26 13:43:48.523000000";"Enel SP";"61695227000193";"Concessão";"SP";"Sudeste";"2021";"Expansão";"Planejamento Setorial";"122527,50";"4599997,48"
"2026-06-26 13:43:48.523000000";"Enel SP";"61695227000193";"Concessão";"SP";"Sudeste";"2021";"Melhoria";"";"276237412,09";"500555977,77"
"2026-06-26 13:43:48.523000000";"Enel SP";"61695227000193";"Concessão";"SP";"Sudeste";"2021";"Melhoria";"Obra com Participação Financeira";"23443690,20";"40137948,29"
"2026-06-26 13:43:48.523000000";"Enel SP";"61695227000193";"Concessão";"SP";"Sudeste";"2021";"Renovação";"";"3041617,81";"5375753,78"
"2026-06-26 13:43:48.523000000";"Enel SP";"61695227000193";"Concessão";"SP";"Sudeste";"2022";"Expansão";"";"432431008,81";"428316454,28"
"2026-06-26 13:43:48.523000000";"Enel SP";"61695227000193";"Concessão";"SP";"Sudeste";"2022";"Expansão";"Obra com Participação Financeira";"180594349,97";"152447444,02"
"2026-06-26 13:43:48.523000000";"Enel SP";"61695227000193";"Concessão";"SP";"Sudeste";"2022";"Expansão";"Planejamento Setorial";"316242,74";"737610,91"
"2026-06-26 13:43:48.523000000";"Enel SP";"61695227000193";"Concessão";"SP";"Sudeste";"2022";"Melhoria";"";"485010332,06";"596746180,00"
"2026-06-26 13:43:48.523000000";"Enel SP";"61695227000193";"Concessão";"SP";"Sudeste";"2022";"Melhoria";"Obra com Participação Financeira";"28641609,49";"40080500,94"
"2026-06-26 13:43:48.523000000";"Enel SP";"61695227000193";"Concessão";"SP";"Sudeste";"2022";"Renovação";"";"15072438,03";"75229373,20"
"2026-06-26 13:43:48.523000000";"Enel SP";"61695227000193";"Concessão";"SP";"Sudeste";"2023";"Expansão";"";"181109179,14";"182692736,55"
"2026-06-26 13:43:48.523000000";"Enel SP";"61695227000193";"Concessão";"SP";"Sudeste";"2023";"Expansão";"Obra com Participação Financeira";"190683224,29";"170970314,45"
"2026-06-26 13:43:48.523000000";"Enel SP";"61695227000193";"Concessão";"SP";"Sudeste";"2023";"Melhoria";"";"252284727,22";"290500426,61"
"2026-06-26 13:43:48.523000000";"Enel SP";"61695227000193";"Concessão";"SP";"Sudeste";"2023";"Melhoria";"Obra com Participação Financeira";"40959400,27";"48667482,69"
"2026-06-26 13:43:48.523000000";"Enel SP";"61695227000193";"Concessão";"SP";"Sudeste";"2023";"Renovação";"";"55722926,44";"48093086,02"
"2026-06-26 13:43:48.523000000";"Enel SP";"61695227000193";"Concessão";"SP";"Sudeste";"2024";"Expansão";"";"120634285,61";"201797057,46"
"2026-06-26 13:43:48.523000000";"Enel SP";"61695227000193";"Concessão";"SP";"Sudeste";"2024";"Expansão";"Obra com Participação Financeira";"189634431,13";"356056951,85"
"2026-06-26 13:43:48.523000000";"Enel SP";"61695227000193";"Concessão";"SP";"Sudeste";"2024";"Expansão";"Planejamento Setorial";",00";"7335992,00"
"2026-06-26 13:43:48.523000000";"Enel SP";"61695227000193";"Concessão";"SP";"Sudeste";"2024";"Melhoria";"";"552276560,24";"1149051564,85"
"2026-06-26 13:43:48.523000000";"Enel SP";"61695227000193";"Concessão";"SP";"Sudeste";"2024";"Melhoria";"Obra com Participação Financeira";"29556458,75";"78131261,46"
"2026-06-26 13:43:48.523000000";"Enel SP";"61695227000193";"Concessão";"SP";"Sudeste";"2024";"Renovação";"";"78201704,11";"51991333,86"
"2026-06-26 13:43:48.523000000";"Enel SP";"61695227000193";"Concessão";"SP";"Sudeste";"2025";"Expansão";"";"188402482,41";"360629881,77"
"2026-06-26 13:43:48.523000000";"Enel SP";"61695227000193";"Concessão";"SP";"Sudeste";"2025";"Expansão";"Obra com Participação Financeira";"36782976,24";"71647361,92"
"2026-06-26 13:43:48.523000000";"Enel SP";"61695227000193";"Concessão";"SP";"Sudeste";"2025";"Expansão";"Planejamento Setorial";"6630540,89";"37775925,58"
"2026-06-26 13:43:48.523000000";"Enel SP";"61695227000193";"Concessão";"SP";"Sudeste";"2025";"Melhoria";"";"1163631773,29";"1957206983,25"
"2026-06-26 13:43:48.523000000";"Enel SP";"61695227000193";"Concessão";"SP";"Sudeste";"2025";"Melhoria";"Obra com Participação Financeira";"56077248,72";"125841495,84"
"2026-06-26 13:43:48.523000000";"Enel SP";"61695227000193";"Concessão";"SP";"Sudeste";"2025";"Renovação";"";"48444263,41";"165450790,28"
"2026-06-26 13:43:48.523000000";"Enel SP";"61695227000193";"Concessão";"SP";"Sudeste";"2026";"Expansão";"";",00";"709798898,31"
"2026-06-26 13:43:48.523000000";"Enel SP";"61695227000193";"Concessão";"SP";"Sudeste";"2026";"Expansão";"Obra com Participação Financeira";",00";"104201096,44"
"2026-06-26 13:43:48.523000000";"Enel SP";"61695227000193";"Concessão";"SP";"Sudeste";"2026";"Melhoria";"";",00";"710000000,00"
"2026-06-26 13:43:48.523000000";"Enel SP";"61695227000193";"Concessão";"SP";"Sudeste";"2026";"Renovação";"";",00";"1479999697,14"
"2026-06-26 13:43:48.523000000";"Enel SP";"61695227000193";"Concessão";"SP";"Sudeste";"2027";"Expansão";"";",00";"459321397,84"
"2026-06-26 13:43:48.523000000";"Enel SP";"61695227000193";"Concessão";"SP";"Sudeste";"2027";"Expansão";"Obra com Participação Financeira";",00";"173921766,88"
"2026-06-26 13:43:48.523000000";"Enel SP";"61695227000193";"Concessão";"SP";"Sudeste";"2027";"Melhoria";"";",00";"1841858525,00"
"2026-06-26 13:43:48.523000000";"Enel SP";"61695227000193";"Concessão";"SP";"Sudeste";"2027";"Renovação";"";",00";"1503956596,25"
"2026-06-26 13:43:48.523000000";"Enel SP";"61695227000193";"Concessão";"SP";"Sudeste";"2028";"Expansão";"";",00";"907874440,60"
"2026-06-26 13:43:48.523000000";"Enel SP";"61695227000193";"Concessão";"SP";"Sudeste";"2028";"Expansão";"Obra com Participação Financeira";",00";"124080008,20"
"2026-06-26 13:43:48.523000000";"Enel SP";"61695227000193";"Concessão";"SP";"Sudeste";"2028";"Melhoria";"";",00";"2940465070,00"
"2026-06-26 13:43:48.523000000";"Enel SP";"61695227000193";"Concessão";"SP";"Sudeste";"2028";"Renovação";"";",00";"1631127829,96"
"2026-06-26 13:43:48.523000000";"Enel SP";"61695227000193";"Concessão";"SP";"Sudeste";"2029";"Expansão";"";",00";"500407891,57"
"2026-06-26 13:43:48.523000000";"Enel SP";"61695227000193";"Concessão";"SP";"Sudeste";"2029";"Expansão";"Obra com Participação Financeira";",00";"131813498,90"
"2026-06-26 13:43:48.523000000";"Enel SP";"61695227000193";"Concessão";"SP";"Sudeste";"2029";"Expansão";"Planejamento Setorial";",00";"144716103,10"
"2026-06-26 13:43:48.523000000";"Enel SP";"61695227000193";"Concessão";"SP";"Sudeste";"2029";"Melhoria";"";",00";"6387774675,00"
"2026-06-26 13:43:48.523000000";"Enel SP";"61695227000193";"Concessão";"SP";"Sudeste";"2029";"Renovação";"";",00";"1461208236,61"
"2026-06-26 13:43:48.523000000";"Enel SP";"61695227000193";"Concessão";"SP";"Sudeste";"2030";"Expansão";"";",00";"1023939302,05"
"2026-06-26 13:43:48.523000000";"Enel SP";"61695227000193";"Concessão";"SP";"Sudeste";"2030";"Expansão";"Obra com Participação Financeira";",00";"137765170,90"
"2026-06-26 13:43:48.523000000";"Enel SP";"61695227000193";"Concessão";"SP";"Sudeste";"2030";"Melhoria";"";",00";"6549720881,00"
"2026-06-26 13:43:48.523000000";"Enel SP";"61695227000193";"Concessão";"SP";"Sudeste";"2030";"Renovação";"";",00";"1373574649,16"
"2026-06-26 13:43:48.523000000";"Energisa AC";"04065033000170";"Concessão";"AC";"Norte";"2016";"Expansão";"";"23094201,51";",00"
"2026-06-26 13:43:48.523000000";"Energisa AC";"04065033000170";"Concessão";"AC";"Norte";"2016";"Expansão";"Luz Para Todos";"29416000,00";",00"
"2026-06-26 13:43:48.523000000";"Energisa AC";"04065033000170";"Concessão";"AC";"Norte";"2016";"Melhoria";"";"3220955,52";",00"
"2026-06-26 13:43:48.523000000";"Energisa AC";"04065033000170";"Concessão";"AC";"Norte";"2016";"Renovação";"";"4799461,30";",00"
"2026-06-26 13:43:48.523000000";"Energisa AC";"04065033000170";"Concessão";"AC";"Norte";"2017";"Expansão";"";"25587359,91";"33428505,60"
"2026-06-26 13:43:48.523000000";"Energisa AC";"04065033000170";"Concessão";"AC";"Norte";"2017";"Expansão";"Luz Para Todos";"34501140,96";"39211296,84"
"2026-06-26 13:43:48.523000000";"Energisa AC";"04065033000170";"Concessão";"AC";"Norte";"2017";"Melhoria";"";"20902794,16";",00"
"2026-06-26 13:43:48.523000000";"Energisa AC";"04065033000170";"Concessão";"AC";"Norte";"2017";"Renovação";"";"14899993,67";"6719832,33"
"2026-06-26 13:43:48.523000000";"Energisa AC";"04065033000170";"Concessão";"AC";"Norte";"2018";"Expansão";"";"31401060,60";"59496032,21"
"2026-06-26 13:43:48.523000000";"Energisa AC";"04065033000170";"Concessão";"AC";"Norte";"2018";"Expansão";"Luz Para Todos";"18729889,40";"24999984,68"
"2026-06-26 13:43:48.523000000";"Energisa AC";"04065033000170";"Concessão";"AC";"Norte";"2018";"Expansão";"Obra com Participação Financeira";"124205,38";",00"
"2026-06-26 13:43:48.523000000";"Energisa AC";"04065033000170";"Concessão";"AC";"Norte";"2018";"Melhoria";"";"988676,21";"1751598,63"
"2026-06-26 13:43:48.523000000";"Energisa AC";"04065033000170";"Concessão";"AC";"Norte";"2018";"Renovação";"";"3620222,92";"7062760,35"
"2026-06-26 13:43:48.523000000";"Energisa AC";"04065033000170";"Concessão";"AC";"Norte";"2019";"Expansão";"";"59684664,09";"40074407,69"
"2026-06-26 13:43:48.523000000";"Energisa AC";"04065033000170";"Concessão";"AC";"Norte";"2019";"Expansão";"Luz Para Todos";"29608172,77";"46126168,25"
"2026-06-26 13:43:48.523000000";"Energisa AC";"04065033000170";"Concessão";"AC";"Norte";"2019";"Melhoria";"";"45299752,49";"18215101,82"
"2026-06-26 13:43:48.523000000";"Energisa AC";"04065033000170";"Concessão";"AC";"Norte";"2019";"Renovação";"";"12854595,20";"9525850,67"
"2026-06-26 13:43:48.523000000";"Energisa AC";"04065033000170";"Concessão";"AC";"Norte";"2020";"Expansão";"";"8157727,25";"17707100,59"
"2026-06-26 13:43:48.523000000";"Energisa AC";"04065033000170";"Concessão";"AC";"Norte";"2020";"Expansão";"Luz Para Todos";"37383004,48";"22945551,29"
"2026-06-26 13:43:48.523000000";"Energisa AC";"04065033000170";"Concessão";"AC";"Norte";"2020";"Expansão";"Obra com Participação Financeira";"1272839,26";"93390054,07"
"2026-06-26 13:43:48.523000000";"Energisa AC";"04065033000170";"Concessão";"AC";"Norte";"2020";"Melhoria";"";"32712471,11";"28474841,34"
"2026-06-26 13:43:48.523000000";"Energisa AC";"04065033000170";"Concessão";"AC";"Norte";"2020";"Renovação";"";"5958865,73";"5243679,75"
"2026-06-26 13:43:48.523000000";"Energisa AC";"04065033000170";"Concessão";"AC";"Norte";"2021";"Expansão";"";"35449189,35";"30300945,68"
"2026-06-26 13:43:48.523000000";"Energisa AC";"04065033000170";"Concessão";"AC";"Norte";"2021";"Expansão";"Luz Para Todos";"41438411,02";"59510397,72"
"2026-06-26 13:43:48.523000000";"Energisa AC";"04065033000170";"Concessão";"AC";"Norte";"2021";"Expansão";"Obra com Participação Financeira";"69790838,04";"69648346,31"
"2026-06-26 13:43:48.523000000";"Energisa AC";"04065033000170";"Concessão";"AC";"Norte";"2021";"Expansão";"Planejamento Setorial";"21494707,65";"21494707,65"
"2026-06-26 13:43:48.523000000";"Energisa AC";"04065033000170";"Concessão";"AC";"Norte";"2021";"Melhoria";"";"61825016,92";"35558737,81"
"2026-06-26 13:43:48.523000000";"Energisa AC";"04065033000170";"Concessão";"AC";"Norte";"2021";"Renovação";"";"13295046,09";"4958158,65"
"2026-06-26 13:43:48.523000000";"Energisa AC";"04065033000170";"Concessão";"AC";"Norte";"2022";"Expansão";"";"41088693,62";"44402750,00"
"2026-06-26 13:43:48.523000000";"Energisa AC";"04065033000170";"Concessão";"AC";"Norte";"2022";"Expansão";"Luz Para Todos";"21694237,16";"128591339,41"
"2026-06-26 13:43:48.523000000";"Energisa AC";"04065033000170";"Concessão";"AC";"Norte";"2022";"Expansão";"Obra com Participação Financeira";"1046974,30";"1206892,60"
"2026-06-26 13:43:48.523000000";"Energisa AC";"04065033000170";"Concessão";"AC";"Norte";"2022";"Melhoria";"";"48345653,64";"42968782,69"
"2026-06-26 13:43:48.523000000";"Energisa AC";"04065033000170";"Concessão";"AC";"Norte";"2022";"Renovação";"";"17630902,35";"14684864,60"
"2026-06-26 13:43:48.523000000";"Energisa AC";"04065033000170";"Concessão";"AC";"Norte";"2023";"Expansão";"";"273840654,55";"236923671,97"
"2026-06-26 13:43:48.523000000";"Energisa AC";"04065033000170";"Concessão";"AC";"Norte";"2023";"Expansão";"Luz Para Todos";"57658395,85";"230578071,49"
"2026-06-26 13:43:48.523000000";"Energisa AC";"04065033000170";"Concessão";"AC";"Norte";"2023";"Expansão";"Obra com Participação Financeira";"93712778,58";"81308929,40"
"2026-06-26 13:43:48.523000000";"Energisa AC";"04065033000170";"Concessão";"AC";"Norte";"2023";"Melhoria";"";"57641545,23";"64914960,85"
"2026-06-26 13:43:48.523000000";"Energisa AC";"04065033000170";"Concessão";"AC";"Norte";"2023";"Renovação";"";"29380737,67";"34361208,91"
"2026-06-26 13:43:48.523000000";"Energisa AC";"04065033000170";"Concessão";"AC";"Norte";"2023";"Renovação";"Luz Para Todos";",00";"623993,89"
"2026-06-26 13:43:48.523000000";"Energisa AC";"04065033000170";"Concessão";"AC";"Norte";"2024";"Expansão";"";"68061566,57";"95530455,53"
"2026-06-26 13:43:48.523000000";"Energisa AC";"04065033000170";"Concessão";"AC";"Norte";"2024";"Expansão";"Luz Para Todos";"381583060,34";"414167763,31"
"2026-06-26 13:43:48.523000000";"Energisa AC";"04065033000170";"Concessão";"AC";"Norte";"2024";"Expansão";"Obra com Participação Financeira";"7693149,36";"11485972,19"
"2026-06-26 13:43:48.523000000";"Energisa AC";"04065033000170";"Concessão";"AC";"Norte";"2024";"Expansão";"Planejamento Setorial";"67280133,11";"66755547,77"
"2026-06-26 13:43:48.523000000";"Energisa AC";"04065033000170";"Concessão";"AC";"Norte";"2024";"Melhoria";"";"50132794,63";"90486032,63"
"2026-06-26 13:43:48.523000000";"Energisa AC";"04065033000170";"Concessão";"AC";"Norte";"2024";"Melhoria";"Planejamento Setorial";",00";"1415,20"
"2026-06-26 13:43:48.523000000";"Energisa AC";"04065033000170";"Concessão";"AC";"Norte";"2024";"Renovação";"";"49254361,95";"45487399,22"
"2026-06-26 13:43:48.523000000";"Energisa AC";"04065033000170";"Concessão";"AC";"Norte";"2024";"Renovação";"Planejamento Setorial";"3339827,11";"5017047,99"
"2026-06-26 13:43:48.523000000";"Energisa AC";"04065033000170";"Concessão";"AC";"Norte";"2025";"Expansão";"";"75624210,70";"535328289,44"
"2026-06-26 13:43:48.523000000";"Energisa AC";"04065033000170";"Concessão";"AC";"Norte";"2025";"Expansão";"Luz Para Todos";"166426510,60";"222713404,06"
"2026-06-26 13:43:48.523000000";"Energisa AC";"04065033000170";"Concessão";"AC";"Norte";"2025";"Expansão";"Obra com Participação Financeira";"104617465,74";"101967776,05"
"2026-06-26 13:43:48.523000000";"Energisa AC";"04065033000170";"Concessão";"AC";"Norte";"2025";"Expansão";"Planejamento Setorial";",00";"500806,23"
"2026-06-26 13:43:48.523000000";"Energisa AC";"04065033000170";"Concessão";"AC";"Norte";"2025";"Melhoria";"";"59332363,57";"86827572,88"
"2026-06-26 13:43:48.523000000";"Energisa AC";"04065033000170";"Concessão";"AC";"Norte";"2025";"Melhoria";"Planejamento Setorial";"6061332,77";",00"
"2026-06-26 13:43:48.523000000";"Energisa AC";"04065033000170";"Concessão";"AC";"Norte";"2025";"Renovação";"";"41343904,13";"39343945,50"
"2026-06-26 13:43:48.523000000";"Energisa AC";"04065033000170";"Concessão";"AC";"Norte";"2025";"Renovação";"Planejamento Setorial";"112277,62";"193168,20"
"2026-06-26 13:43:48.523000000";"Energisa AC";"04065033000170";"Concessão";"AC";"Norte";"2026";"Expansão";"";",00";"105694341,66"
"2026-06-26 13:43:48.523000000";"Energisa AC";"04065033000170";"Concessão";"AC";"Norte";"2026";"Expansão";"Luz Para Todos";",00";"241113257,26"
"2026-06-26 13:43:48.523000000";"Energisa AC";"04065033000170";"Concessão";"AC";"Norte";"2026";"Expansão";"Obra com Participação Financeira";",00";"13352353,98"
"2026-06-26 13:43:48.523000000";"Energisa AC";"04065033000170";"Concessão";"AC";"Norte";"2026";"Expansão";"Planejamento Setorial";",00";"11764443,88"
"2026-06-26 13:43:48.523000000";"Energisa AC";"04065033000170";"Concessão";"AC";"Norte";"2026";"Melhoria";"";",00";"51564607,59"
"2026-06-26 13:43:48.523000000";"Energisa AC";"04065033000170";"Concessão";"AC";"Norte";"2026";"Melhoria";"Planejamento Setorial";",00";"34586715,80"
"2026-06-26 13:43:48.523000000";"Energisa AC";"04065033000170";"Concessão";"AC";"Norte";"2026";"Renovação";"";",00";"24064361,69"
"2026-06-26 13:43:48.523000000";"Energisa AC";"04065033000170";"Concessão";"AC";"Norte";"2026";"Renovação";"Planejamento Setorial";",00";"22783179,48"
"2026-06-26 13:43:48.523000000";"Energisa AC";"04065033000170";"Concessão";"AC";"Norte";"2027";"Expansão";"";",00";"62494355,42"
"2026-06-26 13:43:48.523000000";"Energisa AC";"04065033000170";"Concessão";"AC";"Norte";"2027";"Expansão";"Luz Para Todos";",00";"137006651,67"
"2026-06-26 13:43:48.523000000";"Energisa AC";"04065033000170";"Concessão";"AC";"Norte";"2027";"Expansão";"Obra com Participação Financeira";",00";"42645146,46"
"2026-06-26 13:43:48.523000000";"Energisa AC";"04065033000170";"Concessão";"AC";"Norte";"2027";"Expansão";"Planejamento Setorial";",00";"22191081,61"
"2026-06-26 13:43:48.523000000";"Energisa AC";"04065033000170";"Concessão";"AC";"Norte";"2027";"Melhoria";"";",00";"39603001,77"
"2026-06-26 13:43:48.523000000";"Energisa AC";"04065033000170";"Concessão";"AC";"Norte";"2027";"Melhoria";"Planejamento Setorial";",00";"29027278,70"
"2026-06-26 13:43:48.523000000";"Energisa AC";"04065033000170";"Concessão";"AC";"Norte";"2027";"Renovação";"";",00";"22032754,02"
"2026-06-26 13:43:48.523000000";"Energisa AC";"04065033000170";"Concessão";"AC";"Norte";"2027";"Renovação";"Planejamento Setorial";",00";"35183426,42"
"2026-06-26 13:43:48.523000000";"Energisa AC";"04065033000170";"Concessão";"AC";"Norte";"2028";"Expansão";"";",00";"62919966,36"
"2026-06-26 13:43:48.523000000";"Energisa AC";"04065033000170";"Concessão";"AC";"Norte";"2028";"Expansão";"Obra com Participação Financeira";",00";"24199424,52"
"2026-06-26 13:43:48.523000000";"Energisa AC";"04065033000170";"Concessão";"AC";"Norte";"2028";"Expansão";"Planejamento Setorial";",00";"18312607,20"
"2026-06-26 13:43:48.523000000";"Energisa AC";"04065033000170";"Concessão";"AC";"Norte";"2028";"Melhoria";"";",00";"101054549,83"
"2026-06-26 13:43:48.523000000";"Energisa AC";"04065033000170";"Concessão";"AC";"Norte";"2028";"Melhoria";"Planejamento Setorial";",00";"5532609,45"
"2026-06-26 13:43:48.523000000";"Energisa AC";"04065033000170";"Concessão";"AC";"Norte";"2028";"Renovação";"";",00";"49419974,72"
"2026-06-26 13:43:48.523000000";"Energisa AC";"04065033000170";"Concessão";"AC";"Norte";"2028";"Renovação";"Planejamento Setorial";",00";"3073171,46"
"2026-06-26 13:43:48.523000000";"Energisa AC";"04065033000170";"Concessão";"AC";"Norte";"2029";"Expansão";"";",00";"17752473,92"
"2026-06-26 13:43:48.523000000";"Energisa AC";"04065033000170";"Concessão";"AC";"Norte";"2029";"Expansão";"Obra com Participação Financeira";",00";"1117115,20"
"2026-06-26 13:43:48.523000000";"Energisa AC";"04065033000170";"Concessão";"AC";"Norte";"2029";"Expansão";"Planejamento Setorial";",00";"8870478,77"
"2026-06-26 13:43:48.523000000";"Energisa AC";"04065033000170";"Concessão";"AC";"Norte";"2029";"Melhoria";"";",00";"4229492,05"
"2026-06-26 13:43:48.523000000";"Energisa AC";"04065033000170";"Concessão";"AC";"Norte";"2029";"Melhoria";"Planejamento Setorial";",00";"45324070,54"
"2026-06-26 13:43:48.523000000";"Energisa AC";"04065033000170";"Concessão";"AC";"Norte";"2029";"Renovação";"";",00";"16208282,71"
"2026-06-26 13:43:48.523000000";"Energisa AC";"04065033000170";"Concessão";"AC";"Norte";"2029";"Renovação";"Planejamento Setorial";",00";"11673249,84"
"2026-06-26 13:43:48.523000000";"Energisa AC";"04065033000170";"Concessão";"AC";"Norte";"2030";"Expansão";"Planejamento Setorial";",00";"12872459,70"
"2026-06-26 13:43:48.523000000";"Energisa AC";"04065033000170";"Concessão";"AC";"Norte";"2030";"Melhoria";"Planejamento Setorial";",00";"52077779,26"
"2026-06-26 13:43:48.523000000";"Energisa AC";"04065033000170";"Concessão";"AC";"Norte";"2030";"Renovação";"";",00";"10258024,20"
"2026-06-26 13:43:48.523000000";"Energisa AC";"04065033000170";"Concessão";"AC";"Norte";"2030";"Renovação";"Planejamento Setorial";",00";"5104590,14"
"2026-06-26 13:43:48.523000000";"Energisa Borborema";"08826596000195";"Concessão";"PB";"Nordeste";"2016";"Expansão";"";"11989741,23";",00"
"2026-06-26 13:43:48.523000000";"Energisa Borborema";"08826596000195";"Concessão";"PB";"Nordeste";"2016";"Expansão";"";"11989741,23";"11260256,92"
"2026-06-26 13:43:48.523000000";"Energisa Borborema";"08826596000195";"Concessão";"PB";"Nordeste";"2016";"Melhoria";"";"6180172,71";",00"
"2026-06-26 13:43:48.523000000";"Energisa Borborema";"08826596000195";"Concessão";"PB";"Nordeste";"2016";"Melhoria";"";"6180172,71";"3987565,24"
"2026-06-26 13:43:48.523000000";"Energisa Borborema";"08826596000195";"Concessão";"PB";"Nordeste";"2016";"Renovação";"";"2547335,72";",00"
"2026-06-26 13:43:48.523000000";"Energisa Borborema";"08826596000195";"Concessão";"PB";"Nordeste";"2016";"Renovação";"";"2547335,72";"2971472,10"
"2026-06-26 13:43:48.523000000";"Energisa Borborema";"08826596000195";"Concessão";"PB";"Nordeste";"2017";"Expansão";"";",00";"6406595,58"
"2026-06-26 13:43:48.523000000";"Energisa Borborema";"08826596000195";"Concessão";"PB";"Nordeste";"2017";"Expansão";"";",00";"6406595,59"
"2026-06-26 13:43:48.523000000";"Energisa Borborema";"08826596000195";"Concessão";"PB";"Nordeste";"2017";"Melhoria";"";",00";"1174387,14"
"2026-06-26 13:43:48.523000000";"Energisa Borborema";"08826596000195";"Concessão";"PB";"Nordeste";"2017";"Melhoria";"";",00";"1174387,15"
"2026-06-26 13:43:48.523000000";"Energisa Borborema";"08826596000195";"Concessão";"PB";"Nordeste";"2017";"Renovação";"";",00";"3751675,23"
"2026-06-26 13:43:48.523000000";"Energisa Borborema";"08826596000195";"Concessão";"PB";"Nordeste";"2017";"Renovação";"";",00";"3751675,28"
"2026-06-26 13:43:48.523000000";"Energisa Borborema";"08826596000195";"Concessão";"PB";"Nordeste";"2018";"Expansão";"";"11556167,51";"5845253,53"
"2026-06-26 13:43:48.523000000";"Energisa Borborema";"08826596000195";"Concessão";"PB";"Nordeste";"2018";"Expansão";"Obra com Participação Financeira";"20550,92";",00"
"2026-06-26 13:43:48.523000000";"Energisa Borborema";"08826596000195";"Concessão";"PB";"Nordeste";"2018";"Melhoria";"";"1563462,55";"1846580,59"
"2026-06-26 13:43:48.523000000";"Energisa Borborema";"08826596000195";"Concessão";"PB";"Nordeste";"2018";"Renovação";"";"4621327,39";"4780713,44"
"2026-06-26 13:43:48.523000000";"Energisa Borborema";"08826596000195";"Concessão";"PB";"Nordeste";"2019";"Expansão";"";"4461414,69";"4559782,25"
"2026-06-26 13:43:48.523000000";"Energisa Borborema";"08826596000195";"Concessão";"PB";"Nordeste";"2019";"Expansão";"Obra com Participação Financeira";"2016239,77";"2207341,09"
"2026-06-26 13:43:48.523000000";"Energisa Borborema";"08826596000195";"Concessão";"PB";"Nordeste";"2019";"Melhoria";"";"1363427,59";"1727510,68"
"2026-06-26 13:43:48.523000000";"Energisa Borborema";"08826596000195";"Concessão";"PB";"Nordeste";"2019";"Renovação";"";"8104648,57";"5619238,09"
"2026-06-26 13:43:48.523000000";"Energisa Borborema";"08826596000195";"Concessão";"PB";"Nordeste";"2020";"Expansão";"";"3723543,38";"3481049,16"
"2026-06-26 13:43:48.523000000";"Energisa Borborema";"08826596000195";"Concessão";"PB";"Nordeste";"2020";"Expansão";"Obra com Participação Financeira";"180689,20";"6522,60"
"2026-06-26 13:43:48.523000000";"Energisa Borborema";"08826596000195";"Concessão";"PB";"Nordeste";"2020";"Melhoria";"";"1128696,60";"1303979,64"
"2026-06-26 13:43:48.523000000";"Energisa Borborema";"08826596000195";"Concessão";"PB";"Nordeste";"2020";"Renovação";"";"7972431,23";"6490302,55"
"2026-06-26 13:43:48.523000000";"Energisa Borborema";"08826596000195";"Concessão";"PB";"Nordeste";"2021";"Expansão";"";"6655191,88";"4334262,94"
"2026-06-26 13:43:48.523000000";"Energisa Borborema";"08826596000195";"Concessão";"PB";"Nordeste";"2021";"Expansão";"Obra com Participação Financeira";"958416,78";",00"
"2026-06-26 13:43:48.523000000";"Energisa Borborema";"08826596000195";"Concessão";"PB";"Nordeste";"2021";"Melhoria";"";"617403,13";"512249,86"
"2026-06-26 13:43:48.523000000";"Energisa Borborema";"08826596000195";"Concessão";"PB";"Nordeste";"2021";"Renovação";"";"6825720,29";"7024489,98"
"2026-06-26 13:43:48.523000000";"Energisa Borborema";"08826596000195";"Concessão";"PB";"Nordeste";"2022";"Expansão";"";"8223901,81";"6436022,20"
"2026-06-26 13:43:48.523000000";"Energisa Borborema";"08826596000195";"Concessão";"PB";"Nordeste";"2022";"Expansão";"Obra com Participação Financeira";"1966104,59";",00"
"2026-06-26 13:43:48.523000000";"Energisa Borborema";"08826596000195";"Concessão";"PB";"Nordeste";"2022";"Melhoria";"";"888008,86";"1228228,45"
"2026-06-26 13:43:48.523000000";"Energisa Borborema";"08826596000195";"Concessão";"PB";"Nordeste";"2022";"Renovação";"";"9884070,00";"8723142,41"
"2026-06-26 13:43:48.523000000";"Energisa Borborema";"08826596000195";"Concessão";"PB";"Nordeste";"2023";"Expansão";"";",00";"12070073,83"
"2026-06-26 13:43:48.523000000";"Energisa Borborema";"08826596000195";"Concessão";"PB";"Nordeste";"2023";"Melhoria";"";",00";"2054447,69"
"2026-06-26 13:43:48.523000000";"Energisa Borborema";"08826596000195";"Concessão";"PB";"Nordeste";"2023";"Renovação";"";",00";"16215748,68"
"2026-06-26 13:43:48.523000000";"Energisa MG";"19527639000158";"Concessão";"MG";"Sudeste";"2016";"Expansão";"";"10551787,80";",00"
"2026-06-26 13:43:48.523000000";"Energisa MG";"19527639000158";"Concessão";"MG";"Sudeste";"2016";"Expansão";"";"10551787,80";"19931465,23"
"2026-06-26 13:43:48.523000000";"Energisa MG";"19527639000158";"Concessão";"MG";"Sudeste";"2016";"Expansão";"Obra com Participação Financeira";"3446729,46";",00"
"2026-06-26 13:43:48.523000000";"Energisa MG";"19527639000158";"Concessão";"MG";"Sudeste";"2016";"Expansão";"Obra com Participação Financeira";"3446729,46";"2156236,51"
"2026-06-26 13:43:48.523000000";"Energisa MG";"19527639000158";"Concessão";"MG";"Sudeste";"2016";"Melhoria";"";"5921004,53";",00"
"2026-06-26 13:43:48.523000000";"Energisa MG";"19527639000158";"Concessão";"MG";"Sudeste";"2016";"Melhoria";"";"5921004,53";"7338465,47"
"2026-06-26 13:43:48.523000000";"Energisa MG";"19527639000158";"Concessão";"MG";"Sudeste";"2016";"Renovação";"";"6874329,42";",00"
"2026-06-26 13:43:48.523000000";"Energisa MG";"19527639000158";"Concessão";"MG";"Sudeste";"2016";"Renovação";"";"6874329,42";"7714142,87"
"2026-06-26 13:43:48.523000000";"Energisa MG";"19527639000158";"Concessão";"MG";"Sudeste";"2017";"Expansão";"";",00";"9929381,77"
"2026-06-26 13:43:48.523000000";"Energisa MG";"19527639000158";"Concessão";"MG";"Sudeste";"2017";"Expansão";"";"11114672,23";"9929381,56"
"2026-06-26 13:43:48.523000000";"Energisa MG";"19527639000158";"Concessão";"MG";"Sudeste";"2017";"Expansão";"Obra com Participação Financeira";",00";"4754511,98"
"2026-06-26 13:43:48.523000000";"Energisa MG";"19527639000158";"Concessão";"MG";"Sudeste";"2017";"Expansão";"Obra com Participação Financeira";",00";"4754512,23"
"2026-06-26 13:43:48.523000000";"Energisa MG";"19527639000158";"Concessão";"MG";"Sudeste";"2017";"Melhoria";"";",00";"10336739,45"
"2026-06-26 13:43:48.523000000";"Energisa MG";"19527639000158";"Concessão";"MG";"Sudeste";"2017";"Melhoria";"";"85018,89";"10336739,97"
"2026-06-26 13:43:48.523000000";"Energisa MG";"19527639000158";"Concessão";"MG";"Sudeste";"2017";"Renovação";"";",00";"12861043,05"
"2026-06-26 13:43:48.523000000";"Energisa MG";"19527639000158";"Concessão";"MG";"Sudeste";"2017";"Renovação";"";",00";"12861043,05"
"2026-06-26 13:43:48.523000000";"Energisa MG";"19527639000158";"Concessão";"MG";"Sudeste";"2018";"Expansão";"";"9979605,34";"13827896,00"
"2026-06-26 13:43:48.523000000";"Energisa MG";"19527639000158";"Concessão";"MG";"Sudeste";"2018";"Expansão";"Obra com Participação Financeira";"19627773,92";"5408127,53"
"2026-06-26 13:43:48.523000000";"Energisa MG";"19527639000158";"Concessão";"MG";"Sudeste";"2018";"Melhoria";"";"11799182,71";"11216895,71"
"2026-06-26 13:43:48.523000000";"Energisa MG";"19527639000158";"Concessão";"MG";"Sudeste";"2018";"Renovação";"";"14350784,73";"17687970,66"
"2026-06-26 13:43:48.523000000";"Energisa MG";"19527639000158";"Concessão";"MG";"Sudeste";"2019";"Expansão";"";"21698111,21";"22123491,63"
"2026-06-26 13:43:48.523000000";"Energisa MG";"19527639000158";"Concessão";"MG";"Sudeste";"2019";"Expansão";"Obra com Participação Financeira";"10797835,31";"12035934,49"
"2026-06-26 13:43:48.523000000";"Energisa MG";"19527639000158";"Concessão";"MG";"Sudeste";"2019";"Melhoria";"";"18525801,03";"17884827,07"
"2026-06-26 13:43:48.523000000";"Energisa MG";"19527639000158";"Concessão";"MG";"Sudeste";"2019";"Renovação";"";"15616307,39";"13985230,03"
"2026-06-26 13:43:48.523000000";"Energisa MG";"19527639000158";"Concessão";"MG";"Sudeste";"2020";"Expansão";"";"37195836,91";"41233189,54"
"2026-06-26 13:43:48.523000000";"Energisa MG";"19527639000158";"Concessão";"MG";"Sudeste";"2020";"Expansão";"Obra com Participação Financeira";"9301340,82";"16591228,72"
"2026-06-26 13:43:48.523000000";"Energisa MG";"19527639000158";"Concessão";"MG";"Sudeste";"2020";"Melhoria";"";"16531008,36";"15873404,60"
"2026-06-26 13:43:48.523000000";"Energisa MG";"19527639000158";"Concessão";"MG";"Sudeste";"2020";"Renovação";"";"27245981,32";"23158437,55"
"2026-06-26 13:43:48.523000000";"Energisa MG";"19527639000158";"Concessão";"MG";"Sudeste";"2021";"Expansão";"";"17292361,50";"16155677,29"
"2026-06-26 13:43:48.523000000";"Energisa MG";"19527639000158";"Concessão";"MG";"Sudeste";"2021";"Expansão";"Obra com Participação Financeira";"15416686,65";"17035597,85"
"2026-06-26 13:43:48.523000000";"Energisa MG";"19527639000158";"Concessão";"MG";"Sudeste";"2021";"Melhoria";"";"13365384,46";"14751514,40"
"2026-06-26 13:43:48.523000000";"Energisa MG";"19527639000158";"Concessão";"MG";"Sudeste";"2021";"Renovação";"";"18118411,85";"18411944,19"
"2026-06-26 13:43:48.523000000";"Energisa MG";"19527639000158";"Concessão";"MG";"Sudeste";"2022";"Expansão";"";"24085062,10";"25163888,28"
"2026-06-26 13:43:48.523000000";"Energisa MG";"19527639000158";"Concessão";"MG";"Sudeste";"2022";"Expansão";"Obra com Participação Financeira";"16594663,39";"14396076,90"
"2026-06-26 13:43:48.523000000";"Energisa MG";"19527639000158";"Concessão";"MG";"Sudeste";"2022";"Melhoria";"";"22957198,78";"25551686,50"
"2026-06-26 13:43:48.523000000";"Energisa MG";"19527639000158";"Concessão";"MG";"Sudeste";"2022";"Renovação";"";"25370219,91";"22022831,46"
"2026-06-26 13:43:48.523000000";"Energisa MG";"19527639000158";"Concessão";"MG";"Sudeste";"2023";"Expansão";"";"28574153,89";"25993596,98"
"2026-06-26 13:43:48.523000000";"Energisa MG";"19527639000158";"Concessão";"MG";"Sudeste";"2023";"Expansão";"Obra com Participação Financeira";"28147468,15";"47583223,44"
"2026-06-26 13:43:48.523000000";"Energisa MG";"19527639000158";"Concessão";"MG";"Sudeste";"2023";"Melhoria";"";"46228165,13";"43905370,22"
"2026-06-26 13:43:48.523000000";"Energisa MG";"19527639000158";"Concessão";"MG";"Sudeste";"2023";"Renovação";"";"46712415,56";"47878347,49"
"2026-06-26 13:43:48.523000000";"Energisa MG";"19527639000158";"Concessão";"MG";"Sudeste";"2024";"Expansão";"";"37208353,91";"29901478,79"
"2026-06-26 13:43:48.523000000";"Energisa MG";"19527639000158";"Concessão";"MG";"Sudeste";"2024";"Expansão";"Obra com Participação Financeira";"31146966,42";"30260847,02"
"2026-06-26 13:43:48.523000000";"Energisa MG";"19527639000158";"Concessão";"MG";"Sudeste";"2024";"Melhoria";"";"118785192,21";"101388968,48"
"2026-06-26 13:43:48.523000000";"Energisa MG";"19527639000158";"Concessão";"MG";"Sudeste";"2024";"Renovação";"";"40655505,35";"40154592,74"
"2026-06-26 13:43:48.523000000";"Energisa MG";"19527639000158";"Concessão";"MG";"Sudeste";"2025";"Expansão";"";"90263562,53";"93729899,22"
"2026-06-26 13:43:48.523000000";"Energisa MG";"19527639000158";"Concessão";"MG";"Sudeste";"2025";"Expansão";"Obra com Participação Financeira";"75507837,51";"41129958,78"
"2026-06-26 13:43:48.523000000";"Energisa MG";"19527639000158";"Concessão";"MG";"Sudeste";"2025";"Melhoria";"";"60596473,06";"46998472,83"
"2026-06-26 13:43:48.523000000";"Energisa MG";"19527639000158";"Concessão";"MG";"Sudeste";"2025";"Renovação";"";"55527816,01";"58288375,92"
"2026-06-26 13:43:48.523000000";"Energisa MG";"19527639000158";"Concessão";"MG";"Sudeste";"2026";"Expansão";"";",00";"43896433,60"
"2026-06-26 13:43:48.523000000";"Energisa MG";"19527639000158";"Concessão";"MG";"Sudeste";"2026";"Expansão";"Obra com Participação Financeira";",00";"74574874,00"
"2026-06-26 13:43:48.523000000";"Energisa MG";"19527639000158";"Concessão";"MG";"Sudeste";"2026";"Melhoria";"";",00";"29033799,37"
"2026-06-26 13:43:48.523000000";"Energisa MG";"19527639000158";"Concessão";"MG";"Sudeste";"2026";"Renovação";"";",00";"29955549,80"
"2026-06-26 13:43:48.523000000";"Energisa MG";"19527639000158";"Concessão";"MG";"Sudeste";"2027";"Expansão";"";",00";"34755094,41"
"2026-06-26 13:43:48.523000000";"Energisa MG";"19527639000158";"Concessão";"MG";"Sudeste";"2027";"Expansão";"Obra com Participação Financeira";",00";"58408393,58"
"2026-06-26 13:43:48.523000000";"Energisa MG";"19527639000158";"Concessão";"MG";"Sudeste";"2027";"Melhoria";"";",00";"90764606,21"
"2026-06-26 13:43:48.523000000";"Energisa MG";"19527639000158";"Concessão";"MG";"Sudeste";"2027";"Renovação";"";",00";"36337809,07"
"2026-06-26 13:43:48.523000000";"Energisa MG";"19527639000158";"Concessão";"MG";"Sudeste";"2028";"Expansão";"";",00";"36056864,09"
"2026-06-26 13:43:48.523000000";"Energisa MG";"19527639000158";"Concessão";"MG";"Sudeste";"2028";"Expansão";"Obra com Participação Financeira";",00";"62147242,07"
"2026-06-26 13:43:48.523000000";"Energisa MG";"19527639000158";"Concessão";"MG";"Sudeste";"2028";"Melhoria";"";",00";"56912680,23"
"2026-06-26 13:43:48.523000000";"Energisa MG";"19527639000158";"Concessão";"MG";"Sudeste";"2028";"Renovação";"";",00";"50572981,30"
"2026-06-26 13:43:48.523000000";"Energisa MG";"19527639000158";"Concessão";"MG";"Sudeste";"2029";"Expansão";"";",00";"52585820,97"
"2026-06-26 13:43:48.523000000";"Energisa MG";"19527639000158";"Concessão";"MG";"Sudeste";"2029";"Expansão";"Obra com Participação Financeira";",00";"55467831,31"
"2026-06-26 13:43:48.523000000";"Energisa MG";"19527639000158";"Concessão";"MG";"Sudeste";"2029";"Melhoria";"";",00";"73636607,42"
"2026-06-26 13:43:48.523000000";"Energisa MG";"19527639000158";"Concessão";"MG";"Sudeste";"2029";"Renovação";"";",00";"49481140,94"
"2026-06-26 13:43:48.523000000";"Energisa MG";"19527639000158";"Concessão";"MG";"Sudeste";"2030";"Expansão";"";",00";"137701676,15"
"2026-06-26 13:43:48.523000000";"Energisa MG";"19527639000158";"Concessão";"MG";"Sudeste";"2030";"Expansão";"Obra com Participação Financeira";",00";"55716178,04"
"2026-06-26 13:43:48.523000000";"Energisa MG";"19527639000158";"Concessão";"MG";"Sudeste";"2030";"Melhoria";"";",00";"77274111,89"
"2026-06-26 13:43:48.523000000";"Energisa MG";"19527639000158";"Concessão";"MG";"Sudeste";"2030";"Renovação";"";",00";"74931377,68"
"2026-06-26 13:43:48.523000000";"Energisa MS";"15413826000150";"Concessão";"MS";"Centro Oeste";"2016";"Expansão";"";"160303001,40";"146891778,15"
"2026-06-26 13:43:48.523000000";"Energisa MS";"15413826000150";"Concessão";"MS";"Centro Oeste";"2016";"Expansão";"Luz Para Todos";"10824249,23";"2793487,23"
"2026-06-26 13:43:48.523000000";"Energisa MS";"15413826000150";"Concessão";"MS";"Centro Oeste";"2016";"Expansão";"Obra com Participação Financeira";"21767568,04";"25230536,20"
"2026-06-26 13:43:48.523000000";"Energisa MS";"15413826000150";"Concessão";"MS";"Centro Oeste";"2016";"Expansão";"Planejamento Setorial";"16943300,39";"17772883,70"
"2026-06-26 13:43:48.523000000";"Energisa MS";"15413826000150";"Concessão";"MS";"Centro Oeste";"2016";"Melhoria";"";"34569656,49";"34041066,05"
"2026-06-26 13:43:48.523000000";"Energisa MS";"15413826000150";"Concessão";"MS";"Centro Oeste";"2016";"Renovação";"";"35138236,82";"31108288,47"
"2026-06-26 13:43:48.523000000";"Energisa MS";"15413826000150";"Concessão";"MS";"Centro Oeste";"2017";"Expansão";"";"342588493,43";"109436702,61"
"2026-06-26 13:43:48.523000000";"Energisa MS";"15413826000150";"Concessão";"MS";"Centro Oeste";"2017";"Expansão";"Luz Para Todos";"433622,99";"12603177,13"
"2026-06-26 13:43:48.523000000";"Energisa MS";"15413826000150";"Concessão";"MS";"Centro Oeste";"2017";"Expansão";"Obra com Participação Financeira";"25954440,91";"35195920,97"
"2026-06-26 13:43:48.523000000";"Energisa MS";"15413826000150";"Concessão";"MS";"Centro Oeste";"2017";"Expansão";"Planejamento Setorial";"7403174,96";"8402229,09"
"2026-06-26 13:43:48.523000000";"Energisa MS";"15413826000150";"Concessão";"MS";"Centro Oeste";"2017";"Melhoria";"";"28385382,90";"31476524,35"
"2026-06-26 13:43:48.523000000";"Energisa MS";"15413826000150";"Concessão";"MS";"Centro Oeste";"2017";"Renovação";"";"51412709,76";"41407570,37"
"2026-06-26 13:43:48.523000000";"Energisa MS";"15413826000150";"Concessão";"MS";"Centro Oeste";"2018";"Expansão";"";"71230269,48";"74549333,34"
"2026-06-26 13:43:48.523000000";"Energisa MS";"15413826000150";"Concessão";"MS";"Centro Oeste";"2018";"Expansão";"Obra com Participação Financeira";"25602464,17";"28683485,65"
"2026-06-26 13:43:48.523000000";"Energisa MS";"15413826000150";"Concessão";"MS";"Centro Oeste";"2018";"Melhoria";"";"25647542,47";"33225903,40"
"2026-06-26 13:43:48.523000000";"Energisa MS";"15413826000150";"Concessão";"MS";"Centro Oeste";"2018";"Renovação";"";"44165987,24";"45776617,34"
"2026-06-26 13:43:48.523000000";"Energisa MS";"15413826000150";"Concessão";"MS";"Centro Oeste";"2019";"Expansão";"";"84397659,26";"82850712,21"
"2026-06-26 13:43:48.523000000";"Energisa MS";"15413826000150";"Concessão";"MS";"Centro Oeste";"2019";"Expansão";"Obra com Participação Financeira";"70188547,69";"46062112,79"
"2026-06-26 13:43:48.523000000";"Energisa MS";"15413826000150";"Concessão";"MS";"Centro Oeste";"2019";"Expansão";"Planejamento Setorial";"12770101,70";",00"
"2026-06-26 13:43:48.523000000";"Energisa MS";"15413826000150";"Concessão";"MS";"Centro Oeste";"2019";"Melhoria";"";"27490460,40";"28487056,91"
"2026-06-26 13:43:48.523000000";"Energisa MS";"15413826000150";"Concessão";"MS";"Centro Oeste";"2019";"Melhoria";"Planejamento Setorial";"534225,76";",00"
"2026-06-26 13:43:48.523000000";"Energisa MS";"15413826000150";"Concessão";"MS";"Centro Oeste";"2019";"Renovação";"";"51851537,75";"44415990,27"
"2026-06-26 13:43:48.523000000";"Energisa MS";"15413826000150";"Concessão";"MS";"Centro Oeste";"2019";"Renovação";"Planejamento Setorial";"252942,97";",00"
"2026-06-26 13:43:48.523000000";"Energisa MS";"15413826000150";"Concessão";"MS";"Centro Oeste";"2020";"Expansão";"Obra com Participação Financeira";"102784803,70";"70408119,47"
"2026-06-26 13:43:48.523000000";"Energisa MS";"15413826000150";"Concessão";"MS";"Centro Oeste";"2020";"Expansão";"Planejamento Setorial";"14990099,65";"19168728,02"
"2026-06-26 13:43:48.523000000";"Energisa MS";"15413826000150";"Concessão";"MS";"Centro Oeste";"2020";"Melhoria";"Obra com Participação Financeira";"18285359,77";"5663899,43"
"2026-06-26 13:43:48.523000000";"Energisa MS";"15413826000150";"Concessão";"MS";"Centro Oeste";"2020";"Melhoria";"Planejamento Setorial";"53455319,13";"69236081,16"
"2026-06-26 13:43:48.523000000";"Energisa MS";"15413826000150";"Concessão";"MS";"Centro Oeste";"2020";"Renovação";"Planejamento Setorial";"21912858,85";"15444141,13"
"2026-06-26 13:43:48.523000000";"Energisa MS";"15413826000150";"Concessão";"MS";"Centro Oeste";"2021";"Expansão";"Luz Para Todos";",01";"59495449,59"
"2026-06-26 13:43:48.523000000";"Energisa MS";"15413826000150";"Concessão";"MS";"Centro Oeste";"2021";"Expansão";"Obra com Participação Financeira";"5572173,00";"934062,83"
"2026-06-26 13:43:48.523000000";"Energisa MS";"15413826000150";"Concessão";"MS";"Centro Oeste";"2021";"Expansão";"Planejamento Setorial";"215621867,00";"111428334,31"
"2026-06-26 13:43:48.523000000";"Energisa MS";"15413826000150";"Concessão";"MS";"Centro Oeste";"2021";"Melhoria";"Planejamento Setorial";"106325419,04";"149576830,60"
"2026-06-26 13:43:48.523000000";"Energisa MS";"15413826000150";"Concessão";"MS";"Centro Oeste";"2021";"Renovação";"Planejamento Setorial";"34532902,00";"18420023,49"
"2026-06-26 13:43:48.523000000";"Energisa MS";"15413826000150";"Concessão";"MS";"Centro Oeste";"2022";"Expansão";"Luz Para Todos";",01";"28121166,98"
"2026-06-26 13:43:48.523000000";"Energisa MS";"15413826000150";"Concessão";"MS";"Centro Oeste";"2022";"Expansão";"Obra com Participação Financeira";"8383859,75";"3369617,53"
"2026-06-26 13:43:48.523000000";"Energisa MS";"15413826000150";"Concessão";"MS";"Centro Oeste";"2022";"Expansão";"Planejamento Setorial";"429167665,28";"186574314,64"
"2026-06-26 13:43:48.523000000";"Energisa MS";"15413826000150";"Concessão";"MS";"Centro Oeste";"2022";"Melhoria";"Planejamento Setorial";"312525977,81";"365885213,16"
"2026-06-26 13:43:48.523000000";"Energisa MS";"15413826000150";"Concessão";"MS";"Centro Oeste";"2022";"Renovação";"Planejamento Setorial";"45484580,40";"35078767,27"
"2026-06-26 13:43:48.523000000";"Energisa MS";"15413826000150";"Concessão";"MS";"Centro Oeste";"2023";"Expansão";"Obra com Participação Financeira";"18276398,86";"34880406,67"
"2026-06-26 13:43:48.523000000";"Energisa MS";"15413826000150";"Concessão";"MS";"Centro Oeste";"2023";"Expansão";"Planejamento Setorial";"292558994,07";"297841707,40"
"2026-06-26 13:43:48.523000000";"Energisa MS";"15413826000150";"Concessão";"MS";"Centro Oeste";"2023";"Melhoria";"Planejamento Setorial";"130274362,73";"158575956,57"
"2026-06-26 13:43:48.523000000";"Energisa MS";"15413826000150";"Concessão";"MS";"Centro Oeste";"2023";"Renovação";"Planejamento Setorial";"58768421,08";"45801046,97"
"2026-06-26 13:43:48.523000000";"Energisa MS";"15413826000150";"Concessão";"MS";"Centro Oeste";"2024";"Expansão";"Obra com Participação Financeira";"37347454,04";"37544635,62"
"2026-06-26 13:43:48.523000000";"Energisa MS";"15413826000150";"Concessão";"MS";"Centro Oeste";"2024";"Expansão";"Planejamento Setorial";"327345539,32";"279411320,94"
"2026-06-26 13:43:48.523000000";"Energisa MS";"15413826000150";"Concessão";"MS";"Centro Oeste";"2024";"Melhoria";"Planejamento Setorial";"176385571,05";"247429650,57"
"2026-06-26 13:43:48.523000000";"Energisa MS";"15413826000150";"Concessão";"MS";"Centro Oeste";"2024";"Renovação";"Planejamento Setorial";"62396337,82";"70673210,16"
"2026-06-26 13:43:48.523000000";"Energisa MS";"15413826000150";"Concessão";"MS";"Centro Oeste";"2025";"Expansão";"Obra com Participação Financeira";"15441778,80";"30598359,20"
"2026-06-26 13:43:48.523000000";"Energisa MS";"15413826000150";"Concessão";"MS";"Centro Oeste";"2025";"Expansão";"Planejamento Setorial";"346731584,23";"344772393,14"
"2026-06-26 13:43:48.523000000";"Energisa MS";"15413826000150";"Concessão";"MS";"Centro Oeste";"2025";"Melhoria";"Planejamento Setorial";"306291135,40";"332298482,04"
"2026-06-26 13:43:48.523000000";"Energisa MS";"15413826000150";"Concessão";"MS";"Centro Oeste";"2025";"Renovação";"Planejamento Setorial";"9189231,17";"21464576,60"
"2026-06-26 13:43:48.523000000";"Energisa MS";"15413826000150";"Concessão";"MS";"Centro Oeste";"2026";"Expansão";"Luz Para Todos";",00";"40488048,06"
"2026-06-26 13:43:48.523000000";"Energisa MS";"15413826000150";"Concessão";"MS";"Centro Oeste";"2026";"Expansão";"Obra com Participação Financeira";",00";"37102375,27"
"2026-06-26 13:43:48.523000000";"Energisa MS";"15413826000150";"Concessão";"MS";"Centro Oeste";"2026";"Expansão";"Planejamento Setorial";",00";"409018662,84"
"2026-06-26 13:43:48.523000000";"Energisa MS";"15413826000150";"Concessão";"MS";"Centro Oeste";"2026";"Melhoria";"Planejamento Setorial";",00";"282137914,87"
"2026-06-26 13:43:48.523000000";"Energisa MS";"15413826000150";"Concessão";"MS";"Centro Oeste";"2026";"Renovação";"Planejamento Setorial";",00";"12412591,91"
"2026-06-26 13:43:48.523000000";"Energisa MS";"15413826000150";"Concessão";"MS";"Centro Oeste";"2027";"Expansão";"Luz Para Todos";",00";"39352154,39"
"2026-06-26 13:43:48.523000000";"Energisa MS";"15413826000150";"Concessão";"MS";"Centro Oeste";"2027";"Expansão";"Obra com Participação Financeira";",00";"93644405,14"
"2026-06-26 13:43:48.523000000";"Energisa MS";"15413826000150";"Concessão";"MS";"Centro Oeste";"2027";"Expansão";"Planejamento Setorial";",00";"553390951,06"
"2026-06-26 13:43:48.523000000";"Energisa MS";"15413826000150";"Concessão";"MS";"Centro Oeste";"2027";"Melhoria";"Planejamento Setorial";",00";"376944667,66"
"2026-06-26 13:43:48.523000000";"Energisa MS";"15413826000150";"Concessão";"MS";"Centro Oeste";"2027";"Renovação";"Planejamento Setorial";",00";"16870704,96"
"2026-06-26 13:43:48.523000000";"Energisa MS";"15413826000150";"Concessão";"MS";"Centro Oeste";"2028";"Expansão";"Luz Para Todos";",00";"46116206,69"
"2026-06-26 13:43:48.523000000";"Energisa MS";"15413826000150";"Concessão";"MS";"Centro Oeste";"2028";"Expansão";"Obra com Participação Financeira";",00";"51445047,38"
"2026-06-26 13:43:48.523000000";"Energisa MS";"15413826000150";"Concessão";"MS";"Centro Oeste";"2028";"Expansão";"Planejamento Setorial";",00";"466454935,43"
"2026-06-26 13:43:48.523000000";"Energisa MS";"15413826000150";"Concessão";"MS";"Centro Oeste";"2028";"Melhoria";"Planejamento Setorial";",00";"272416716,74"
"2026-06-26 13:43:48.523000000";"Energisa MS";"15413826000150";"Concessão";"MS";"Centro Oeste";"2028";"Renovação";"Planejamento Setorial";",00";"9059519,79"
"2026-06-26 13:43:48.523000000";"Energisa MS";"15413826000150";"Concessão";"MS";"Centro Oeste";"2029";"Expansão";"Obra com Participação Financeira";",00";"51448025,06"
"2026-06-26 13:43:48.523000000";"Energisa MS";"15413826000150";"Concessão";"MS";"Centro Oeste";"2029";"Expansão";"Planejamento Setorial";",00";"418621697,08"
"2026-06-26 13:43:48.523000000";"Energisa MS";"15413826000150";"Concessão";"MS";"Centro Oeste";"2029";"Melhoria";"Planejamento Setorial";",00";"408899293,25"
"2026-06-26 13:43:48.523000000";"Energisa MS";"15413826000150";"Concessão";"MS";"Centro Oeste";"2029";"Renovação";"Planejamento Setorial";",00";"23355413,75"
"2026-06-26 13:43:48.523000000";"Energisa MS";"15413826000150";"Concessão";"MS";"Centro Oeste";"2030";"Expansão";"Obra com Participação Financeira";",00";"45141586,61"
"2026-06-26 13:43:48.523000000";"Energisa MS";"15413826000150";"Concessão";"MS";"Centro Oeste";"2030";"Expansão";"Planejamento Setorial";",00";"344986288,83"
"2026-06-26 13:43:48.523000000";"Energisa MS";"15413826000150";"Concessão";"MS";"Centro Oeste";"2030";"Melhoria";"Planejamento Setorial";",00";"303587447,91"
"2026-06-26 13:43:48.523000000";"Energisa MS";"15413826000150";"Concessão";"MS";"Centro Oeste";"2030";"Renovação";"Planejamento Setorial";",00";"29413603,53"
"2026-06-26 13:43:48.523000000";"Energisa MT";"03467321000199";"Concessão";"MT";"Centro Oeste";"2016";"Expansão";"";"441763,28";"193689,67"
"2026-06-26 13:43:48.523000000";"Energisa MT";"03467321000199";"Concessão";"MT";"Centro Oeste";"2016";"Expansão";"Luz Para Todos";"32887282,43";"50071821,66"
"2026-06-26 13:43:48.523000000";"Energisa MT";"03467321000199";"Concessão";"MT";"Centro Oeste";"2016";"Expansão";"Planejamento Setorial";"319394443,07";"309279498,62"
"2026-06-26 13:43:48.523000000";"Energisa MT";"03467321000199";"Concessão";"MT";"Centro Oeste";"2016";"Melhoria";"";"1444071,90";"2375688,58"
"2026-06-26 13:43:48.523000000";"Energisa MT";"03467321000199";"Concessão";"MT";"Centro Oeste";"2016";"Melhoria";"Planejamento Setorial";"47533043,47";"27444229,33"
"2026-06-26 13:43:48.523000000";"Energisa MT";"03467321000199";"Concessão";"MT";"Centro Oeste";"2016";"Renovação";"";"28153214,08";"55586335,77"
"2026-06-26 13:43:48.523000000";"Energisa MT";"03467321000199";"Concessão";"MT";"Centro Oeste";"2016";"Renovação";"Planejamento Setorial";"7295216,13";"1216868,59"
"2026-06-26 13:43:48.523000000";"Energisa MT";"03467321000199";"Concessão";"MT";"Centro Oeste";"2017";"Expansão";"";"419919,27";"846663,97"
"2026-06-26 13:43:48.523000000";"Energisa MT";"03467321000199";"Concessão";"MT";"Centro Oeste";"2017";"Expansão";"Luz Para Todos";"56166131,09";"116474255,89"
"2026-06-26 13:43:48.523000000";"Energisa MT";"03467321000199";"Concessão";"MT";"Centro Oeste";"2017";"Expansão";"Planejamento Setorial";"651589743,29";"404928639,32"
"2026-06-26 13:43:48.523000000";"Energisa MT";"03467321000199";"Concessão";"MT";"Centro Oeste";"2017";"Melhoria";"Planejamento Setorial";"26605868,24";"17187468,48"
"2026-06-26 13:43:48.523000000";"Energisa MT";"03467321000199";"Concessão";"MT";"Centro Oeste";"2017";"Renovação";"";"89450302,49";"68332376,43"
"2026-06-26 13:43:48.523000000";"Energisa MT";"03467321000199";"Concessão";"MT";"Centro Oeste";"2017";"Renovação";"Planejamento Setorial";"9073273,96";"5938114,38"
"2026-06-26 13:43:48.523000000";"Energisa MT";"03467321000199";"Concessão";"MT";"Centro Oeste";"2018";"Expansão";"";"466858,83";"840478,00"
"2026-06-26 13:43:48.523000000";"Energisa MT";"03467321000199";"Concessão";"MT";"Centro Oeste";"2018";"Expansão";"Luz Para Todos";"62909514,69";"310886072,00"
"2026-06-26 13:43:48.523000000";"Energisa MT";"03467321000199";"Concessão";"MT";"Centro Oeste";"2018";"Expansão";"Planejamento Setorial";"356568673,03";"263099255,00"
"2026-06-26 13:43:48.523000000";"Energisa MT";"03467321000199";"Concessão";"MT";"Centro Oeste";"2018";"Melhoria";"Planejamento Setorial";"15744688,45";"29316072,94"
"2026-06-26 13:43:48.523000000";"Energisa MT";"03467321000199";"Concessão";"MT";"Centro Oeste";"2018";"Renovação";"";"56805987,40";"60238073,00"
"2026-06-26 13:43:48.523000000";"Energisa MT";"03467321000199";"Concessão";"MT";"Centro Oeste";"2018";"Renovação";"Planejamento Setorial";"2107820,14";"3947838,00"
"2026-06-26 13:43:48.523000000";"Energisa MT";"03467321000199";"Concessão";"MT";"Centro Oeste";"2019";"Expansão";"";"764376,59";"819083,54"
"2026-06-26 13:43:48.523000000";"Energisa MT";"03467321000199";"Concessão";"MT";"Centro Oeste";"2019";"Expansão";"Luz Para Todos";"222903925,86";"165582530,70"
"2026-06-26 13:43:48.523000000";"Energisa MT";"03467321000199";"Concessão";"MT";"Centro Oeste";"2019";"Expansão";"Obra com Participação Financeira";"8429894,31";",00"
"2026-06-26 13:43:48.523000000";"Energisa MT";"03467321000199";"Concessão";"MT";"Centro Oeste";"2019";"Expansão";"Planejamento Setorial";"433309779,79";"267063230,47"
"2026-06-26 13:43:48.523000000";"Energisa MT";"03467321000199";"Concessão";"MT";"Centro Oeste";"2019";"Melhoria";"";"177643,63";",00"
"2026-06-26 13:43:48.523000000";"Energisa MT";"03467321000199";"Concessão";"MT";"Centro Oeste";"2019";"Melhoria";"Planejamento Setorial";"22045462,59";"20535103,80"
"2026-06-26 13:43:48.523000000";"Energisa MT";"03467321000199";"Concessão";"MT";"Centro Oeste";"2019";"Renovação";"";"95992969,01";"57560946,73"
"2026-06-26 13:43:48.523000000";"Energisa MT";"03467321000199";"Concessão";"MT";"Centro Oeste";"2019";"Renovação";"Planejamento Setorial";"4687652,24";"2402855,33"
"2026-06-26 13:43:48.523000000";"Energisa MT";"03467321000199";"Concessão";"MT";"Centro Oeste";"2020";"Expansão";"Luz Para Todos";"103165733,87";"55943316,76"
"2026-06-26 13:43:48.523000000";"Energisa MT";"03467321000199";"Concessão";"MT";"Centro Oeste";"2020";"Expansão";"Obra com Participação Financeira";"6799056,13";"6990074,99"
"2026-06-26 13:43:48.523000000";"Energisa MT";"03467321000199";"Concessão";"MT";"Centro Oeste";"2020";"Expansão";"Planejamento Setorial";"368503846,46";"274384260,22"
"2026-06-26 13:43:48.523000000";"Energisa MT";"03467321000199";"Concessão";"MT";"Centro Oeste";"2020";"Melhoria";"Planejamento Setorial";"27416838,01";"20434443,95"
"2026-06-26 13:43:48.523000000";"Energisa MT";"03467321000199";"Concessão";"MT";"Centro Oeste";"2020";"Renovação";"";"78974861,56";"52522952,81"
"2026-06-26 13:43:48.523000000";"Energisa MT";"03467321000199";"Concessão";"MT";"Centro Oeste";"2020";"Renovação";"Planejamento Setorial";"152529,43";"489287,68"
"2026-06-26 13:43:48.523000000";"Energisa MT";"03467321000199";"Concessão";"MT";"Centro Oeste";"2021";"Expansão";"Luz Para Todos";"78923753,54";"70082423,11"
"2026-06-26 13:43:48.523000000";"Energisa MT";"03467321000199";"Concessão";"MT";"Centro Oeste";"2021";"Expansão";"Obra com Participação Financeira";"4826215,73";"2922318,94"
"2026-06-26 13:43:48.523000000";"Energisa MT";"03467321000199";"Concessão";"MT";"Centro Oeste";"2021";"Expansão";"Planejamento Setorial";"276438798,23";"226407625,10"
"2026-06-26 13:43:48.523000000";"Energisa MT";"03467321000199";"Concessão";"MT";"Centro Oeste";"2021";"Melhoria";"Planejamento Setorial";"95574690,63";"89657790,07"
"2026-06-26 13:43:48.523000000";"Energisa MT";"03467321000199";"Concessão";"MT";"Centro Oeste";"2021";"Renovação";"Planejamento Setorial";"78126049,68";"84109415,86"
"2026-06-26 13:43:48.523000000";"Energisa MT";"03467321000199";"Concessão";"MT";"Centro Oeste";"2022";"Expansão";"Luz Para Todos";"15405919,24";"19881605,40"
"2026-06-26 13:43:48.523000000";"Energisa MT";"03467321000199";"Concessão";"MT";"Centro Oeste";"2022";"Expansão";"Obra com Participação Financeira";"94244942,87";"3378885,93"
"2026-06-26 13:43:48.523000000";"Energisa MT";"03467321000199";"Concessão";"MT";"Centro Oeste";"2022";"Expansão";"Planejamento Setorial";"451550664,17";"341694078,76"
"2026-06-26 13:43:48.523000000";"Energisa MT";"03467321000199";"Concessão";"MT";"Centro Oeste";"2022";"Melhoria";"Planejamento Setorial";"267677804,33";"182044534,88"
"2026-06-26 13:43:48.523000000";"Energisa MT";"03467321000199";"Concessão";"MT";"Centro Oeste";"2022";"Renovação";"";"129102834,38";"110077492,91"
"2026-06-26 13:43:48.523000000";"Energisa MT";"03467321000199";"Concessão";"MT";"Centro Oeste";"2022";"Renovação";"Planejamento Setorial";"17945128,61";"28261819,63"
"2026-06-26 13:43:48.523000000";"Energisa MT";"03467321000199";"Concessão";"MT";"Centro Oeste";"2023";"Expansão";"Luz Para Todos";"6061725,13";"85709758,00"
"2026-06-26 13:43:48.523000000";"Energisa MT";"03467321000199";"Concessão";"MT";"Centro Oeste";"2023";"Expansão";"Obra com Participação Financeira";",00";"17771056,18"
"2026-06-26 13:43:48.523000000";"Energisa MT";"03467321000199";"Concessão";"MT";"Centro Oeste";"2023";"Expansão";"Planejamento Setorial";"426404729,17";"262380062,37"
"2026-06-26 13:43:48.523000000";"Energisa MT";"03467321000199";"Concessão";"MT";"Centro Oeste";"2023";"Melhoria";"Planejamento Setorial";"199987123,70";"224601406,78"
"2026-06-26 13:43:48.523000000";"Energisa MT";"03467321000199";"Concessão";"MT";"Centro Oeste";"2023";"Renovação";"Planejamento Setorial";"57809606,89";"74987188,25"
"2026-06-26 13:43:48.523000000";"Energisa MT";"03467321000199";"Concessão";"MT";"Centro Oeste";"2024";"Expansão";"Luz Para Todos";"70085065,63";"10976313,50"
"2026-06-26 13:43:48.523000000";"Energisa MT";"03467321000199";"Concessão";"MT";"Centro Oeste";"2024";"Expansão";"Planejamento Setorial";"768094969,26";"590725626,71"
"2026-06-26 13:43:48.523000000";"Energisa MT";"03467321000199";"Concessão";"MT";"Centro Oeste";"2024";"Melhoria";"Planejamento Setorial";"88197604,00";"64854191,92"
"2026-06-26 13:43:48.523000000";"Energisa MT";"03467321000199";"Concessão";"MT";"Centro Oeste";"2024";"Renovação";"Planejamento Setorial";"396231520,93";"233363353,03"
"2026-06-26 13:43:48.523000000";"Energisa MT";"03467321000199";"Concessão";"MT";"Centro Oeste";"2025";"Expansão";"Luz Para Todos";"60809153,00";",00"
"2026-06-26 13:43:48.523000000";"Energisa MT";"03467321000199";"Concessão";"MT";"Centro Oeste";"2025";"Expansão";"Obra com Participação Financeira";"56940000,00";",00"
"2026-06-26 13:43:48.523000000";"Energisa MT";"03467321000199";"Concessão";"MT";"Centro Oeste";"2025";"Expansão";"Planejamento Setorial";"695698540,86";"934504590,27"
"2026-06-26 13:43:48.523000000";"Energisa MT";"03467321000199";"Concessão";"MT";"Centro Oeste";"2025";"Melhoria";"Planejamento Setorial";"83197886,13";"174631289,21"
"2026-06-26 13:43:48.523000000";"Energisa MT";"03467321000199";"Concessão";"MT";"Centro Oeste";"2025";"Renovação";"Planejamento Setorial";"447365993,92";"333535865,51"
"2026-06-26 13:43:48.523000000";"Energisa MT";"03467321000199";"Concessão";"MT";"Centro Oeste";"2026";"Expansão";"Luz Para Todos";",00";"47806713,91"
"2026-06-26 13:43:48.523000000";"Energisa MT";"03467321000199";"Concessão";"MT";"Centro Oeste";"2026";"Expansão";"Planejamento Setorial";",00";"1160327475,70"
"2026-06-26 13:43:48.523000000";"Energisa MT";"03467321000199";"Concessão";"MT";"Centro Oeste";"2026";"Melhoria";"Planejamento Setorial";",00";"185992896,18"
"2026-06-26 13:43:48.523000000";"Energisa MT";"03467321000199";"Concessão";"MT";"Centro Oeste";"2026";"Renovação";"Planejamento Setorial";",00";"358453627,29"
"2026-06-26 13:43:48.523000000";"Energisa MT";"03467321000199";"Concessão";"MT";"Centro Oeste";"2027";"Expansão";"Luz Para Todos";",00";"7609755,50"
"2026-06-26 13:43:48.523000000";"Energisa MT";"03467321000199";"Concessão";"MT";"Centro Oeste";"2027";"Expansão";"Planejamento Setorial";",00";"1814401903,46"
"2026-06-26 13:43:48.523000000";"Energisa MT";"03467321000199";"Concessão";"MT";"Centro Oeste";"2027";"Melhoria";"Planejamento Setorial";",00";"116320685,87"
"2026-06-26 13:43:48.523000000";"Energisa MT";"03467321000199";"Concessão";"MT";"Centro Oeste";"2027";"Renovação";"Planejamento Setorial";",00";"341532425,24"
"2026-06-26 13:43:48.523000000";"Energisa MT";"03467321000199";"Concessão";"MT";"Centro Oeste";"2028";"Expansão";"Luz Para Todos";",00";"7609755,50"
"2026-06-26 13:43:48.523000000";"Energisa MT";"03467321000199";"Concessão";"MT";"Centro Oeste";"2028";"Expansão";"Planejamento Setorial";",00";"1223200648,52"
"2026-06-26 13:43:48.523000000";"Energisa MT";"03467321000199";"Concessão";"MT";"Centro Oeste";"2028";"Melhoria";"Planejamento Setorial";",00";"111288415,89"
"2026-06-26 13:43:48.523000000";"Energisa MT";"03467321000199";"Concessão";"MT";"Centro Oeste";"2028";"Renovação";"Planejamento Setorial";",00";"383357370,44"
"2026-06-26 13:43:48.523000000";"Energisa MT";"03467321000199";"Concessão";"MT";"Centro Oeste";"2029";"Expansão";"Planejamento Setorial";",00";"1024099830,40"
"2026-06-26 13:43:48.523000000";"Energisa MT";"03467321000199";"Concessão";"MT";"Centro Oeste";"2029";"Melhoria";"Planejamento Setorial";",00";"123815284,00"
"2026-06-26 13:43:48.523000000";"Energisa MT";"03467321000199";"Concessão";"MT";"Centro Oeste";"2029";"Renovação";"Planejamento Setorial";",00";"486540441,75"
"2026-06-26 13:43:48.523000000";"Energisa MT";"03467321000199";"Concessão";"MT";"Centro Oeste";"2030";"Expansão";"Planejamento Setorial";",00";"916427906,54"
"2026-06-26 13:43:48.523000000";"Energisa MT";"03467321000199";"Concessão";"MT";"Centro Oeste";"2030";"Melhoria";"Planejamento Setorial";",00";"195449174,02"
"2026-06-26 13:43:48.523000000";"Energisa MT";"03467321000199";"Concessão";"MT";"Centro Oeste";"2030";"Renovação";"Planejamento Setorial";",00";"447394311,10"
"2026-06-26 13:43:48.523000000";"Energisa Nova Fribur";"33249046000106";"Concessão";"RJ";"Sudeste";"2016";"Expansão";"";"2086066,24";"2237651,91"
"2026-06-26 13:43:48.523000000";"Energisa Nova Fribur";"33249046000106";"Concessão";"RJ";"Sudeste";"2016";"Expansão";"Obra com Participação Financeira";"159054,02";"355530,09"
"2026-06-26 13:43:48.523000000";"Energisa Nova Fribur";"33249046000106";"Concessão";"RJ";"Sudeste";"2016";"Melhoria";"";"1059058,58";"967545,65"
"2026-06-26 13:43:48.523000000";"Energisa Nova Fribur";"33249046000106";"Concessão";"RJ";"Sudeste";"2016";"Renovação";"";"1249117,25";"1505301,07"
"2026-06-26 13:43:48.523000000";"Energisa Nova Fribur";"33249046000106";"Concessão";"RJ";"Sudeste";"2017";"Expansão";"";",00";"2182588,89"
"2026-06-26 13:43:48.523000000";"Energisa Nova Fribur";"33249046000106";"Concessão";"RJ";"Sudeste";"2017";"Expansão";"Obra com Participação Financeira";",00";"373361,62"
"2026-06-26 13:43:48.523000000";"Energisa Nova Fribur";"33249046000106";"Concessão";"RJ";"Sudeste";"2017";"Melhoria";"";",00";"1804820,49"
"2026-06-26 13:43:48.523000000";"Energisa Nova Fribur";"33249046000106";"Concessão";"RJ";"Sudeste";"2017";"Renovação";"";",00";"2043251,11"
"2026-06-26 13:43:48.523000000";"Energisa Nova Fribur";"33249046000106";"Concessão";"RJ";"Sudeste";"2018";"Expansão";"";",00";"2054145,18"
"2026-06-26 13:43:48.523000000";"Energisa Nova Fribur";"33249046000106";"Concessão";"RJ";"Sudeste";"2018";"Expansão";"Obra com Participação Financeira";"58908,25";"635873,86"
"2026-06-26 13:43:48.523000000";"Energisa Nova Fribur";"33249046000106";"Concessão";"RJ";"Sudeste";"2018";"Melhoria";"";",00";"1724771,11"
"2026-06-26 13:43:48.523000000";"Energisa Nova Fribur";"33249046000106";"Concessão";"RJ";"Sudeste";"2018";"Renovação";"";",00";"1960768,60"
"2026-06-26 13:43:48.523000000";"Energisa Nova Fribur";"33249046000106";"Concessão";"RJ";"Sudeste";"2019";"Expansão";"";"1407295,37";"1883164,52"
"2026-06-26 13:43:48.523000000";"Energisa Nova Fribur";"33249046000106";"Concessão";"RJ";"Sudeste";"2019";"Expansão";"Obra com Participação Financeira";"340087,59";"514288,82"
"2026-06-26 13:43:48.523000000";"Energisa Nova Fribur";"33249046000106";"Concessão";"RJ";"Sudeste";"2019";"Melhoria";"";"3943456,81";"3644981,81"
"2026-06-26 13:43:48.523000000";"Energisa Nova Fribur";"33249046000106";"Concessão";"RJ";"Sudeste";"2019";"Renovação";"";"1918018,42";"2148487,18"
"2026-06-26 13:43:48.523000000";"Energisa Nova Fribur";"33249046000106";"Concessão";"RJ";"Sudeste";"2020";"Expansão";"";"1156865,30";"1272508,99"
"2026-06-26 13:43:48.523000000";"Energisa Nova Fribur";"33249046000106";"Concessão";"RJ";"Sudeste";"2020";"Expansão";"Obra com Participação Financeira";"519040,32";"545659,81"
"2026-06-26 13:43:48.523000000";"Energisa Nova Fribur";"33249046000106";"Concessão";"RJ";"Sudeste";"2020";"Melhoria";"";"5273331,86";"5898453,24"
"2026-06-26 13:43:48.523000000";"Energisa Nova Fribur";"33249046000106";"Concessão";"RJ";"Sudeste";"2020";"Renovação";"";"7494572,61";"9544858,75"
"2026-06-26 13:43:48.523000000";"Energisa Nova Fribur";"33249046000106";"Concessão";"RJ";"Sudeste";"2021";"Expansão";"";"1318464,34";"1548184,27"
"2026-06-26 13:43:48.523000000";"Energisa Nova Fribur";"33249046000106";"Concessão";"RJ";"Sudeste";"2021";"Expansão";"Obra com Participação Financeira";"1159210,02";"433477,89"
"2026-06-26 13:43:48.523000000";"Energisa Nova Fribur";"33249046000106";"Concessão";"RJ";"Sudeste";"2021";"Melhoria";"";"3818543,57";"4036469,53"
"2026-06-26 13:43:48.523000000";"Energisa Nova Fribur";"33249046000106";"Concessão";"RJ";"Sudeste";"2021";"Renovação";"";"1732096,87";"1994370,85"
"2026-06-26 13:43:48.523000000";"Energisa Nova Fribur";"33249046000106";"Concessão";"RJ";"Sudeste";"2022";"Expansão";"";"6589470,95";"7332148,81"
"2026-06-26 13:43:48.523000000";"Energisa Nova Fribur";"33249046000106";"Concessão";"RJ";"Sudeste";"2022";"Expansão";"Obra com Participação Financeira";"1700138,04";"726289,41"
"2026-06-26 13:43:48.523000000";"Energisa Nova Fribur";"33249046000106";"Concessão";"RJ";"Sudeste";"2022";"Melhoria";"";"6142656,32";"9099028,40"
"2026-06-26 13:43:48.523000000";"Energisa Nova Fribur";"33249046000106";"Concessão";"RJ";"Sudeste";"2022";"Renovação";"";"2389384,53";"3426662,45"
"2026-06-26 13:43:48.523000000";"Energisa Nova Fribur";"33249046000289";"Concessão";"RJ";"Sudeste";"2016";"Expansão";"";"2086066,24";",00"
"2026-06-26 13:43:48.523000000";"Energisa Nova Fribur";"33249046000289";"Concessão";"RJ";"Sudeste";"2016";"Expansão";"Obra com Participação Financeira";"159054,02";",00"
"2026-06-26 13:43:48.523000000";"Energisa Nova Fribur";"33249046000289";"Concessão";"RJ";"Sudeste";"2016";"Melhoria";"";"1059058,58";",00"
"2026-06-26 13:43:48.523000000";"Energisa Nova Fribur";"33249046000289";"Concessão";"RJ";"Sudeste";"2016";"Renovação";"";"1249117,25";",00"
"2026-06-26 13:43:48.523000000";"Energisa Nova Fribur";"33249046000289";"Concessão";"RJ";"Sudeste";"2017";"Expansão";"";",00";"2182588,87"
"2026-06-26 13:43:48.523000000";"Energisa Nova Fribur";"33249046000289";"Concessão";"RJ";"Sudeste";"2017";"Expansão";"Obra com Participação Financeira";",00";"373361,62"
"2026-06-26 13:43:48.523000000";"Energisa Nova Fribur";"33249046000289";"Concessão";"RJ";"Sudeste";"2017";"Melhoria";"";",00";"1804820,45"
"2026-06-26 13:43:48.523000000";"Energisa Nova Fribur";"33249046000289";"Concessão";"RJ";"Sudeste";"2017";"Renovação";"";",00";"2043251,04"
"2026-06-26 13:43:48.523000000";"Energisa PB";"09095183000140";"Concessão";"PB";"Nordeste";"2016";"Expansão";"";"38994902,64";",00"
"2026-06-26 13:43:48.523000000";"Energisa PB";"09095183000140";"Concessão";"PB";"Nordeste";"2016";"Expansão";"";"38994902,64";"48312483,17"
"2026-06-26 13:43:48.523000000";"Energisa PB";"09095183000140";"Concessão";"PB";"Nordeste";"2016";"Expansão";"Planejamento Setorial";",00";"482738,23"
"2026-06-26 13:43:48.523000000";"Energisa PB";"09095183000140";"Concessão";"PB";"Nordeste";"2016";"Melhoria";"";"36376214,29";",00"
"2026-06-26 13:43:48.523000000";"Energisa PB";"09095183000140";"Concessão";"PB";"Nordeste";"2016";"Melhoria";"";"36376214,29";"32433335,11"
"2026-06-26 13:43:48.523000000";"Energisa PB";"09095183000140";"Concessão";"PB";"Nordeste";"2016";"Renovação";"";"41861425,92";",00"
"2026-06-26 13:43:48.523000000";"Energisa PB";"09095183000140";"Concessão";"PB";"Nordeste";"2016";"Renovação";"";"41861425,92";"41865097,35"
"2026-06-26 13:43:48.523000000";"Energisa PB";"09095183000140";"Concessão";"PB";"Nordeste";"2017";"Expansão";"";",00";"63962992,21"
"2026-06-26 13:43:48.523000000";"Energisa PB";"09095183000140";"Concessão";"PB";"Nordeste";"2017";"Expansão";"";"2080873,57";"63962992,51"
"2026-06-26 13:43:48.523000000";"Energisa PB";"09095183000140";"Concessão";"PB";"Nordeste";"2017";"Melhoria";"";",00";"11189251,58"
"2026-06-26 13:43:48.523000000";"Energisa PB";"09095183000140";"Concessão";"PB";"Nordeste";"2017";"Melhoria";"";"6152906,88";"11189251,73"
"2026-06-26 13:43:48.523000000";"Energisa PB";"09095183000140";"Concessão";"PB";"Nordeste";"2017";"Renovação";"";",00";"40288121,35"
"2026-06-26 13:43:48.523000000";"Energisa PB";"09095183000140";"Concessão";"PB";"Nordeste";"2017";"Renovação";"";",00";"40288121,98"
"2026-06-26 13:43:48.523000000";"Energisa PB";"09095183000140";"Concessão";"PB";"Nordeste";"2018";"Expansão";"";"67610001,75";"59124402,65"
"2026-06-26 13:43:48.523000000";"Energisa PB";"09095183000140";"Concessão";"PB";"Nordeste";"2018";"Melhoria";"";"30828499,45";"25437576,20"
"2026-06-26 13:43:48.523000000";"Energisa PB";"09095183000140";"Concessão";"PB";"Nordeste";"2018";"Renovação";"";"47347006,42";"46233094,52"
"2026-06-26 13:43:48.523000000";"Energisa PB";"09095183000140";"Concessão";"PB";"Nordeste";"2019";"Expansão";"";"48809641,60";"51946410,74"
"2026-06-26 13:43:48.523000000";"Energisa PB";"09095183000140";"Concessão";"PB";"Nordeste";"2019";"Expansão";"Obra com Participação Financeira";"11105244,07";"10912127,24"
"2026-06-26 13:43:48.523000000";"Energisa PB";"09095183000140";"Concessão";"PB";"Nordeste";"2019";"Melhoria";"";"22102699,71";"27308190,65"
"2026-06-26 13:43:48.523000000";"Energisa PB";"09095183000140";"Concessão";"PB";"Nordeste";"2019";"Renovação";"";"60327471,91";"55856718,44"
"2026-06-26 13:43:48.523000000";"Energisa PB";"09095183000140";"Concessão";"PB";"Nordeste";"2020";"Expansão";"";"65526588,63";"49746919,14"
"2026-06-26 13:43:48.523000000";"Energisa PB";"09095183000140";"Concessão";"PB";"Nordeste";"2020";"Expansão";"Obra com Participação Financeira";"4985959,68";"1092813,17"
"2026-06-26 13:43:48.523000000";"Energisa PB";"09095183000140";"Concessão";"PB";"Nordeste";"2020";"Melhoria";"";"26657916,75";"28320507,36"
"2026-06-26 13:43:48.523000000";"Energisa PB";"09095183000140";"Concessão";"PB";"Nordeste";"2020";"Renovação";"";"75596145,65";"73216608,08"
"2026-06-26 13:43:48.523000000";"Energisa PB";"09095183000140";"Concessão";"PB";"Nordeste";"2021";"Expansão";"";"62826333,65";"53670156,04"
"2026-06-26 13:43:48.523000000";"Energisa PB";"09095183000140";"Concessão";"PB";"Nordeste";"2021";"Expansão";"Obra com Participação Financeira";"9341624,04";",00"
"2026-06-26 13:43:48.523000000";"Energisa PB";"09095183000140";"Concessão";"PB";"Nordeste";"2021";"Melhoria";"";"32497727,82";"11635254,14"
"2026-06-26 13:43:48.523000000";"Energisa PB";"09095183000140";"Concessão";"PB";"Nordeste";"2021";"Renovação";"";"61323070,68";"58997719,57"
"2026-06-26 13:43:48.523000000";"Energisa PB";"09095183000140";"Concessão";"PB";"Nordeste";"2022";"Expansão";"";"113526757,16";"84232540,36"
"2026-06-26 13:43:48.523000000";"Energisa PB";"09095183000140";"Concessão";"PB";"Nordeste";"2022";"Expansão";"Obra com Participação Financeira";"13317184,41";",00"
"2026-06-26 13:43:48.523000000";"Energisa PB";"09095183000140";"Concessão";"PB";"Nordeste";"2022";"Melhoria";"";"28326468,61";"54853764,70"
"2026-06-26 13:43:48.523000000";"Energisa PB";"09095183000140";"Concessão";"PB";"Nordeste";"2022";"Renovação";"";"87781515,08";"76218528,54"
"2026-06-26 13:43:48.523000000";"Energisa PB";"09095183000140";"Concessão";"PB";"Nordeste";"2023";"Expansão";"";"131441110,15";"130994020,16"
"2026-06-26 13:43:48.523000000";"Energisa PB";"09095183000140";"Concessão";"PB";"Nordeste";"2023";"Melhoria";"";"66608350,75";"64120297,77"
"2026-06-26 13:43:48.523000000";"Energisa PB";"09095183000140";"Concessão";"PB";"Nordeste";"2023";"Renovação";"";"93947457,33";"111441041,44"
"2026-06-26 13:43:48.523000000";"Energisa PB";"09095183000140";"Concessão";"PB";"Nordeste";"2024";"Expansão";"";"163775775,30";"153665068,77"
"2026-06-26 13:43:48.523000000";"Energisa PB";"09095183000140";"Concessão";"PB";"Nordeste";"2024";"Melhoria";"";"56595968,68";"58757863,95"
"2026-06-26 13:43:48.523000000";"Energisa PB";"09095183000140";"Concessão";"PB";"Nordeste";"2024";"Renovação";"";"149405131,09";"110875056,04"
"2026-06-26 13:43:48.523000000";"Energisa PB";"09095183000140";"Concessão";"PB";"Nordeste";"2025";"Expansão";"";"289347984,70";"158171679,90"
"2026-06-26 13:43:48.523000000";"Energisa PB";"09095183000140";"Concessão";"PB";"Nordeste";"2025";"Expansão";"Luz Para Todos";"2523701,29";"2656612,07"
"2026-06-26 13:43:48.523000000";"Energisa PB";"09095183000140";"Concessão";"PB";"Nordeste";"2025";"Expansão";"Obra com Participação Financeira";"392487,43";"1489150,05"
"2026-06-26 13:43:48.523000000";"Energisa PB";"09095183000140";"Concessão";"PB";"Nordeste";"2025";"Melhoria";"";"49150903,61";"31903913,55"
"2026-06-26 13:43:48.523000000";"Energisa PB";"09095183000140";"Concessão";"PB";"Nordeste";"2025";"Renovação";"";"84666946,14";"60849201,85"
"2026-06-26 13:43:48.523000000";"Energisa PB";"09095183000140";"Concessão";"PB";"Nordeste";"2026";"Expansão";"";",00";"289524242,06"
"2026-06-26 13:43:48.523000000";"Energisa PB";"09095183000140";"Concessão";"PB";"Nordeste";"2026";"Expansão";"Obra com Participação Financeira";",00";"1083209,92"
"2026-06-26 13:43:48.523000000";"Energisa PB";"09095183000140";"Concessão";"PB";"Nordeste";"2026";"Melhoria";"";",00";"62868673,15"
"2026-06-26 13:43:48.523000000";"Energisa PB";"09095183000140";"Concessão";"PB";"Nordeste";"2026";"Renovação";"";",00";"86770217,93"
"2026-06-26 13:43:48.523000000";"Energisa PB";"09095183000140";"Concessão";"PB";"Nordeste";"2027";"Expansão";"";",00";"245179982,46"
"2026-06-26 13:43:48.523000000";"Energisa PB";"09095183000140";"Concessão";"PB";"Nordeste";"2027";"Expansão";"Obra com Participação Financeira";",00";"1115651,09"
"2026-06-26 13:43:48.523000000";"Energisa PB";"09095183000140";"Concessão";"PB";"Nordeste";"2027";"Melhoria";"";",00";"38513332,69"
"2026-06-26 13:43:48.523000000";"Energisa PB";"09095183000140";"Concessão";"PB";"Nordeste";"2027";"Renovação";"";",00";"79892160,62"
"2026-06-26 13:43:48.523000000";"Energisa PB";"09095183000140";"Concessão";"PB";"Nordeste";"2028";"Expansão";"";",00";"264797728,85"
"2026-06-26 13:43:48.523000000";"Energisa PB";"09095183000140";"Concessão";"PB";"Nordeste";"2028";"Expansão";"Obra com Participação Financeira";",00";"977962,57"
"2026-06-26 13:43:48.523000000";"Energisa PB";"09095183000140";"Concessão";"PB";"Nordeste";"2028";"Expansão";"Planejamento Setorial";",00";"19881231,63"
"2026-06-26 13:43:48.523000000";"Energisa PB";"09095183000140";"Concessão";"PB";"Nordeste";"2028";"Melhoria";"";",00";"59141969,82"
"2026-06-26 13:43:48.523000000";"Energisa PB";"09095183000140";"Concessão";"PB";"Nordeste";"2028";"Renovação";"";",00";"74917578,68"
"2026-06-26 13:43:48.523000000";"Energisa PB";"09095183000140";"Concessão";"PB";"Nordeste";"2029";"Expansão";"";",00";"354405182,38"
"2026-06-26 13:43:48.523000000";"Energisa PB";"09095183000140";"Concessão";"PB";"Nordeste";"2029";"Expansão";"Obra com Participação Financeira";",00";"1902337,12"
"2026-06-26 13:43:48.523000000";"Energisa PB";"09095183000140";"Concessão";"PB";"Nordeste";"2029";"Melhoria";"";",00";"229379735,39"
"2026-06-26 13:43:48.523000000";"Energisa PB";"09095183000140";"Concessão";"PB";"Nordeste";"2029";"Renovação";"";",00";"144929070,36"
"2026-06-26 13:43:48.523000000";"Energisa PB";"09095183000140";"Concessão";"PB";"Nordeste";"2030";"Expansão";"";",00";"244860913,28"
"2026-06-26 13:43:48.523000000";"Energisa PB";"09095183000140";"Concessão";"PB";"Nordeste";"2030";"Expansão";"Obra com Participação Financeira";",00";"1968516,59"
"2026-06-26 13:43:48.523000000";"Energisa PB";"09095183000140";"Concessão";"PB";"Nordeste";"2030";"Melhoria";"";",00";"55277683,97"
"2026-06-26 13:43:48.523000000";"Energisa PB";"09095183000140";"Concessão";"PB";"Nordeste";"2030";"Renovação";"";",00";"88179076,54"
"2026-06-26 13:43:48.523000000";"Energisa RO";"05914650000166";"Concessão";"RO";"Norte";"2016";"Expansão";"";"5419759,22";"133216827,23"
"2026-06-26 13:43:48.523000000";"Energisa RO";"05914650000166";"Concessão";"RO";"Norte";"2016";"Expansão";"Luz Para Todos";"30860261,73";"30000000,00"
"2026-06-26 13:43:48.523000000";"Energisa RO";"05914650000166";"Concessão";"RO";"Norte";"2016";"Expansão";"Planejamento Setorial";"5067009,36";"11097670,60"
"2026-06-26 13:43:48.523000000";"Energisa RO";"05914650000166";"Concessão";"RO";"Norte";"2017";"Expansão";"";",00";"2902790,54"
"2026-06-26 13:43:48.523000000";"Energisa RO";"05914650000166";"Concessão";"RO";"Norte";"2017";"Expansão";"Luz Para Todos";",00";"48360000,00"
"2026-06-26 13:43:48.523000000";"Energisa RO";"05914650000166";"Concessão";"RO";"Norte";"2017";"Expansão";"Planejamento Setorial";",00";"207402340,21"
"2026-06-26 13:43:48.523000000";"Energisa RO";"05914650000166";"Concessão";"RO";"Norte";"2017";"Melhoria";"Planejamento Setorial";",00";"3507414,50"
"2026-06-26 13:43:48.523000000";"Energisa RO";"05914650000166";"Concessão";"RO";"Norte";"2018";"Expansão";"";"91004117,74";"25985614,95"
"2026-06-26 13:43:48.523000000";"Energisa RO";"05914650000166";"Concessão";"RO";"Norte";"2018";"Expansão";"Luz Para Todos";"18363228,00";"83999998,16"
"2026-06-26 13:43:48.523000000";"Energisa RO";"05914650000166";"Concessão";"RO";"Norte";"2018";"Expansão";"Planejamento Setorial";"34512556,63";"221220799,42"
"2026-06-26 13:43:48.523000000";"Energisa RO";"05914650000166";"Concessão";"RO";"Norte";"2019";"Expansão";"";"149289741,00";"147593055,61"
"2026-06-26 13:43:48.523000000";"Energisa RO";"05914650000166";"Concessão";"RO";"Norte";"2019";"Expansão";"Luz Para Todos";"66752526,00";"81036134,00"
"2026-06-26 13:43:48.523000000";"Energisa RO";"05914650000166";"Concessão";"RO";"Norte";"2019";"Expansão";"Planejamento Setorial";"18369517,00";"25698068,85"
"2026-06-26 13:43:48.523000000";"Energisa RO";"05914650000166";"Concessão";"RO";"Norte";"2019";"Melhoria";"";"12560500,00";"15952892,77"
"2026-06-26 13:43:48.523000000";"Energisa RO";"05914650000166";"Concessão";"RO";"Norte";"2019";"Melhoria";"Planejamento Setorial";"1456809,00";"2841634,10"
"2026-06-26 13:43:48.523000000";"Energisa RO";"05914650000166";"Concessão";"RO";"Norte";"2019";"Renovação";"";"2850000,00";"6173820,11"
"2026-06-26 13:43:48.523000000";"Energisa RO";"05914650000166";"Concessão";"RO";"Norte";"2020";"Expansão";"";"110755309,52";"92236460,31"
"2026-06-26 13:43:48.523000000";"Energisa RO";"05914650000166";"Concessão";"RO";"Norte";"2020";"Expansão";"Luz Para Todos";"36556216,71";"122864484,80"
"2026-06-26 13:43:48.523000000";"Energisa RO";"05914650000166";"Concessão";"RO";"Norte";"2020";"Expansão";"Planejamento Setorial";"243449785,04";"223393274,09"
"2026-06-26 13:43:48.523000000";"Energisa RO";"05914650000166";"Concessão";"RO";"Norte";"2020";"Melhoria";"";"50089097,65";"67521329,92"
"2026-06-26 13:43:48.523000000";"Energisa RO";"05914650000166";"Concessão";"RO";"Norte";"2020";"Melhoria";"Planejamento Setorial";"2441870,00";"2441870,00"
"2026-06-26 13:43:48.523000000";"Energisa RO";"05914650000166";"Concessão";"RO";"Norte";"2020";"Renovação";"";"37878870,15";"38016576,71"
"2026-06-26 13:43:48.523000000";"Energisa RO";"05914650000166";"Concessão";"RO";"Norte";"2021";"Expansão";"";"527930753,99";"504333228,14"
"2026-06-26 13:43:48.523000000";"Energisa RO";"05914650000166";"Concessão";"RO";"Norte";"2021";"Expansão";"Luz Para Todos";"51969635,82";"71270754,18"
"2026-06-26 13:43:48.523000000";"Energisa RO";"05914650000166";"Concessão";"RO";"Norte";"2021";"Melhoria";"";"56852525,04";"47730758,57"
"2026-06-26 13:43:48.523000000";"Energisa RO";"05914650000166";"Concessão";"RO";"Norte";"2021";"Renovação";"";"50731651,42";"25035627,46"
"2026-06-26 13:43:48.523000000";"Energisa RO";"05914650000166";"Concessão";"RO";"Norte";"2022";"Expansão";"";"432700908,53";"350057953,59"
"2026-06-26 13:43:48.523000000";"Energisa RO";"05914650000166";"Concessão";"RO";"Norte";"2022";"Expansão";"Luz Para Todos";"95982413,47";"126105426,72"
"2026-06-26 13:43:48.523000000";"Energisa RO";"05914650000166";"Concessão";"RO";"Norte";"2022";"Expansão";"Obra com Participação Financeira";"3620164,30";"1888935,90"
"2026-06-26 13:43:48.523000000";"Energisa RO";"05914650000166";"Concessão";"RO";"Norte";"2022";"Melhoria";"";"217523037,08";"240054074,92"
"2026-06-26 13:43:48.523000000";"Energisa RO";"05914650000166";"Concessão";"RO";"Norte";"2022";"Renovação";"";"61702812,31";"50930371,70"
"2026-06-26 13:43:48.523000000";"Energisa RO";"05914650000166";"Concessão";"RO";"Norte";"2022";"Renovação";"Luz Para Todos";",00";"159647,65"
"2026-06-26 13:43:48.523000000";"Energisa RO";"05914650000166";"Concessão";"RO";"Norte";"2023";"Expansão";"";"193068330,45";"129538824,64"
"2026-06-26 13:43:48.523000000";"Energisa RO";"05914650000166";"Concessão";"RO";"Norte";"2023";"Expansão";"Luz Para Todos";"94506765,15";"188264749,53"
"2026-06-26 13:43:48.523000000";"Energisa RO";"05914650000166";"Concessão";"RO";"Norte";"2023";"Expansão";"Obra com Participação Financeira";"688990,30";"1816705,63"
"2026-06-26 13:43:48.523000000";"Energisa RO";"05914650000166";"Concessão";"RO";"Norte";"2023";"Melhoria";"";"116771335,66";"112952265,73"
"2026-06-26 13:43:48.523000000";"Energisa RO";"05914650000166";"Concessão";"RO";"Norte";"2023";"Renovação";"";"103139086,48";"64240996,39"
"2026-06-26 13:43:48.523000000";"Energisa RO";"05914650000166";"Concessão";"RO";"Norte";"2024";"Expansão";"";"129345495,95";"95367493,48"
"2026-06-26 13:43:48.523000000";"Energisa RO";"05914650000166";"Concessão";"RO";"Norte";"2024";"Expansão";"Luz Para Todos";"104464556,64";"183489917,37"
"2026-06-26 13:43:48.523000000";"Energisa RO";"05914650000166";"Concessão";"RO";"Norte";"2024";"Expansão";"Obra com Participação Financeira";"1131826,41";"2487722,42"
"2026-06-26 13:43:48.523000000";"Energisa RO";"05914650000166";"Concessão";"RO";"Norte";"2024";"Melhoria";"";"115123915,52";"112397531,73"
"2026-06-26 13:43:48.523000000";"Energisa RO";"05914650000166";"Concessão";"RO";"Norte";"2024";"Renovação";"";"118177660,57";"80673950,24"
"2026-06-26 13:43:48.523000000";"Energisa RO";"05914650000166";"Concessão";"RO";"Norte";"2025";"Expansão";"";"181273580,57";"164461901,48"
"2026-06-26 13:43:48.523000000";"Energisa RO";"05914650000166";"Concessão";"RO";"Norte";"2025";"Expansão";"Luz Para Todos";"182828151,20";"149902035,88"
"2026-06-26 13:43:48.523000000";"Energisa RO";"05914650000166";"Concessão";"RO";"Norte";"2025";"Expansão";"Obra com Participação Financeira";"25753597,28";"29143007,31"
"2026-06-26 13:43:48.523000000";"Energisa RO";"05914650000166";"Concessão";"RO";"Norte";"2025";"Melhoria";"";"149043913,43";"177556916,79"
"2026-06-26 13:43:48.523000000";"Energisa RO";"05914650000166";"Concessão";"RO";"Norte";"2025";"Renovação";"";"129138401,94";"105378615,87"
"2026-06-26 13:43:48.523000000";"Energisa RO";"05914650000166";"Concessão";"RO";"Norte";"2026";"Expansão";"";",00";"262468737,54"
"2026-06-26 13:43:48.523000000";"Energisa RO";"05914650000166";"Concessão";"RO";"Norte";"2026";"Expansão";"Luz Para Todos";",00";"33000570,76"
"2026-06-26 13:43:48.523000000";"Energisa RO";"05914650000166";"Concessão";"RO";"Norte";"2026";"Expansão";"Obra com Participação Financeira";",00";"5249544,33"
"2026-06-26 13:43:48.523000000";"Energisa RO";"05914650000166";"Concessão";"RO";"Norte";"2026";"Melhoria";"";",00";"191028317,96"
"2026-06-26 13:43:48.523000000";"Energisa RO";"05914650000166";"Concessão";"RO";"Norte";"2026";"Renovação";"";",00";"147084143,63"
"2026-06-26 13:43:48.523000000";"Energisa RO";"05914650000166";"Concessão";"RO";"Norte";"2027";"Expansão";"";",00";"430283536,53"
"2026-06-26 13:43:48.523000000";"Energisa RO";"05914650000166";"Concessão";"RO";"Norte";"2027";"Expansão";"Luz Para Todos";",00";"2005390,76"
"2026-06-26 13:43:48.523000000";"Energisa RO";"05914650000166";"Concessão";"RO";"Norte";"2027";"Expansão";"Obra com Participação Financeira";",00";"15990129,35"
"2026-06-26 13:43:48.523000000";"Energisa RO";"05914650000166";"Concessão";"RO";"Norte";"2027";"Melhoria";"";",00";"298453565,32"
"2026-06-26 13:43:48.523000000";"Energisa RO";"05914650000166";"Concessão";"RO";"Norte";"2027";"Renovação";"";",00";"194495057,48"
"2026-06-26 13:43:48.523000000";"Energisa RO";"05914650000166";"Concessão";"RO";"Norte";"2028";"Expansão";"";",00";"261562553,50"
"2026-06-26 13:43:48.523000000";"Energisa RO";"05914650000166";"Concessão";"RO";"Norte";"2028";"Expansão";"Obra com Participação Financeira";",00";"5540114,09"
"2026-06-26 13:43:48.523000000";"Energisa RO";"05914650000166";"Concessão";"RO";"Norte";"2028";"Melhoria";"";",00";"316093800,45"
"2026-06-26 13:43:48.523000000";"Energisa RO";"05914650000166";"Concessão";"RO";"Norte";"2028";"Renovação";"";",00";"160819349,82"
"2026-06-26 13:43:48.523000000";"Energisa RO";"05914650000166";"Concessão";"RO";"Norte";"2029";"Expansão";"";",00";"197831343,35"
"2026-06-26 13:43:48.523000000";"Energisa RO";"05914650000166";"Concessão";"RO";"Norte";"2029";"Expansão";"Obra com Participação Financeira";",00";"5794038,36"
"2026-06-26 13:43:48.523000000";"Energisa RO";"05914650000166";"Concessão";"RO";"Norte";"2029";"Melhoria";"";",00";"262862279,62"
"2026-06-26 13:43:48.523000000";"Energisa RO";"05914650000166";"Concessão";"RO";"Norte";"2029";"Renovação";"";",00";"117586004,65"
"2026-06-26 13:43:48.523000000";"Energisa RO";"05914650000166";"Concessão";"RO";"Norte";"2030";"Expansão";"";",00";"257607985,36"
"2026-06-26 13:43:48.523000000";"Energisa RO";"05914650000166";"Concessão";"RO";"Norte";"2030";"Expansão";"Obra com Participação Financeira";",00";"5996097,14"
"2026-06-26 13:43:48.523000000";"Energisa RO";"05914650000166";"Concessão";"RO";"Norte";"2030";"Melhoria";"";",00";"254980313,76"
"2026-06-26 13:43:48.523000000";"Energisa RO";"05914650000166";"Concessão";"RO";"Norte";"2030";"Renovação";"";",00";"114627515,87"
"2026-06-26 13:43:48.523000000";"Energisa SE";"13017462000163";"Concessão";"SE";"Nordeste";"2016";"Expansão";"";"32703647,41";",00"
"2026-06-26 13:43:48.523000000";"Energisa SE";"13017462000163";"Concessão";"SE";"Nordeste";"2016";"Expansão";"";"32703647,41";"26913356,90"
"2026-06-26 13:43:48.523000000";"Energisa SE";"13017462000163";"Concessão";"SE";"Nordeste";"2016";"Melhoria";"";"8048546,94";",00"
"2026-06-26 13:43:48.523000000";"Energisa SE";"13017462000163";"Concessão";"SE";"Nordeste";"2016";"Melhoria";"";"8048546,94";"10412266,35"
"2026-06-26 13:43:48.523000000";"Energisa SE";"13017462000163";"Concessão";"SE";"Nordeste";"2016";"Renovação";"";"12518317,79";",00"
"2026-06-26 13:43:48.523000000";"Energisa SE";"13017462000163";"Concessão";"SE";"Nordeste";"2016";"Renovação";"";"12518317,79";"13245711,77"
"2026-06-26 13:43:48.523000000";"Energisa SE";"13017462000163";"Concessão";"SE";"Nordeste";"2017";"Expansão";"";",00";"53206635,73"
"2026-06-26 13:43:48.523000000";"Energisa SE";"13017462000163";"Concessão";"SE";"Nordeste";"2017";"Expansão";"";",00";"53206636,39"
"2026-06-26 13:43:48.523000000";"Energisa SE";"13017462000163";"Concessão";"SE";"Nordeste";"2017";"Expansão";"Obra com Participação Financeira";",00";"1874105,11"
"2026-06-26 13:43:48.523000000";"Energisa SE";"13017462000163";"Concessão";"SE";"Nordeste";"2017";"Expansão";"Obra com Participação Financeira";"16444057,54";"1874105,09"
"2026-06-26 13:43:48.523000000";"Energisa SE";"13017462000163";"Concessão";"SE";"Nordeste";"2017";"Melhoria";"";",00";"18811071,38"
"2026-06-26 13:43:48.523000000";"Energisa SE";"13017462000163";"Concessão";"SE";"Nordeste";"2017";"Melhoria";"";",00";"18811071,45"
"2026-06-26 13:43:48.523000000";"Energisa SE";"13017462000163";"Concessão";"SE";"Nordeste";"2017";"Renovação";"";",00";"17468598,77"
"2026-06-26 13:43:48.523000000";"Energisa SE";"13017462000163";"Concessão";"SE";"Nordeste";"2017";"Renovação";"";",00";"17468599,09"
"2026-06-26 13:43:48.523000000";"Energisa SE";"13017462000163";"Concessão";"SE";"Nordeste";"2018";"Expansão";"";"1096748,06";"31330575,07"
"2026-06-26 13:43:48.523000000";"Energisa SE";"13017462000163";"Concessão";"SE";"Nordeste";"2018";"Expansão";"Obra com Participação Financeira";",00";"295017,13"
"2026-06-26 13:43:48.523000000";"Energisa SE";"13017462000163";"Concessão";"SE";"Nordeste";"2018";"Melhoria";"";"180374,48";"14779013,54"
"2026-06-26 13:43:48.523000000";"Energisa SE";"13017462000163";"Concessão";"SE";"Nordeste";"2018";"Renovação";"";"365362,38";"14638813,24"
"2026-06-26 13:43:48.523000000";"Energisa SE";"13017462000163";"Concessão";"SE";"Nordeste";"2019";"Expansão";"";"23489836,00";"26536542,90"
"2026-06-26 13:43:48.523000000";"Energisa SE";"13017462000163";"Concessão";"SE";"Nordeste";"2019";"Melhoria";"";"15950690,37";"13373540,88"
"2026-06-26 13:43:48.523000000";"Energisa SE";"13017462000163";"Concessão";"SE";"Nordeste";"2019";"Renovação";"";"25989216,56";"18194019,61"
"2026-06-26 13:43:48.523000000";"Energisa SE";"13017462000163";"Concessão";"SE";"Nordeste";"2020";"Expansão";"";"24815056,70";"30083810,55"
"2026-06-26 13:43:48.523000000";"Energisa SE";"13017462000163";"Concessão";"SE";"Nordeste";"2020";"Melhoria";"";"17614861,34";"23880814,44"
"2026-06-26 13:43:48.523000000";"Energisa SE";"13017462000163";"Concessão";"SE";"Nordeste";"2020";"Renovação";"";"28007520,40";"29507092,99"
"2026-06-26 13:43:48.523000000";"Energisa SE";"13017462000163";"Concessão";"SE";"Nordeste";"2021";"Expansão";"";"38905376,35";"33357290,68"
"2026-06-26 13:43:48.523000000";"Energisa SE";"13017462000163";"Concessão";"SE";"Nordeste";"2021";"Melhoria";"";"34530034,04";"35413908,19"
"2026-06-26 13:43:48.523000000";"Energisa SE";"13017462000163";"Concessão";"SE";"Nordeste";"2021";"Renovação";"";"35574608,23";"42137592,64"
"2026-06-26 13:43:48.523000000";"Energisa SE";"13017462000163";"Concessão";"SE";"Nordeste";"2022";"Expansão";"";"97436096,34";"76287733,53"
"2026-06-26 13:43:48.523000000";"Energisa SE";"13017462000163";"Concessão";"SE";"Nordeste";"2022";"Expansão";"Obra com Participação Financeira";"3184591,51";"3002025,08"
"2026-06-26 13:43:48.523000000";"Energisa SE";"13017462000163";"Concessão";"SE";"Nordeste";"2022";"Melhoria";"";"62096021,09";"52132414,24"
"2026-06-26 13:43:48.523000000";"Energisa SE";"13017462000163";"Concessão";"SE";"Nordeste";"2022";"Renovação";"";"60943479,12";"69542986,30"
"2026-06-26 13:43:48.523000000";"Energisa SE";"13017462000163";"Concessão";"SE";"Nordeste";"2023";"Expansão";"";"67337406,06";"56042780,03"
"2026-06-26 13:43:48.523000000";"Energisa SE";"13017462000163";"Concessão";"SE";"Nordeste";"2023";"Expansão";"Obra com Participação Financeira";"7769057,05";"10203174,90"
"2026-06-26 13:43:48.523000000";"Energisa SE";"13017462000163";"Concessão";"SE";"Nordeste";"2023";"Melhoria";"";"42614462,76";"55459462,22"
"2026-06-26 13:43:48.523000000";"Energisa SE";"13017462000163";"Concessão";"SE";"Nordeste";"2023";"Renovação";"";"59358961,37";"52431641,13"
"2026-06-26 13:43:48.523000000";"Energisa SE";"13017462000163";"Concessão";"SE";"Nordeste";"2024";"Expansão";"";"55889649,04";"57849762,63"
"2026-06-26 13:43:48.523000000";"Energisa SE";"13017462000163";"Concessão";"SE";"Nordeste";"2024";"Expansão";"Obra com Participação Financeira";"2798896,24";"5004100,11"
"2026-06-26 13:43:48.523000000";"Energisa SE";"13017462000163";"Concessão";"SE";"Nordeste";"2024";"Melhoria";"";"34696640,87";"31658180,06"
"2026-06-26 13:43:48.523000000";"Energisa SE";"13017462000163";"Concessão";"SE";"Nordeste";"2024";"Renovação";"";"51682351,33";"41878779,91"
"2026-06-26 13:43:48.523000000";"Energisa SE";"13017462000163";"Concessão";"SE";"Nordeste";"2025";"Expansão";"";"149564565,65";"155199974,94"
"2026-06-26 13:43:48.523000000";"Energisa SE";"13017462000163";"Concessão";"SE";"Nordeste";"2025";"Expansão";"Obra com Participação Financeira";"2819152,44";"8371059,86"
"2026-06-26 13:43:48.523000000";"Energisa SE";"13017462000163";"Concessão";"SE";"Nordeste";"2025";"Melhoria";"";"54876616,18";"72774544,93"
"2026-06-26 13:43:48.523000000";"Energisa SE";"13017462000163";"Concessão";"SE";"Nordeste";"2025";"Renovação";"";"62174842,80";"68958154,72"
"2026-06-26 13:43:48.523000000";"Energisa SE";"13017462000163";"Concessão";"SE";"Nordeste";"2026";"Expansão";"";",00";"103487566,24"
"2026-06-26 13:43:48.523000000";"Energisa SE";"13017462000163";"Concessão";"SE";"Nordeste";"2026";"Expansão";"Obra com Participação Financeira";",00";"7419492,21"
"2026-06-26 13:43:48.523000000";"Energisa SE";"13017462000163";"Concessão";"SE";"Nordeste";"2026";"Expansão";"Planejamento Setorial";",00";"68695547,63"
"2026-06-26 13:43:48.523000000";"Energisa SE";"13017462000163";"Concessão";"SE";"Nordeste";"2026";"Melhoria";"";",00";"73201284,17"
"2026-06-26 13:43:48.523000000";"Energisa SE";"13017462000163";"Concessão";"SE";"Nordeste";"2026";"Renovação";"";",00";"90756759,00"
"2026-06-26 13:43:48.523000000";"Energisa SE";"13017462000163";"Concessão";"SE";"Nordeste";"2027";"Expansão";"";",00";"116447721,55"
"2026-06-26 13:43:48.523000000";"Energisa SE";"13017462000163";"Concessão";"SE";"Nordeste";"2027";"Expansão";"Obra com Participação Financeira";",00";"7419492,21"
"2026-06-26 13:43:48.523000000";"Energisa SE";"13017462000163";"Concessão";"SE";"Nordeste";"2027";"Melhoria";"";",00";"59626162,94"
"2026-06-26 13:43:48.523000000";"Energisa SE";"13017462000163";"Concessão";"SE";"Nordeste";"2027";"Renovação";"";",00";"109858996,82"
"2026-06-26 13:43:48.523000000";"Energisa SE";"13017462000163";"Concessão";"SE";"Nordeste";"2028";"Expansão";"";",00";"86350834,41"
"2026-06-26 13:43:48.523000000";"Energisa SE";"13017462000163";"Concessão";"SE";"Nordeste";"2028";"Expansão";"Obra com Participação Financeira";",00";"7419492,21"
"2026-06-26 13:43:48.523000000";"Energisa SE";"13017462000163";"Concessão";"SE";"Nordeste";"2028";"Melhoria";"";",00";"58283551,65"
"2026-06-26 13:43:48.523000000";"Energisa SE";"13017462000163";"Concessão";"SE";"Nordeste";"2028";"Renovação";"";",00";"98599798,91"
"2026-06-26 13:43:48.523000000";"Energisa SE";"13017462000163";"Concessão";"SE";"Nordeste";"2029";"Expansão";"";",00";"94935056,13"
"2026-06-26 13:43:48.523000000";"Energisa SE";"13017462000163";"Concessão";"SE";"Nordeste";"2029";"Expansão";"Obra com Participação Financeira";",00";"7419492,21"
"2026-06-26 13:43:48.523000000";"Energisa SE";"13017462000163";"Concessão";"SE";"Nordeste";"2029";"Expansão";"Planejamento Setorial";",00";"117801265,78"
"2026-06-26 13:43:48.523000000";"Energisa SE";"13017462000163";"Concessão";"SE";"Nordeste";"2029";"Melhoria";"";",00";"60275069,80"
"2026-06-26 13:43:48.523000000";"Energisa SE";"13017462000163";"Concessão";"SE";"Nordeste";"2029";"Renovação";"";",00";"77453526,91"
"2026-06-26 13:43:48.523000000";"Energisa SE";"13017462000163";"Concessão";"SE";"Nordeste";"2030";"Expansão";"";",00";"87759584,04"
"2026-06-26 13:43:48.523000000";"Energisa SE";"13017462000163";"Concessão";"SE";"Nordeste";"2030";"Expansão";"Obra com Participação Financeira";",00";"7419492,21"
"2026-06-26 13:43:48.523000000";"Energisa SE";"13017462000163";"Concessão";"SE";"Nordeste";"2030";"Melhoria";"";",00";"55732639,07"
"2026-06-26 13:43:48.523000000";"Energisa SE";"13017462000163";"Concessão";"SE";"Nordeste";"2030";"Renovação";"";",00";"85163976,84"
"2026-06-26 13:43:48.523000000";"Energisa Sul-Sudeste";"07282377000120";"Concessão";"SP";"Sudeste";"2016";"Expansão";"";"28617832,45";"8048594,95"
"2026-06-26 13:43:48.523000000";"Energisa Sul-Sudeste";"07282377000120";"Concessão";"SP";"Sudeste";"2016";"Expansão";"Obra com Participação Financeira";"5551301,53";"4539354,81"
"2026-06-26 13:43:48.523000000";"Energisa Sul-Sudeste";"07282377000120";"Concessão";"SP";"Sudeste";"2016";"Melhoria";"";"3409686,55";"4095709,77"
"2026-06-26 13:43:48.523000000";"Energisa Sul-Sudeste";"07282377000120";"Concessão";"SP";"Sudeste";"2016";"Melhoria";"Obra com Participação Financeira";"841071,86";"627514,65"
"2026-06-26 13:43:48.523000000";"Energisa Sul-Sudeste";"07282377000120";"Concessão";"SP";"Sudeste";"2016";"Renovação";"";"3834536,74";"7516905,56"
"2026-06-26 13:43:48.523000000";"Energisa Sul-Sudeste";"07282377000120";"Concessão";"SP";"Sudeste";"2017";"Expansão";"";",00";"5906551,15"
"2026-06-26 13:43:48.523000000";"Energisa Sul-Sudeste";"07282377000120";"Concessão";"SP";"Sudeste";"2017";"Expansão";"Obra com Participação Financeira";"1601253,73";"4594646,68"
"2026-06-26 13:43:48.523000000";"Energisa Sul-Sudeste";"07282377000120";"Concessão";"SP";"Sudeste";"2017";"Melhoria";"";"2228400,64";"9841272,62"
"2026-06-26 13:43:48.523000000";"Energisa Sul-Sudeste";"07282377000120";"Concessão";"SP";"Sudeste";"2017";"Renovação";"";"768211,61";"9222404,26"
"2026-06-26 13:43:48.523000000";"Energisa Sul-Sudeste";"07282377000120";"Concessão";"SP";"Sudeste";"2018";"Expansão";"";"1701199,77";"28979034,13"
"2026-06-26 13:43:48.523000000";"Energisa Sul-Sudeste";"07282377000120";"Concessão";"SP";"Sudeste";"2018";"Expansão";"Obra com Participação Financeira";",00";"16362719,92"
"2026-06-26 13:43:48.523000000";"Energisa Sul-Sudeste";"07282377000120";"Concessão";"SP";"Sudeste";"2018";"Melhoria";"";"1378598,43";"24563004,10"
"2026-06-26 13:43:48.523000000";"Energisa Sul-Sudeste";"07282377000120";"Concessão";"SP";"Sudeste";"2018";"Melhoria";"Obra com Participação Financeira";",00";"1059178,20"
"2026-06-26 13:43:48.523000000";"Energisa Sul-Sudeste";"07282377000120";"Concessão";"SP";"Sudeste";"2018";"Renovação";"";",00";"15198547,24"
"2026-06-26 13:43:48.523000000";"Energisa Sul-Sudeste";"07282377000120";"Concessão";"SP";"Sudeste";"2019";"Expansão";"";"58172173,09";"55769117,62"
"2026-06-26 13:43:48.523000000";"Energisa Sul-Sudeste";"07282377000120";"Concessão";"SP";"Sudeste";"2019";"Expansão";"Obra com Participação Financeira";"17799360,34";"15535546,35"
"2026-06-26 13:43:48.523000000";"Energisa Sul-Sudeste";"07282377000120";"Concessão";"SP";"Sudeste";"2019";"Melhoria";"";"27021912,82";"35817196,65"
"2026-06-26 13:43:48.523000000";"Energisa Sul-Sudeste";"07282377000120";"Concessão";"SP";"Sudeste";"2019";"Melhoria";"Obra com Participação Financeira";"7706322,30";"8998630,40"
"2026-06-26 13:43:48.523000000";"Energisa Sul-Sudeste";"07282377000120";"Concessão";"SP";"Sudeste";"2019";"Renovação";"";"20904098,48";"16906865,37"
"2026-06-26 13:43:48.523000000";"Energisa Sul-Sudeste";"07282377000120";"Concessão";"SP";"Sudeste";"2020";"Expansão";"Obra com Participação Financeira";"20351907,40";"18062418,92"
"2026-06-26 13:43:48.523000000";"Energisa Sul-Sudeste";"07282377000120";"Concessão";"SP";"Sudeste";"2020";"Expansão";"Planejamento Setorial";"84188546,83";"83285714,42"
"2026-06-26 13:43:48.523000000";"Energisa Sul-Sudeste";"07282377000120";"Concessão";"SP";"Sudeste";"2020";"Melhoria";"Planejamento Setorial";"84429347,19";"93746244,71"
"2026-06-26 13:43:48.523000000";"Energisa Sul-Sudeste";"07282377000120";"Concessão";"SP";"Sudeste";"2020";"Renovação";"Planejamento Setorial";"26778471,11";"23797401,60"
"2026-06-26 13:43:48.523000000";"Energisa Sul-Sudeste";"07282377000120";"Concessão";"SP";"Sudeste";"2021";"Expansão";"Obra com Participação Financeira";"26237281,00";"17441036,13"
"2026-06-26 13:43:48.523000000";"Energisa Sul-Sudeste";"07282377000120";"Concessão";"SP";"Sudeste";"2021";"Expansão";"Planejamento Setorial";"36205655,82";"36799723,47"
"2026-06-26 13:43:48.523000000";"Energisa Sul-Sudeste";"07282377000120";"Concessão";"SP";"Sudeste";"2021";"Melhoria";"Obra com Participação Financeira";"12128117,00";"9674807,93"
"2026-06-26 13:43:48.523000000";"Energisa Sul-Sudeste";"07282377000120";"Concessão";"SP";"Sudeste";"2021";"Melhoria";"Planejamento Setorial";"22242995,80";"34592598,81"
"2026-06-26 13:43:48.523000000";"Energisa Sul-Sudeste";"07282377000120";"Concessão";"SP";"Sudeste";"2021";"Renovação";"Planejamento Setorial";"23612577,00";"24012004,93"
"2026-06-26 13:43:48.523000000";"Energisa Sul-Sudeste";"07282377000120";"Concessão";"SP";"Sudeste";"2022";"Expansão";"Obra com Participação Financeira";"36946703,28";"34328769,92"
"2026-06-26 13:43:48.523000000";"Energisa Sul-Sudeste";"07282377000120";"Concessão";"SP";"Sudeste";"2022";"Expansão";"Planejamento Setorial";"27981958,11";"23426900,80"
"2026-06-26 13:43:48.523000000";"Energisa Sul-Sudeste";"07282377000120";"Concessão";"SP";"Sudeste";"2022";"Melhoria";"Obra com Participação Financeira";"14239140,76";"17087950,73"
"2026-06-26 13:43:48.523000000";"Energisa Sul-Sudeste";"07282377000120";"Concessão";"SP";"Sudeste";"2022";"Melhoria";"Planejamento Setorial";"40900597,37";"60861255,42"
"2026-06-26 13:43:48.523000000";"Energisa Sul-Sudeste";"07282377000120";"Concessão";"SP";"Sudeste";"2022";"Renovação";"Planejamento Setorial";"45127926,25";"40161840,69"
"2026-06-26 13:43:48.523000000";"Energisa Sul-Sudeste";"07282377000120";"Concessão";"SP";"Sudeste";"2023";"Expansão";"Obra com Participação Financeira";"70394821,50";"99466901,66"
"2026-06-26 13:43:48.523000000";"Energisa Sul-Sudeste";"07282377000120";"Concessão";"SP";"Sudeste";"2023";"Expansão";"Planejamento Setorial";"65919643,55";"73631022,70"
"2026-06-26 13:43:48.523000000";"Energisa Sul-Sudeste";"07282377000120";"Concessão";"SP";"Sudeste";"2023";"Melhoria";"Planejamento Setorial";"56380504,22";"78067127,63"
"2026-06-26 13:43:48.523000000";"Energisa Sul-Sudeste";"07282377000120";"Concessão";"SP";"Sudeste";"2023";"Renovação";"Planejamento Setorial";"61135651,01";"67613988,23"
"2026-06-26 13:43:48.523000000";"Energisa Sul-Sudeste";"07282377000120";"Concessão";"SP";"Sudeste";"2024";"Expansão";"Obra com Participação Financeira";"46222520,43";"50148104,28"
"2026-06-26 13:43:48.523000000";"Energisa Sul-Sudeste";"07282377000120";"Concessão";"SP";"Sudeste";"2024";"Expansão";"Planejamento Setorial";"206219940,65";"82290383,33"
"2026-06-26 13:43:48.523000000";"Energisa Sul-Sudeste";"07282377000120";"Concessão";"SP";"Sudeste";"2024";"Melhoria";"Planejamento Setorial";"49277871,61";"52429602,95"
"2026-06-26 13:43:48.523000000";"Energisa Sul-Sudeste";"07282377000120";"Concessão";"SP";"Sudeste";"2024";"Renovação";"Planejamento Setorial";"51293872,47";"77966096,60"
"2026-06-26 13:43:48.523000000";"Energisa Sul-Sudeste";"07282377000120";"Concessão";"SP";"Sudeste";"2025";"Expansão";"Obra com Participação Financeira";"163759214,02";"168146895,38"
"2026-06-26 13:43:48.523000000";"Energisa Sul-Sudeste";"07282377000120";"Concessão";"SP";"Sudeste";"2025";"Expansão";"Planejamento Setorial";"142001171,78";"136284323,32"
"2026-06-26 13:43:48.523000000";"Energisa Sul-Sudeste";"07282377000120";"Concessão";"SP";"Sudeste";"2025";"Melhoria";"Planejamento Setorial";"69469399,67";"56360612,43"
"2026-06-26 13:43:48.523000000";"Energisa Sul-Sudeste";"07282377000120";"Concessão";"SP";"Sudeste";"2025";"Renovação";"Planejamento Setorial";"145308114,53";"128429692,96"
"2026-06-26 13:43:48.523000000";"Energisa Sul-Sudeste";"07282377000120";"Concessão";"SP";"Sudeste";"2026";"Expansão";"Obra com Participação Financeira";",00";"138539070,93"
"2026-06-26 13:43:48.523000000";"Energisa Sul-Sudeste";"07282377000120";"Concessão";"SP";"Sudeste";"2026";"Expansão";"Planejamento Setorial";",00";"49996554,53"
"2026-06-26 13:43:48.523000000";"Energisa Sul-Sudeste";"07282377000120";"Concessão";"SP";"Sudeste";"2026";"Melhoria";"Planejamento Setorial";",00";"64672922,05"
"2026-06-26 13:43:48.523000000";"Energisa Sul-Sudeste";"07282377000120";"Concessão";"SP";"Sudeste";"2026";"Renovação";"Planejamento Setorial";",00";"120654346,88"
"2026-06-26 13:43:48.523000000";"Energisa Sul-Sudeste";"07282377000120";"Concessão";"SP";"Sudeste";"2027";"Expansão";"Obra com Participação Financeira";",00";"127077144,39"
"2026-06-26 13:43:48.523000000";"Energisa Sul-Sudeste";"07282377000120";"Concessão";"SP";"Sudeste";"2027";"Expansão";"Planejamento Setorial";",00";"36060877,29"
"2026-06-26 13:43:48.523000000";"Energisa Sul-Sudeste";"07282377000120";"Concessão";"SP";"Sudeste";"2027";"Melhoria";"Planejamento Setorial";",00";"41110510,24"
"2026-06-26 13:43:48.523000000";"Energisa Sul-Sudeste";"07282377000120";"Concessão";"SP";"Sudeste";"2027";"Renovação";"Planejamento Setorial";",00";"61633485,80"
"2026-06-26 13:43:48.523000000";"Energisa Sul-Sudeste";"07282377000120";"Concessão";"SP";"Sudeste";"2028";"Expansão";"Obra com Participação Financeira";",00";"127974200,94"
"2026-06-26 13:43:48.523000000";"Energisa Sul-Sudeste";"07282377000120";"Concessão";"SP";"Sudeste";"2028";"Expansão";"Planejamento Setorial";",00";"54389598,66"
"2026-06-26 13:43:48.523000000";"Energisa Sul-Sudeste";"07282377000120";"Concessão";"SP";"Sudeste";"2028";"Melhoria";"Planejamento Setorial";",00";"80117134,92"
"2026-06-26 13:43:48.523000000";"Energisa Sul-Sudeste";"07282377000120";"Concessão";"SP";"Sudeste";"2028";"Renovação";"Planejamento Setorial";",00";"90321708,66"
"2026-06-26 13:43:48.523000000";"Energisa Sul-Sudeste";"07282377000120";"Concessão";"SP";"Sudeste";"2029";"Expansão";"Obra com Participação Financeira";",00";"122029113,09"
"2026-06-26 13:43:48.523000000";"Energisa Sul-Sudeste";"07282377000120";"Concessão";"SP";"Sudeste";"2029";"Expansão";"Planejamento Setorial";",00";"124148743,61"
"2026-06-26 13:43:48.523000000";"Energisa Sul-Sudeste";"07282377000120";"Concessão";"SP";"Sudeste";"2029";"Melhoria";"Planejamento Setorial";",00";"73834983,20"
"2026-06-26 13:43:48.523000000";"Energisa Sul-Sudeste";"07282377000120";"Concessão";"SP";"Sudeste";"2029";"Renovação";"Planejamento Setorial";",00";"78556580,46"
"2026-06-26 13:43:48.523000000";"Energisa Sul-Sudeste";"07282377000120";"Concessão";"SP";"Sudeste";"2030";"Expansão";"Obra com Participação Financeira";",00";"128584675,82"
"2026-06-26 13:43:48.523000000";"Energisa Sul-Sudeste";"07282377000120";"Concessão";"SP";"Sudeste";"2030";"Expansão";"Planejamento Setorial";",00";"234040785,35"
"2026-06-26 13:43:48.523000000";"Energisa Sul-Sudeste";"07282377000120";"Concessão";"SP";"Sudeste";"2030";"Melhoria";"Planejamento Setorial";",00";"68469864,99"
"2026-06-26 13:43:48.523000000";"Energisa Sul-Sudeste";"07282377000120";"Concessão";"SP";"Sudeste";"2030";"Renovação";"Planejamento Setorial";",00";"96627672,50"
"2026-06-26 13:43:48.523000000";"Energisa TO";"25086034000171";"Concessão";"TO";"Norte";"2016";"Expansão";"";"1529798,46";",00"
"2026-06-26 13:43:48.523000000";"Energisa TO";"25086034000171";"Concessão";"TO";"Norte";"2016";"Expansão";"Luz Para Todos";"95480542,34";"46947927,81"
"2026-06-26 13:43:48.523000000";"Energisa TO";"25086034000171";"Concessão";"TO";"Norte";"2016";"Expansão";"Planejamento Setorial";"94402659,31";"55914834,52"
"2026-06-26 13:43:48.523000000";"Energisa TO";"25086034000171";"Concessão";"TO";"Norte";"2016";"Melhoria";"";"8447842,03";",00"
"2026-06-26 13:43:48.523000000";"Energisa TO";"25086034000171";"Concessão";"TO";"Norte";"2016";"Melhoria";"Planejamento Setorial";"12890158,40";"10356278,31"
"2026-06-26 13:43:48.523000000";"Energisa TO";"25086034000171";"Concessão";"TO";"Norte";"2016";"Renovação";"";"1439813,76";",00"
"2026-06-26 13:43:48.523000000";"Energisa TO";"25086034000171";"Concessão";"TO";"Norte";"2016";"Renovação";"Planejamento Setorial";"32124390,47";"36669340,55"
"2026-06-26 13:43:48.523000000";"Energisa TO";"25086034000171";"Concessão";"TO";"Norte";"2017";"Expansão";"";"130022583,48";"66554710,95"
"2026-06-26 13:43:48.523000000";"Energisa TO";"25086034000171";"Concessão";"TO";"Norte";"2017";"Expansão";"Luz Para Todos";"41251194,40";"62143265,71"
"2026-06-26 13:43:48.523000000";"Energisa TO";"25086034000171";"Concessão";"TO";"Norte";"2017";"Expansão";"Obra com Participação Financeira";"358491,42";"3397743,04"
"2026-06-26 13:43:48.523000000";"Energisa TO";"25086034000171";"Concessão";"TO";"Norte";"2017";"Melhoria";"";"29383406,31";"25608215,55"
"2026-06-26 13:43:48.523000000";"Energisa TO";"25086034000171";"Concessão";"TO";"Norte";"2017";"Renovação";"";"61680716,26";"31851388,57"
"2026-06-26 13:43:48.523000000";"Energisa TO";"25086034000171";"Concessão";"TO";"Norte";"2018";"Expansão";"";"85155072,39";"59475085,10"
"2026-06-26 13:43:48.523000000";"Energisa TO";"25086034000171";"Concessão";"TO";"Norte";"2018";"Expansão";"Luz Para Todos";"56886913,63";"95148672,00"
"2026-06-26 13:43:48.523000000";"Energisa TO";"25086034000171";"Concessão";"TO";"Norte";"2018";"Expansão";"Obra com Participação Financeira";"1243377,43";"1153037,34"
"2026-06-26 13:43:48.523000000";"Energisa TO";"25086034000171";"Concessão";"TO";"Norte";"2018";"Melhoria";"";"52321179,90";"65720830,52"
"2026-06-26 13:43:48.523000000";"Energisa TO";"25086034000171";"Concessão";"TO";"Norte";"2018";"Renovação";"";"54858179,49";"31566678,75"
"2026-06-26 13:43:48.523000000";"Energisa TO";"25086034000171";"Concessão";"TO";"Norte";"2019";"Expansão";"";"167050326,77";"124423605,94"
"2026-06-26 13:43:48.523000000";"Energisa TO";"25086034000171";"Concessão";"TO";"Norte";"2019";"Expansão";"Obra com Participação Financeira";"14190891,95";"9644458,00"
"2026-06-26 13:43:48.523000000";"Energisa TO";"25086034000171";"Concessão";"TO";"Norte";"2019";"Melhoria";"";"77294433,55";"54533183,68"
"2026-06-26 13:43:48.523000000";"Energisa TO";"25086034000171";"Concessão";"TO";"Norte";"2019";"Renovação";"";"67382746,68";"37077647,12"
"2026-06-26 13:43:48.523000000";"Energisa TO";"25086034000171";"Concessão";"TO";"Norte";"2020";"Expansão";"Luz Para Todos";"41004974,62";"60811459,20"
"2026-06-26 13:43:48.523000000";"Energisa TO";"25086034000171";"Concessão";"TO";"Norte";"2020";"Expansão";"Obra com Participação Financeira";"15125968,66";"12359707,50"
"2026-06-26 13:43:48.523000000";"Energisa TO";"25086034000171";"Concessão";"TO";"Norte";"2020";"Expansão";"Planejamento Setorial";"66119631,03";"69565092,96"
"2026-06-26 13:43:48.523000000";"Energisa TO";"25086034000171";"Concessão";"TO";"Norte";"2020";"Melhoria";"Planejamento Setorial";"19798961,72";"24604876,25"
"2026-06-26 13:43:48.523000000";"Energisa TO";"25086034000171";"Concessão";"TO";"Norte";"2020";"Renovação";"Planejamento Setorial";"33252893,92";"25052573,43"
"2026-06-26 13:43:48.523000000";"Energisa TO";"25086034000171";"Concessão";"TO";"Norte";"2021";"Expansão";"Luz Para Todos";",00";"13362180,00"
"2026-06-26 13:43:48.523000000";"Energisa TO";"25086034000171";"Concessão";"TO";"Norte";"2021";"Expansão";"Obra com Participação Financeira";"9231379,93";"10998465,40"
"2026-06-26 13:43:48.523000000";"Energisa TO";"25086034000171";"Concessão";"TO";"Norte";"2021";"Expansão";"Planejamento Setorial";"103666094,39";"149900283,65"
"2026-06-26 13:43:48.523000000";"Energisa TO";"25086034000171";"Concessão";"TO";"Norte";"2021";"Melhoria";"Planejamento Setorial";"24100124,48";"28332603,71"
"2026-06-26 13:43:48.523000000";"Energisa TO";"25086034000171";"Concessão";"TO";"Norte";"2021";"Renovação";"Planejamento Setorial";"39463288,87";"37769340,53"
"2026-06-26 13:43:48.523000000";"Energisa TO";"25086034000171";"Concessão";"TO";"Norte";"2022";"Expansão";"";"208471211,52";"188153829,64"
"2026-06-26 13:43:48.523000000";"Energisa TO";"25086034000171";"Concessão";"TO";"Norte";"2022";"Expansão";"Obra com Participação Financeira";"43991517,57";"64842300,51"
"2026-06-26 13:43:48.523000000";"Energisa TO";"25086034000171";"Concessão";"TO";"Norte";"2022";"Expansão";"Planejamento Setorial";"16298325,51";"11827681,37"
"2026-06-26 13:43:48.523000000";"Energisa TO";"25086034000171";"Concessão";"TO";"Norte";"2022";"Melhoria";"";"41983714,95";"37768977,33"
"2026-06-26 13:43:48.523000000";"Energisa TO";"25086034000171";"Concessão";"TO";"Norte";"2022";"Renovação";"";"61198837,16";"48973429,65"
"2026-06-26 13:43:48.523000000";"Energisa TO";"25086034000171";"Concessão";"TO";"Norte";"2023";"Expansão";"Luz Para Todos";"12216010,30";"4201923,53"
"2026-06-26 13:43:48.523000000";"Energisa TO";"25086034000171";"Concessão";"TO";"Norte";"2023";"Expansão";"Obra com Participação Financeira";"32879722,15";"55537574,84"
"2026-06-26 13:43:48.523000000";"Energisa TO";"25086034000171";"Concessão";"TO";"Norte";"2023";"Expansão";"Planejamento Setorial";"118698743,59";"171473539,20"
"2026-06-26 13:43:48.523000000";"Energisa TO";"25086034000171";"Concessão";"TO";"Norte";"2023";"Melhoria";"Planejamento Setorial";"72281341,20";"91643682,50"
"2026-06-26 13:43:48.523000000";"Energisa TO";"25086034000171";"Concessão";"TO";"Norte";"2023";"Renovação";"Planejamento Setorial";"69607237,96";"71774863,42"
"2026-06-26 13:43:48.523000000";"Energisa TO";"25086034000171";"Concessão";"TO";"Norte";"2024";"Expansão";"";"340910125,43";"267919392,28"
"2026-06-26 13:43:48.523000000";"Energisa TO";"25086034000171";"Concessão";"TO";"Norte";"2024";"Expansão";"Obra com Participação Financeira";"53182415,54";"53358667,80"
"2026-06-26 13:43:48.523000000";"Energisa TO";"25086034000171";"Concessão";"TO";"Norte";"2024";"Expansão";"Planejamento Setorial";"41657648,28";"43895300,34"
"2026-06-26 13:43:48.523000000";"Energisa TO";"25086034000171";"Concessão";"TO";"Norte";"2024";"Melhoria";"";"117699939,73";"91795792,15"
"2026-06-26 13:43:48.523000000";"Energisa TO";"25086034000171";"Concessão";"TO";"Norte";"2024";"Renovação";"";"131342769,86";"105837973,58"
"2026-06-26 13:43:48.523000000";"Energisa TO";"25086034000171";"Concessão";"TO";"Norte";"2025";"Expansão";"";"175862036,59";"269557770,17"
"2026-06-26 13:43:48.523000000";"Energisa TO";"25086034000171";"Concessão";"TO";"Norte";"2025";"Expansão";"Luz Para Todos";"149455372,24";"123629464,08"
"2026-06-26 13:43:48.523000000";"Energisa TO";"25086034000171";"Concessão";"TO";"Norte";"2025";"Expansão";"Obra com Participação Financeira";"66690831,24";"36224787,49"
"2026-06-26 13:43:48.523000000";"Energisa TO";"25086034000171";"Concessão";"TO";"Norte";"2025";"Melhoria";"";"77963636,76";"42803425,33"
"2026-06-26 13:43:48.523000000";"Energisa TO";"25086034000171";"Concessão";"TO";"Norte";"2025";"Renovação";"";"109785170,63";"99453515,61"
"2026-06-26 13:43:48.523000000";"Energisa TO";"25086034000171";"Concessão";"TO";"Norte";"2026";"Expansão";"";",00";"295780746,34"
"2026-06-26 13:43:48.523000000";"Energisa TO";"25086034000171";"Concessão";"TO";"Norte";"2026";"Expansão";"Luz Para Todos";",00";"35131399,29"
"2026-06-26 13:43:48.523000000";"Energisa TO";"25086034000171";"Concessão";"TO";"Norte";"2026";"Expansão";"Obra com Participação Financeira";",00";"14937949,78"
"2026-06-26 13:43:48.523000000";"Energisa TO";"25086034000171";"Concessão";"TO";"Norte";"2026";"Melhoria";"";",00";"80731194,70"
"2026-06-26 13:43:48.523000000";"Energisa TO";"25086034000171";"Concessão";"TO";"Norte";"2026";"Renovação";"";",00";"101857187,53"
"2026-06-26 13:43:48.523000000";"Energisa TO";"25086034000171";"Concessão";"TO";"Norte";"2027";"Expansão";"";",00";"213903283,88"
"2026-06-26 13:43:48.523000000";"Energisa TO";"25086034000171";"Concessão";"TO";"Norte";"2027";"Expansão";"Luz Para Todos";",00";"48661417,48"
"2026-06-26 13:43:48.523000000";"Energisa TO";"25086034000171";"Concessão";"TO";"Norte";"2027";"Expansão";"Obra com Participação Financeira";",00";"42670173,45"
"2026-06-26 13:43:48.523000000";"Energisa TO";"25086034000171";"Concessão";"TO";"Norte";"2027";"Melhoria";"";",00";"49054311,37"
"2026-06-26 13:43:48.523000000";"Energisa TO";"25086034000171";"Concessão";"TO";"Norte";"2027";"Renovação";"";",00";"96986886,74"
"2026-06-26 13:43:48.523000000";"Energisa TO";"25086034000171";"Concessão";"TO";"Norte";"2028";"Expansão";"";",00";"438999597,62"
"2026-06-26 13:43:48.523000000";"Energisa TO";"25086034000171";"Concessão";"TO";"Norte";"2028";"Expansão";"Obra com Participação Financeira";",00";"16909457,00"
"2026-06-26 13:43:48.523000000";"Energisa TO";"25086034000171";"Concessão";"TO";"Norte";"2028";"Melhoria";"";",00";"31741340,69"
"2026-06-26 13:43:48.523000000";"Energisa TO";"25086034000171";"Concessão";"TO";"Norte";"2028";"Renovação";"";",00";"102257382,69"
"2026-06-26 13:43:48.523000000";"Energisa TO";"25086034000171";"Concessão";"TO";"Norte";"2029";"Expansão";"";",00";"578404631,61"
"2026-06-26 13:43:48.523000000";"Energisa TO";"25086034000171";"Concessão";"TO";"Norte";"2029";"Expansão";"Obra com Participação Financeira";",00";"11912177,23"
"2026-06-26 13:43:48.523000000";"Energisa TO";"25086034000171";"Concessão";"TO";"Norte";"2029";"Melhoria";"";",00";"58653037,15"
"2026-06-26 13:43:48.523000000";"Energisa TO";"25086034000171";"Concessão";"TO";"Norte";"2029";"Renovação";"";",00";"122738070,90"
"2026-06-26 13:43:48.523000000";"Energisa TO";"25086034000171";"Concessão";"TO";"Norte";"2030";"Expansão";"";",00";"249735459,10"
"2026-06-26 13:43:48.523000000";"Energisa TO";"25086034000171";"Concessão";"TO";"Norte";"2030";"Expansão";"Obra com Participação Financeira";",00";"12976929,08"
"2026-06-26 13:43:48.523000000";"Energisa TO";"25086034000171";"Concessão";"TO";"Norte";"2030";"Melhoria";"";",00";"101002218,62"
"2026-06-26 13:43:48.523000000";"Energisa TO";"25086034000171";"Concessão";"TO";"Norte";"2030";"Renovação";"";",00";"149197363,32"
"2026-06-26 13:43:48.523000000";"Equatorial AL";"12272084000100";"Concessão";"AL";"Nordeste";"2016";"Expansão";"Luz Para Todos";"26499346,00";"31359023,26"
"2026-06-26 13:43:48.523000000";"Equatorial AL";"12272084000100";"Concessão";"AL";"Nordeste";"2016";"Expansão";"Planejamento Setorial";"12032490,03";"79042311,34"
"2026-06-26 13:43:48.523000000";"Equatorial AL";"12272084000100";"Concessão";"AL";"Nordeste";"2016";"Melhoria";"Planejamento Setorial";"3586114,57";"27607729,29"
"2026-06-26 13:43:48.523000000";"Equatorial AL";"12272084000100";"Concessão";"AL";"Nordeste";"2016";"Renovação";"Planejamento Setorial";",00";"4003060,04"
"2026-06-26 13:43:48.523000000";"Equatorial AL";"12272084000100";"Concessão";"AL";"Nordeste";"2017";"Expansão";"";"24671101,21";"43257478,12"
"2026-06-26 13:43:48.523000000";"Equatorial AL";"12272084000100";"Concessão";"AL";"Nordeste";"2017";"Expansão";"Luz Para Todos";",00";"24941912,72"
"2026-06-26 13:43:48.523000000";"Equatorial AL";"12272084000100";"Concessão";"AL";"Nordeste";"2017";"Expansão";"Planejamento Setorial";"3713860,58";"4926541,40"
"2026-06-26 13:43:48.523000000";"Equatorial AL";"12272084000100";"Concessão";"AL";"Nordeste";"2017";"Melhoria";"";"8750172,39";"8184010,55"
"2026-06-26 13:43:48.523000000";"Equatorial AL";"12272084000100";"Concessão";"AL";"Nordeste";"2018";"Expansão";"";"59377464,54";"80282398,29"
"2026-06-26 13:43:48.523000000";"Equatorial AL";"12272084000100";"Concessão";"AL";"Nordeste";"2018";"Expansão";"Luz Para Todos";"13002428,46";"21277417,96"
"2026-06-26 13:43:48.523000000";"Equatorial AL";"12272084000100";"Concessão";"AL";"Nordeste";"2018";"Expansão";"Obra com Participação Financeira";"252712,58";",00"
"2026-06-26 13:43:48.523000000";"Equatorial AL";"12272084000100";"Concessão";"AL";"Nordeste";"2018";"Expansão";"Planejamento Setorial";",00";"57600,00"
"2026-06-26 13:43:48.523000000";"Equatorial AL";"12272084000100";"Concessão";"AL";"Nordeste";"2018";"Melhoria";"";"1600068,29";"826983,17"
"2026-06-26 13:43:48.523000000";"Equatorial AL";"12272084000100";"Concessão";"AL";"Nordeste";"2018";"Melhoria";"Obra com Participação Financeira";"348777,67";",00"
"2026-06-26 13:43:48.523000000";"Equatorial AL";"12272084000100";"Concessão";"AL";"Nordeste";"2018";"Renovação";"";"45635384,03";"17193921,26"
"2026-06-26 13:43:48.523000000";"Equatorial AL";"12272084000100";"Concessão";"AL";"Nordeste";"2019";"Expansão";"";"125562489,04";"75270625,75"
"2026-06-26 13:43:48.523000000";"Equatorial AL";"12272084000100";"Concessão";"AL";"Nordeste";"2019";"Expansão";"Luz Para Todos";"1144690,55";",00"
"2026-06-26 13:43:48.523000000";"Equatorial AL";"12272084000100";"Concessão";"AL";"Nordeste";"2019";"Expansão";"Obra com Participação Financeira";"223827,68";"535446,64"
"2026-06-26 13:43:48.523000000";"Equatorial AL";"12272084000100";"Concessão";"AL";"Nordeste";"2019";"Expansão";"Planejamento Setorial";"15676547,51";"18986797,79"
"2026-06-26 13:43:48.523000000";"Equatorial AL";"12272084000100";"Concessão";"AL";"Nordeste";"2019";"Melhoria";"";"38095862,40";"24370474,38"
"2026-06-26 13:43:48.523000000";"Equatorial AL";"12272084000100";"Concessão";"AL";"Nordeste";"2019";"Renovação";"";"61974443,08";"34035234,28"
"2026-06-26 13:43:48.523000000";"Equatorial AL";"12272084000100";"Concessão";"AL";"Nordeste";"2020";"Expansão";"";"34542190,49";"78847257,21"
"2026-06-26 13:43:48.523000000";"Equatorial AL";"12272084000100";"Concessão";"AL";"Nordeste";"2020";"Expansão";"Obra com Participação Financeira";"181728,40";"391531,16"
"2026-06-26 13:43:48.523000000";"Equatorial AL";"12272084000100";"Concessão";"AL";"Nordeste";"2020";"Expansão";"Planejamento Setorial";"4416919,67";"34423873,07"
"2026-06-26 13:43:48.523000000";"Equatorial AL";"12272084000100";"Concessão";"AL";"Nordeste";"2020";"Melhoria";"";"47940874,04";"84364752,41"
"2026-06-26 13:43:48.523000000";"Equatorial AL";"12272084000100";"Concessão";"AL";"Nordeste";"2020";"Renovação";"";"9612502,19";"43451511,70"
"2026-06-26 13:43:48.523000000";"Equatorial AL";"12272084000100";"Concessão";"AL";"Nordeste";"2021";"Expansão";"";"32985243,63";"135066307,30"
"2026-06-26 13:43:48.523000000";"Equatorial AL";"12272084000100";"Concessão";"AL";"Nordeste";"2021";"Expansão";"Obra com Participação Financeira";"1629359,99";"6130345,07"
"2026-06-26 13:43:48.523000000";"Equatorial AL";"12272084000100";"Concessão";"AL";"Nordeste";"2021";"Expansão";"Planejamento Setorial";"39187041,04";"31316148,66"
"2026-06-26 13:43:48.523000000";"Equatorial AL";"12272084000100";"Concessão";"AL";"Nordeste";"2021";"Melhoria";"";"56395819,29";"79619860,02"
"2026-06-26 13:43:48.523000000";"Equatorial AL";"12272084000100";"Concessão";"AL";"Nordeste";"2021";"Renovação";"";"26242807,66";"49054867,58"
"2026-06-26 13:43:48.523000000";"Equatorial AL";"12272084000100";"Concessão";"AL";"Nordeste";"2022";"Expansão";"";"187381336,03";"160880006,24"
"2026-06-26 13:43:48.523000000";"Equatorial AL";"12272084000100";"Concessão";"AL";"Nordeste";"2022";"Expansão";"Obra com Participação Financeira";"7546251,32";"2565360,11"
"2026-06-26 13:43:48.523000000";"Equatorial AL";"12272084000100";"Concessão";"AL";"Nordeste";"2022";"Expansão";"Planejamento Setorial";"308249,60";"393551,62"
"2026-06-26 13:43:48.523000000";"Equatorial AL";"12272084000100";"Concessão";"AL";"Nordeste";"2022";"Melhoria";"";"120305209,81";"134368629,48"
"2026-06-26 13:43:48.523000000";"Equatorial AL";"12272084000100";"Concessão";"AL";"Nordeste";"2022";"Renovação";"";"56679388,14";"86232543,86"
"2026-06-26 13:43:48.523000000";"Equatorial AL";"12272084000100";"Concessão";"AL";"Nordeste";"2023";"Expansão";"";"293751476,94";"208675155,13"
"2026-06-26 13:43:48.523000000";"Equatorial AL";"12272084000100";"Concessão";"AL";"Nordeste";"2023";"Expansão";"Obra com Participação Financeira";"27665493,35";"12173492,53"
"2026-06-26 13:43:48.523000000";"Equatorial AL";"12272084000100";"Concessão";"AL";"Nordeste";"2023";"Expansão";"Planejamento Setorial";"24849993,88";"24540789,36"
"2026-06-26 13:43:48.523000000";"Equatorial AL";"12272084000100";"Concessão";"AL";"Nordeste";"2023";"Melhoria";"";"239230774,70";"201169998,68"
"2026-06-26 13:43:48.523000000";"Equatorial AL";"12272084000100";"Concessão";"AL";"Nordeste";"2023";"Melhoria";"Planejamento Setorial";",00";"284000,00"
"2026-06-26 13:43:48.523000000";"Equatorial AL";"12272084000100";"Concessão";"AL";"Nordeste";"2023";"Renovação";"";"98881803,97";"71674756,45"
"2026-06-26 13:43:48.523000000";"Equatorial AL";"12272084000100";"Concessão";"AL";"Nordeste";"2023";"Renovação";"Planejamento Setorial";"9997693,64";"8742630,00"
"2026-06-26 13:43:48.523000000";"Equatorial AL";"12272084000100";"Concessão";"AL";"Nordeste";"2024";"Expansão";"";"123950393,93";"110743409,23"
"2026-06-26 13:43:48.523000000";"Equatorial AL";"12272084000100";"Concessão";"AL";"Nordeste";"2024";"Expansão";"Obra com Participação Financeira";"20083086,14";"10100496,31"
"2026-06-26 13:43:48.523000000";"Equatorial AL";"12272084000100";"Concessão";"AL";"Nordeste";"2024";"Expansão";"Planejamento Setorial";"513997,25";"444020,49"
"2026-06-26 13:43:48.523000000";"Equatorial AL";"12272084000100";"Concessão";"AL";"Nordeste";"2024";"Melhoria";"";"130228815,33";"144864070,98"
"2026-06-26 13:43:48.523000000";"Equatorial AL";"12272084000100";"Concessão";"AL";"Nordeste";"2024";"Renovação";"";"39129750,07";"66722796,65"
"2026-06-26 13:43:48.523000000";"Equatorial AL";"12272084000100";"Concessão";"AL";"Nordeste";"2025";"Expansão";"";"167773835,24";"218571918,30"
"2026-06-26 13:43:48.523000000";"Equatorial AL";"12272084000100";"Concessão";"AL";"Nordeste";"2025";"Expansão";"Luz Para Todos";",00";"374033,06"
"2026-06-26 13:43:48.523000000";"Equatorial AL";"12272084000100";"Concessão";"AL";"Nordeste";"2025";"Expansão";"Obra com Participação Financeira";"57963357,33";"38946969,39"
"2026-06-26 13:43:48.523000000";"Equatorial AL";"12272084000100";"Concessão";"AL";"Nordeste";"2025";"Melhoria";"";"183425254,77";"259614142,46"
"2026-06-26 13:43:48.523000000";"Equatorial AL";"12272084000100";"Concessão";"AL";"Nordeste";"2025";"Renovação";"";"78059791,53";"77593241,44"
"2026-06-26 13:43:48.523000000";"Equatorial AL";"12272084000100";"Concessão";"AL";"Nordeste";"2026";"Expansão";"";",00";"247356009,09"
"2026-06-26 13:43:48.523000000";"Equatorial AL";"12272084000100";"Concessão";"AL";"Nordeste";"2026";"Expansão";"Obra com Participação Financeira";",00";"52796560,27"
"2026-06-26 13:43:48.523000000";"Equatorial AL";"12272084000100";"Concessão";"AL";"Nordeste";"2026";"Melhoria";"";",00";"175725052,80"
"2026-06-26 13:43:48.523000000";"Equatorial AL";"12272084000100";"Concessão";"AL";"Nordeste";"2026";"Renovação";"";",00";"33949511,40"
"2026-06-26 13:43:48.523000000";"Equatorial AL";"12272084000100";"Concessão";"AL";"Nordeste";"2027";"Expansão";"";",00";"159001958,82"
"2026-06-26 13:43:48.523000000";"Equatorial AL";"12272084000100";"Concessão";"AL";"Nordeste";"2027";"Expansão";"Obra com Participação Financeira";",00";"36665419,45"
"2026-06-26 13:43:48.523000000";"Equatorial AL";"12272084000100";"Concessão";"AL";"Nordeste";"2027";"Melhoria";"";",00";"129836557,12"
"2026-06-26 13:43:48.523000000";"Equatorial AL";"12272084000100";"Concessão";"AL";"Nordeste";"2027";"Renovação";"";",00";"37197936,75"
"2026-06-26 13:43:48.523000000";"Equatorial AL";"12272084000100";"Concessão";"AL";"Nordeste";"2028";"Expansão";"";",00";"159374068,24"
"2026-06-26 13:43:48.523000000";"Equatorial AL";"12272084000100";"Concessão";"AL";"Nordeste";"2028";"Expansão";"Obra com Participação Financeira";",00";"36665419,45"
"2026-06-26 13:43:48.523000000";"Equatorial AL";"12272084000100";"Concessão";"AL";"Nordeste";"2028";"Melhoria";"";",00";"170855277,88"
"2026-06-26 13:43:48.523000000";"Equatorial AL";"12272084000100";"Concessão";"AL";"Nordeste";"2028";"Renovação";"";",00";"40361172,58"
"2026-06-26 13:43:48.523000000";"Equatorial AL";"12272084000100";"Concessão";"AL";"Nordeste";"2029";"Expansão";"";",00";"408351171,45"
"2026-06-26 13:43:48.523000000";"Equatorial AL";"12272084000100";"Concessão";"AL";"Nordeste";"2029";"Expansão";"Obra com Participação Financeira";",00";"36032615,06"
"2026-06-26 13:43:48.523000000";"Equatorial AL";"12272084000100";"Concessão";"AL";"Nordeste";"2029";"Melhoria";"";",00";"116525871,46"
"2026-06-26 13:43:48.523000000";"Equatorial AL";"12272084000100";"Concessão";"AL";"Nordeste";"2029";"Renovação";"";",00";"117339287,44"
"2026-06-26 13:43:48.523000000";"Equatorial AL";"12272084000100";"Concessão";"AL";"Nordeste";"2030";"Expansão";"";",00";"223554162,45"
"2026-06-26 13:43:48.523000000";"Equatorial AL";"12272084000100";"Concessão";"AL";"Nordeste";"2030";"Expansão";"Obra com Participação Financeira";",00";"36032615,06"
"2026-06-26 13:43:48.523000000";"Equatorial AL";"12272084000100";"Concessão";"AL";"Nordeste";"2030";"Melhoria";"";",00";"94648210,98"
"2026-06-26 13:43:48.523000000";"Equatorial AL";"12272084000100";"Concessão";"AL";"Nordeste";"2030";"Renovação";"";",00";"36946081,47"
"2026-06-26 13:43:48.523000000";"Equatorial MA";"06272793000184";"Concessão";"MA";"Nordeste";"2016";"Expansão";"";"178562133,94";"248022686,25"
"2026-06-26 13:43:48.523000000";"Equatorial MA";"06272793000184";"Concessão";"MA";"Nordeste";"2016";"Expansão";"Luz Para Todos";"93689837,53";"211466028,87"
"2026-06-26 13:43:48.523000000";"Equatorial MA";"06272793000184";"Concessão";"MA";"Nordeste";"2016";"Expansão";"Obra com Participação Financeira";"8916987,68";"10737235,97"
"2026-06-26 13:43:48.523000000";"Equatorial MA";"06272793000184";"Concessão";"MA";"Nordeste";"2016";"Melhoria";"";"48809605,48";"65682142,70"
"2026-06-26 13:43:48.523000000";"Equatorial MA";"06272793000184";"Concessão";"MA";"Nordeste";"2016";"Melhoria";"Obra com Participação Financeira";"566460,96";",00"
"2026-06-26 13:43:48.523000000";"Equatorial MA";"06272793000184";"Concessão";"MA";"Nordeste";"2016";"Renovação";"";"36751822,31";"44481479,93"
"2026-06-26 13:43:48.523000000";"Equatorial MA";"06272793000184";"Concessão";"MA";"Nordeste";"2017";"Expansão";"";"274819118,94";"418546647,65"
"2026-06-26 13:43:48.523000000";"Equatorial MA";"06272793000184";"Concessão";"MA";"Nordeste";"2017";"Expansão";"Luz Para Todos";"95598138,27";"109296443,60"
"2026-06-26 13:43:48.523000000";"Equatorial MA";"06272793000184";"Concessão";"MA";"Nordeste";"2017";"Expansão";"Obra com Participação Financeira";"12270034,67";"18860049,47"
"2026-06-26 13:43:48.523000000";"Equatorial MA";"06272793000184";"Concessão";"MA";"Nordeste";"2017";"Melhoria";"";"69683252,30";"69846724,40"
"2026-06-26 13:43:48.523000000";"Equatorial MA";"06272793000184";"Concessão";"MA";"Nordeste";"2017";"Renovação";"";"70497584,01";"69243536,26"
"2026-06-26 13:43:48.523000000";"Equatorial MA";"06272793000184";"Concessão";"MA";"Nordeste";"2018";"Expansão";"";"167928814,06";"128933131,45"
"2026-06-26 13:43:48.523000000";"Equatorial MA";"06272793000184";"Concessão";"MA";"Nordeste";"2018";"Expansão";"Luz Para Todos";"75584237,22";"115327298,93"
"2026-06-26 13:43:48.523000000";"Equatorial MA";"06272793000184";"Concessão";"MA";"Nordeste";"2018";"Expansão";"Obra com Participação Financeira";"17820402,97";"9556653,63"
"2026-06-26 13:43:48.523000000";"Equatorial MA";"06272793000184";"Concessão";"MA";"Nordeste";"2018";"Melhoria";"";"63666052,05";"54192180,72"
"2026-06-26 13:43:48.523000000";"Equatorial MA";"06272793000184";"Concessão";"MA";"Nordeste";"2018";"Renovação";"";"62124837,23";"40721195,94"
"2026-06-26 13:43:48.523000000";"Equatorial MA";"06272793000184";"Concessão";"MA";"Nordeste";"2019";"Expansão";"";"95244678,55";"125085292,32"
"2026-06-26 13:43:48.523000000";"Equatorial MA";"06272793000184";"Concessão";"MA";"Nordeste";"2019";"Expansão";"Luz Para Todos";"45214878,82";"94703482,55"
"2026-06-26 13:43:48.523000000";"Equatorial MA";"06272793000184";"Concessão";"MA";"Nordeste";"2019";"Expansão";"Obra com Participação Financeira";"9508056,77";"9384774,28"
"2026-06-26 13:43:48.523000000";"Equatorial MA";"06272793000184";"Concessão";"MA";"Nordeste";"2019";"Expansão";"Planejamento Setorial";",00";"305236,86"
"2026-06-26 13:43:48.523000000";"Equatorial MA";"06272793000184";"Concessão";"MA";"Nordeste";"2019";"Melhoria";"";"44203897,09";"53597453,56"
"2026-06-26 13:43:48.523000000";"Equatorial MA";"06272793000184";"Concessão";"MA";"Nordeste";"2019";"Renovação";"";"40761920,21";"54370450,97"
"2026-06-26 13:43:48.523000000";"Equatorial MA";"06272793000184";"Concessão";"MA";"Nordeste";"2020";"Expansão";"";"123940043,37";"308397779,76"
"2026-06-26 13:43:48.523000000";"Equatorial MA";"06272793000184";"Concessão";"MA";"Nordeste";"2020";"Expansão";"Luz Para Todos";"103108535,50";"195819342,24"
"2026-06-26 13:43:48.523000000";"Equatorial MA";"06272793000184";"Concessão";"MA";"Nordeste";"2020";"Expansão";"Obra com Participação Financeira";"38451299,52";"10068622,19"
"2026-06-26 13:43:48.523000000";"Equatorial MA";"06272793000184";"Concessão";"MA";"Nordeste";"2020";"Expansão";"Planejamento Setorial";"353891,01";"40817032,15"
"2026-06-26 13:43:48.523000000";"Equatorial MA";"06272793000184";"Concessão";"MA";"Nordeste";"2020";"Melhoria";"";"88753755,63";"81724274,32"
"2026-06-26 13:43:48.523000000";"Equatorial MA";"06272793000184";"Concessão";"MA";"Nordeste";"2020";"Renovação";"";"55384572,77";"80210275,16"
"2026-06-26 13:43:48.523000000";"Equatorial MA";"06272793000184";"Concessão";"MA";"Nordeste";"2021";"Expansão";"";"264691619,90";"359468431,48"
"2026-06-26 13:43:48.523000000";"Equatorial MA";"06272793000184";"Concessão";"MA";"Nordeste";"2021";"Expansão";"Luz Para Todos";"59899221,04";"189866243,68"
"2026-06-26 13:43:48.523000000";"Equatorial MA";"06272793000184";"Concessão";"MA";"Nordeste";"2021";"Expansão";"Obra com Participação Financeira";"44995195,24";"16438226,35"
"2026-06-26 13:43:48.523000000";"Equatorial MA";"06272793000184";"Concessão";"MA";"Nordeste";"2021";"Expansão";"Planejamento Setorial";"41112519,33";"40511795,29"
"2026-06-26 13:43:48.523000000";"Equatorial MA";"06272793000184";"Concessão";"MA";"Nordeste";"2021";"Melhoria";"";"93794687,02";"147714189,91"
"2026-06-26 13:43:48.523000000";"Equatorial MA";"06272793000184";"Concessão";"MA";"Nordeste";"2021";"Renovação";"";"88059668,66";"89761048,49"
"2026-06-26 13:43:48.523000000";"Equatorial MA";"06272793000184";"Concessão";"MA";"Nordeste";"2022";"Expansão";"";"215882665,69";"407131267,46"
"2026-06-26 13:43:48.523000000";"Equatorial MA";"06272793000184";"Concessão";"MA";"Nordeste";"2022";"Expansão";"Luz Para Todos";"73714408,40";"192893303,60"
"2026-06-26 13:43:48.523000000";"Equatorial MA";"06272793000184";"Concessão";"MA";"Nordeste";"2022";"Expansão";"Obra com Participação Financeira";"40373425,65";"33905506,31"
"2026-06-26 13:43:48.523000000";"Equatorial MA";"06272793000184";"Concessão";"MA";"Nordeste";"2022";"Melhoria";"";"179679301,58";"182382878,79"
"2026-06-26 13:43:48.523000000";"Equatorial MA";"06272793000184";"Concessão";"MA";"Nordeste";"2022";"Renovação";"";"102627071,96";"136837327,05"
"2026-06-26 13:43:48.523000000";"Equatorial MA";"06272793000184";"Concessão";"MA";"Nordeste";"2023";"Expansão";"";"307538118,95";"412993280,17"
"2026-06-26 13:43:48.523000000";"Equatorial MA";"06272793000184";"Concessão";"MA";"Nordeste";"2023";"Expansão";"Luz Para Todos";"60225558,90";"172855188,01"
"2026-06-26 13:43:48.523000000";"Equatorial MA";"06272793000184";"Concessão";"MA";"Nordeste";"2023";"Expansão";"Obra com Participação Financeira";"78365447,93";"26665909,90"
"2026-06-26 13:43:48.523000000";"Equatorial MA";"06272793000184";"Concessão";"MA";"Nordeste";"2023";"Melhoria";"";"263122112,45";"307830574,92"
"2026-06-26 13:43:48.523000000";"Equatorial MA";"06272793000184";"Concessão";"MA";"Nordeste";"2023";"Renovação";"";"128451915,95";"158362716,63"
"2026-06-26 13:43:48.523000000";"Equatorial MA";"06272793000184";"Concessão";"MA";"Nordeste";"2024";"Expansão";"";"373120484,48";"550121226,16"
"2026-06-26 13:43:48.523000000";"Equatorial MA";"06272793000184";"Concessão";"MA";"Nordeste";"2024";"Expansão";"Luz Para Todos";"107830343,70";"65555613,05"
"2026-06-26 13:43:48.523000000";"Equatorial MA";"06272793000184";"Concessão";"MA";"Nordeste";"2024";"Expansão";"Obra com Participação Financeira";"43688029,82";"13964786,13"
"2026-06-26 13:43:48.523000000";"Equatorial MA";"06272793000184";"Concessão";"MA";"Nordeste";"2024";"Expansão";"Planejamento Setorial";",00";"23288900,01"
"2026-06-26 13:43:48.523000000";"Equatorial MA";"06272793000184";"Concessão";"MA";"Nordeste";"2024";"Melhoria";"";"327683360,27";"276139557,45"
"2026-06-26 13:43:48.523000000";"Equatorial MA";"06272793000184";"Concessão";"MA";"Nordeste";"2024";"Renovação";"";"192798559,00";"126964656,42"
"2026-06-26 13:43:48.523000000";"Equatorial MA";"06272793000184";"Concessão";"MA";"Nordeste";"2025";"Expansão";"";"449585441,08";"425527425,85"
"2026-06-26 13:43:48.523000000";"Equatorial MA";"06272793000184";"Concessão";"MA";"Nordeste";"2025";"Expansão";"Luz Para Todos";"128694081,92";"306844596,38"
"2026-06-26 13:43:48.523000000";"Equatorial MA";"06272793000184";"Concessão";"MA";"Nordeste";"2025";"Expansão";"Obra com Participação Financeira";"93830537,74";"72459206,74"
"2026-06-26 13:43:48.523000000";"Equatorial MA";"06272793000184";"Concessão";"MA";"Nordeste";"2025";"Expansão";"Planejamento Setorial";"28632476,26";"23288900,01"
"2026-06-26 13:43:48.523000000";"Equatorial MA";"06272793000184";"Concessão";"MA";"Nordeste";"2025";"Melhoria";"";"335779472,25";"202719046,71"
"2026-06-26 13:43:48.523000000";"Equatorial MA";"06272793000184";"Concessão";"MA";"Nordeste";"2025";"Renovação";"";"226824468,20";"200618743,70"
"2026-06-26 13:43:48.523000000";"Equatorial MA";"06272793000184";"Concessão";"MA";"Nordeste";"2026";"Expansão";"";",00";"391541441,86"
"2026-06-26 13:43:48.523000000";"Equatorial MA";"06272793000184";"Concessão";"MA";"Nordeste";"2026";"Expansão";"Luz Para Todos";",00";"174819083,85"
"2026-06-26 13:43:48.523000000";"Equatorial MA";"06272793000184";"Concessão";"MA";"Nordeste";"2026";"Expansão";"Obra com Participação Financeira";",00";"54391530,56"
"2026-06-26 13:43:48.523000000";"Equatorial MA";"06272793000184";"Concessão";"MA";"Nordeste";"2026";"Expansão";"Planejamento Setorial";",00";"9043628,14"
"2026-06-26 13:43:48.523000000";"Equatorial MA";"06272793000184";"Concessão";"MA";"Nordeste";"2026";"Melhoria";"";",00";"194536651,98"
"2026-06-26 13:43:48.523000000";"Equatorial MA";"06272793000184";"Concessão";"MA";"Nordeste";"2026";"Renovação";"";",00";"114993904,02"
"2026-06-26 13:43:48.523000000";"Equatorial MA";"06272793000184";"Concessão";"MA";"Nordeste";"2027";"Expansão";"";",00";"956069012,52"
"2026-06-26 13:43:48.523000000";"Equatorial MA";"06272793000184";"Concessão";"MA";"Nordeste";"2027";"Expansão";"Luz Para Todos";",00";"302384217,61"
"2026-06-26 13:43:48.523000000";"Equatorial MA";"06272793000184";"Concessão";"MA";"Nordeste";"2027";"Expansão";"Obra com Participação Financeira";",00";"54206247,19"
"2026-06-26 13:43:48.523000000";"Equatorial MA";"06272793000184";"Concessão";"MA";"Nordeste";"2027";"Melhoria";"";",00";"233972188,27"
"2026-06-26 13:43:48.523000000";"Equatorial MA";"06272793000184";"Concessão";"MA";"Nordeste";"2027";"Renovação";"";",00";"152644225,15"
"2026-06-26 13:43:48.523000000";"Equatorial MA";"06272793000184";"Concessão";"MA";"Nordeste";"2028";"Expansão";"";",00";"1019117399,58"
"2026-06-26 13:43:48.523000000";"Equatorial MA";"06272793000184";"Concessão";"MA";"Nordeste";"2028";"Expansão";"Luz Para Todos";",00";"322377207,44"
"2026-06-26 13:43:48.523000000";"Equatorial MA";"06272793000184";"Concessão";"MA";"Nordeste";"2028";"Expansão";"Obra com Participação Financeira";",00";"54206247,19"
"2026-06-26 13:43:48.523000000";"Equatorial MA";"06272793000184";"Concessão";"MA";"Nordeste";"2028";"Melhoria";"";",00";"302720382,21"
"2026-06-26 13:43:48.523000000";"Equatorial MA";"06272793000184";"Concessão";"MA";"Nordeste";"2028";"Renovação";"";",00";"209579837,49"
"2026-06-26 13:43:48.523000000";"Equatorial MA";"06272793000184";"Concessão";"MA";"Nordeste";"2029";"Expansão";"";",00";"888297956,02"
"2026-06-26 13:43:48.523000000";"Equatorial MA";"06272793000184";"Concessão";"MA";"Nordeste";"2029";"Expansão";"Luz Para Todos";",00";"51430507,50"
"2026-06-26 13:43:48.523000000";"Equatorial MA";"06272793000184";"Concessão";"MA";"Nordeste";"2029";"Expansão";"Obra com Participação Financeira";",00";"50892596,99"
"2026-06-26 13:43:48.523000000";"Equatorial MA";"06272793000184";"Concessão";"MA";"Nordeste";"2029";"Melhoria";"";",00";"227261759,62"
"2026-06-26 13:43:48.523000000";"Equatorial MA";"06272793000184";"Concessão";"MA";"Nordeste";"2029";"Renovação";"";",00";"183598683,85"
"2026-06-26 13:43:48.523000000";"Equatorial MA";"06272793000184";"Concessão";"MA";"Nordeste";"2030";"Expansão";"";",00";"650891965,40"
"2026-06-26 13:43:48.523000000";"Equatorial MA";"06272793000184";"Concessão";"MA";"Nordeste";"2030";"Expansão";"Luz Para Todos";",00";"51430507,50"
"2026-06-26 13:43:48.523000000";"Equatorial MA";"06272793000184";"Concessão";"MA";"Nordeste";"2030";"Expansão";"Obra com Participação Financeira";",00";"50892596,99"
"2026-06-26 13:43:48.523000000";"Equatorial MA";"06272793000184";"Concessão";"MA";"Nordeste";"2030";"Melhoria";"";",00";"219198968,60"
"2026-06-26 13:43:48.523000000";"Equatorial MA";"06272793000184";"Concessão";"MA";"Nordeste";"2030";"Renovação";"";",00";"151635960,42"
"2026-06-26 13:43:48.523000000";"Equatorial PA";"04895728000180";"Concessão";"PA";"Norte";"2016";"Expansão";"";"134266239,37";"275000235,74"
"2026-06-26 13:43:48.523000000";"Equatorial PA";"04895728000180";"Concessão";"PA";"Norte";"2016";"Expansão";"Luz Para Todos";"134875674,54";"289473643,03"
"2026-06-26 13:43:48.523000000";"Equatorial PA";"04895728000180";"Concessão";"PA";"Norte";"2016";"Expansão";"Obra com Participação Financeira";"4206083,17";"16687809,43"
"2026-06-26 13:43:48.523000000";"Equatorial PA";"04895728000180";"Concessão";"PA";"Norte";"2016";"Melhoria";"";"102140868,22";"65480677,02"
"2026-06-26 13:43:48.523000000";"Equatorial PA";"04895728000180";"Concessão";"PA";"Norte";"2016";"Renovação";"";"53780434,97";"58717405,06"
"2026-06-26 13:43:48.523000000";"Equatorial PA";"04895728000180";"Concessão";"PA";"Norte";"2017";"Expansão";"";"143082903,65";"328911360,29"
"2026-06-26 13:43:48.523000000";"Equatorial PA";"04895728000180";"Concessão";"PA";"Norte";"2017";"Expansão";"Luz Para Todos";"160975323,52";"389724856,27"
"2026-06-26 13:43:48.523000000";"Equatorial PA";"04895728000180";"Concessão";"PA";"Norte";"2017";"Expansão";"Obra com Participação Financeira";"2757930,95";"12571755,87"
"2026-06-26 13:43:48.523000000";"Equatorial PA";"04895728000180";"Concessão";"PA";"Norte";"2017";"Melhoria";"";"181919797,32";"151356312,09"
"2026-06-26 13:43:48.523000000";"Equatorial PA";"04895728000180";"Concessão";"PA";"Norte";"2017";"Renovação";"";"33242913,36";"78977399,80"
"2026-06-26 13:43:48.523000000";"Equatorial PA";"04895728000180";"Concessão";"PA";"Norte";"2018";"Expansão";"";"414253855,32";"300157785,59"
"2026-06-26 13:43:48.523000000";"Equatorial PA";"04895728000180";"Concessão";"PA";"Norte";"2018";"Expansão";"Luz Para Todos";"241311428,72";"480443546,41"
"2026-06-26 13:43:48.523000000";"Equatorial PA";"04895728000180";"Concessão";"PA";"Norte";"2018";"Expansão";"Obra com Participação Financeira";"23524198,90";"11119492,29"
"2026-06-26 13:43:48.523000000";"Equatorial PA";"04895728000180";"Concessão";"PA";"Norte";"2018";"Expansão";"Planejamento Setorial";"340588,55";"6563184,71"
"2026-06-26 13:43:48.523000000";"Equatorial PA";"04895728000180";"Concessão";"PA";"Norte";"2018";"Melhoria";"";"211214443,19";"166131250,17"
"2026-06-26 13:43:48.523000000";"Equatorial PA";"04895728000180";"Concessão";"PA";"Norte";"2018";"Renovação";"";"76940196,28";"65600331,06"
"2026-06-26 13:43:48.523000000";"Equatorial PA";"04895728000180";"Concessão";"PA";"Norte";"2019";"Expansão";"";"336874149,30";"316181714,39"
"2026-06-26 13:43:48.523000000";"Equatorial PA";"04895728000180";"Concessão";"PA";"Norte";"2019";"Expansão";"Luz Para Todos";"207717048,26";"402050238,42"
"2026-06-26 13:43:48.523000000";"Equatorial PA";"04895728000180";"Concessão";"PA";"Norte";"2019";"Expansão";"Obra com Participação Financeira";"27021578,06";"13830861,44"
"2026-06-26 13:43:48.523000000";"Equatorial PA";"04895728000180";"Concessão";"PA";"Norte";"2019";"Expansão";"Planejamento Setorial";"33957480,10";"30471809,24"
"2026-06-26 13:43:48.523000000";"Equatorial PA";"04895728000180";"Concessão";"PA";"Norte";"2019";"Melhoria";"";"243181301,57";"192498594,87"
"2026-06-26 13:43:48.523000000";"Equatorial PA";"04895728000180";"Concessão";"PA";"Norte";"2019";"Renovação";"";"112358681,82";"72517652,26"
"2026-06-26 13:43:48.523000000";"Equatorial PA";"04895728000180";"Concessão";"PA";"Norte";"2020";"Expansão";"";"108395375,00";"410988336,43"
"2026-06-26 13:43:48.523000000";"Equatorial PA";"04895728000180";"Concessão";"PA";"Norte";"2020";"Expansão";"Luz Para Todos";"128916013,00";"431400915,18"
"2026-06-26 13:43:48.523000000";"Equatorial PA";"04895728000180";"Concessão";"PA";"Norte";"2020";"Expansão";"Obra com Participação Financeira";"18499916,75";"35119136,27"
"2026-06-26 13:43:48.523000000";"Equatorial PA";"04895728000180";"Concessão";"PA";"Norte";"2020";"Expansão";"Planejamento Setorial";"6429857,00";"25567803,53"
"2026-06-26 13:43:48.523000000";"Equatorial PA";"04895728000180";"Concessão";"PA";"Norte";"2020";"Melhoria";"";"193904297,00";"345041928,23"
"2026-06-26 13:43:48.523000000";"Equatorial PA";"04895728000180";"Concessão";"PA";"Norte";"2020";"Renovação";"";"49101811,00";"46248547,35"
"2026-06-26 13:43:48.523000000";"Equatorial PA";"04895728000180";"Concessão";"PA";"Norte";"2021";"Expansão";"";"122084122,69";"380736600,23"
"2026-06-26 13:43:48.523000000";"Equatorial PA";"04895728000180";"Concessão";"PA";"Norte";"2021";"Expansão";"Luz Para Todos";"176332959,43";"682593297,17"
"2026-06-26 13:43:48.523000000";"Equatorial PA";"04895728000180";"Concessão";"PA";"Norte";"2021";"Expansão";"Obra com Participação Financeira";"38958977,44";"40616086,28"
"2026-06-26 13:43:48.523000000";"Equatorial PA";"04895728000180";"Concessão";"PA";"Norte";"2021";"Expansão";"Planejamento Setorial";"1141707,85";"30699600,88"
"2026-06-26 13:43:48.523000000";"Equatorial PA";"04895728000180";"Concessão";"PA";"Norte";"2021";"Melhoria";"";"116890534,31";"376055283,51"
"2026-06-26 13:43:48.523000000";"Equatorial PA";"04895728000180";"Concessão";"PA";"Norte";"2021";"Renovação";"";"60107880,41";"75205759,29"
"2026-06-26 13:43:48.523000000";"Equatorial PA";"04895728000180";"Concessão";"PA";"Norte";"2022";"Expansão";"";"408558560,27";"441937439,30"
"2026-06-26 13:43:48.523000000";"Equatorial PA";"04895728000180";"Concessão";"PA";"Norte";"2022";"Expansão";"Luz Para Todos";"579223674,19";"1002673983,10"
"2026-06-26 13:43:48.523000000";"Equatorial PA";"04895728000180";"Concessão";"PA";"Norte";"2022";"Expansão";"Obra com Participação Financeira";"76523076,58";"45104547,72"
"2026-06-26 13:43:48.523000000";"Equatorial PA";"04895728000180";"Concessão";"PA";"Norte";"2022";"Expansão";"Planejamento Setorial";"338403,37";"32522757,96"
"2026-06-26 13:43:48.523000000";"Equatorial PA";"04895728000180";"Concessão";"PA";"Norte";"2022";"Melhoria";"";"445194614,97";"395529528,84"
"2026-06-26 13:43:48.523000000";"Equatorial PA";"04895728000180";"Concessão";"PA";"Norte";"2022";"Renovação";"";"139427653,08";"136205601,40"
"2026-06-26 13:43:48.523000000";"Equatorial PA";"04895728000180";"Concessão";"PA";"Norte";"2023";"Expansão";"";"545316466,36";"488684369,19"
"2026-06-26 13:43:48.523000000";"Equatorial PA";"04895728000180";"Concessão";"PA";"Norte";"2023";"Expansão";"Luz Para Todos";"365013593,00";"765249431,50"
"2026-06-26 13:43:48.523000000";"Equatorial PA";"04895728000180";"Concessão";"PA";"Norte";"2023";"Expansão";"Obra com Participação Financeira";"91614488,00";"37946542,71"
"2026-06-26 13:43:48.523000000";"Equatorial PA";"04895728000180";"Concessão";"PA";"Norte";"2023";"Expansão";"Planejamento Setorial";"36121585,00";"32522757,96"
"2026-06-26 13:43:48.523000000";"Equatorial PA";"04895728000180";"Concessão";"PA";"Norte";"2023";"Melhoria";"";"615804712,00";"454233678,06"
"2026-06-26 13:43:48.523000000";"Equatorial PA";"04895728000180";"Concessão";"PA";"Norte";"2023";"Renovação";"";"180775993,00";"197845894,82"
"2026-06-26 13:43:48.523000000";"Equatorial PA";"04895728000180";"Concessão";"PA";"Norte";"2024";"Expansão";"";"282008837,19";"342111415,09"
"2026-06-26 13:43:48.523000000";"Equatorial PA";"04895728000180";"Concessão";"PA";"Norte";"2024";"Expansão";"Luz Para Todos";"1277313376,41";"1294378581,46"
"2026-06-26 13:43:48.523000000";"Equatorial PA";"04895728000180";"Concessão";"PA";"Norte";"2024";"Expansão";"Obra com Participação Financeira";"84823678,48";"65523853,94"
"2026-06-26 13:43:48.523000000";"Equatorial PA";"04895728000180";"Concessão";"PA";"Norte";"2024";"Expansão";"Planejamento Setorial";",00";"1700898,75"
"2026-06-26 13:43:48.523000000";"Equatorial PA";"04895728000180";"Concessão";"PA";"Norte";"2024";"Melhoria";"";"439232543,05";"289111056,37"
"2026-06-26 13:43:48.523000000";"Equatorial PA";"04895728000180";"Concessão";"PA";"Norte";"2024";"Renovação";"";"212314874,53";"360840294,45"
"2026-06-26 13:43:48.523000000";"Equatorial PA";"04895728000180";"Concessão";"PA";"Norte";"2025";"Expansão";"";"296154826,66";"443060780,18"
"2026-06-26 13:43:48.523000000";"Equatorial PA";"04895728000180";"Concessão";"PA";"Norte";"2025";"Expansão";"Luz Para Todos";"1359243646,55";"1774651275,60"
"2026-06-26 13:43:48.523000000";"Equatorial PA";"04895728000180";"Concessão";"PA";"Norte";"2025";"Expansão";"Obra com Participação Financeira";"169364135,40";"82781292,44"
"2026-06-26 13:43:48.523000000";"Equatorial PA";"04895728000180";"Concessão";"PA";"Norte";"2025";"Expansão";"Planejamento Setorial";"292512928,20";"943784,64"
"2026-06-26 13:43:48.523000000";"Equatorial PA";"04895728000180";"Concessão";"PA";"Norte";"2025";"Melhoria";"";"437418715,38";"505080729,04"
"2026-06-26 13:43:48.523000000";"Equatorial PA";"04895728000180";"Concessão";"PA";"Norte";"2025";"Renovação";"";"153419228,58";"182827976,01"
"2026-06-26 13:43:48.523000000";"Equatorial PA";"04895728000180";"Concessão";"PA";"Norte";"2026";"Expansão";"";",00";"899589934,65"
"2026-06-26 13:43:48.523000000";"Equatorial PA";"04895728000180";"Concessão";"PA";"Norte";"2026";"Expansão";"Luz Para Todos";",00";"1324050064,25"
"2026-06-26 13:43:48.523000000";"Equatorial PA";"04895728000180";"Concessão";"PA";"Norte";"2026";"Expansão";"Obra com Participação Financeira";",00";"83115035,51"
"2026-06-26 13:43:48.523000000";"Equatorial PA";"04895728000180";"Concessão";"PA";"Norte";"2026";"Expansão";"Planejamento Setorial";",00";"1347228,42"
"2026-06-26 13:43:48.523000000";"Equatorial PA";"04895728000180";"Concessão";"PA";"Norte";"2026";"Melhoria";"";",00";"450529910,02"
"2026-06-26 13:43:48.523000000";"Equatorial PA";"04895728000180";"Concessão";"PA";"Norte";"2026";"Renovação";"";",00";"617205919,91"
"2026-06-26 13:43:48.523000000";"Equatorial PA";"04895728000180";"Concessão";"PA";"Norte";"2027";"Expansão";"";",00";"722279658,91"
"2026-06-26 13:43:48.523000000";"Equatorial PA";"04895728000180";"Concessão";"PA";"Norte";"2027";"Expansão";"Luz Para Todos";",00";"1033345682,58"
"2026-06-26 13:43:48.523000000";"Equatorial PA";"04895728000180";"Concessão";"PA";"Norte";"2027";"Expansão";"Obra com Participação Financeira";",00";"84571788,13"
"2026-06-26 13:43:48.523000000";"Equatorial PA";"04895728000180";"Concessão";"PA";"Norte";"2027";"Expansão";"Planejamento Setorial";",00";"13047307,46"
"2026-06-26 13:43:48.523000000";"Equatorial PA";"04895728000180";"Concessão";"PA";"Norte";"2027";"Melhoria";"";",00";"325872825,51"
"2026-06-26 13:43:48.523000000";"Equatorial PA";"04895728000180";"Concessão";"PA";"Norte";"2027";"Renovação";"";",00";"604594430,43"
"2026-06-26 13:43:48.523000000";"Equatorial PA";"04895728000180";"Concessão";"PA";"Norte";"2028";"Expansão";"";",00";"774030790,71"
"2026-06-26 13:43:48.523000000";"Equatorial PA";"04895728000180";"Concessão";"PA";"Norte";"2028";"Expansão";"Luz Para Todos";",00";"351643765,80"
"2026-06-26 13:43:48.523000000";"Equatorial PA";"04895728000180";"Concessão";"PA";"Norte";"2028";"Expansão";"Obra com Participação Financeira";",00";"83115035,51"
"2026-06-26 13:43:48.523000000";"Equatorial PA";"04895728000180";"Concessão";"PA";"Norte";"2028";"Melhoria";"";",00";"490459282,53"
"2026-06-26 13:43:48.523000000";"Equatorial PA";"04895728000180";"Concessão";"PA";"Norte";"2028";"Renovação";"";",00";"715612797,49"
"2026-06-26 13:43:48.523000000";"Equatorial PA";"04895728000180";"Concessão";"PA";"Norte";"2029";"Expansão";"";",00";"792681654,81"
"2026-06-26 13:43:48.523000000";"Equatorial PA";"04895728000180";"Concessão";"PA";"Norte";"2029";"Expansão";"Luz Para Todos";",00";"507259800,00"
"2026-06-26 13:43:48.523000000";"Equatorial PA";"04895728000180";"Concessão";"PA";"Norte";"2029";"Expansão";"Obra com Participação Financeira";",00";"81465609,26"
"2026-06-26 13:43:48.523000000";"Equatorial PA";"04895728000180";"Concessão";"PA";"Norte";"2029";"Melhoria";"";",00";"323376519,91"
"2026-06-26 13:43:48.523000000";"Equatorial PA";"04895728000180";"Concessão";"PA";"Norte";"2029";"Renovação";"";",00";"607583108,81"
"2026-06-26 13:43:48.523000000";"Equatorial PA";"04895728000180";"Concessão";"PA";"Norte";"2030";"Expansão";"";",00";"656074706,19"
"2026-06-26 13:43:48.523000000";"Equatorial PA";"04895728000180";"Concessão";"PA";"Norte";"2030";"Expansão";"Luz Para Todos";",00";"338173200,00"
"2026-06-26 13:43:48.523000000";"Equatorial PA";"04895728000180";"Concessão";"PA";"Norte";"2030";"Expansão";"Obra com Participação Financeira";",00";"81465609,26"
"2026-06-26 13:43:48.523000000";"Equatorial PA";"04895728000180";"Concessão";"PA";"Norte";"2030";"Melhoria";"";",00";"324096709,16"
"2026-06-26 13:43:48.523000000";"Equatorial PA";"04895728000180";"Concessão";"PA";"Norte";"2030";"Renovação";"";",00";"602754690,87"
"2026-06-26 13:43:48.523000000";"Equatorial PI";"06840748000189";"Concessão";"PI";"Nordeste";"2016";"Expansão";"";"21735413,62";",00"
"2026-06-26 13:43:48.523000000";"Equatorial PI";"06840748000189";"Concessão";"PI";"Nordeste";"2016";"Expansão";"Luz Para Todos";"6206117,27";",00"
"2026-06-26 13:43:48.523000000";"Equatorial PI";"06840748000189";"Concessão";"PI";"Nordeste";"2016";"Melhoria";"";"19070899,33";",00"
"2026-06-26 13:43:48.523000000";"Equatorial PI";"06840748000189";"Concessão";"PI";"Nordeste";"2016";"Melhoria";"Luz Para Todos";"12181174,57";",00"
"2026-06-26 13:43:48.523000000";"Equatorial PI";"06840748000189";"Concessão";"PI";"Nordeste";"2017";"Expansão";"";"28010869,87";"38703845,82"
"2026-06-26 13:43:48.523000000";"Equatorial PI";"06840748000189";"Concessão";"PI";"Nordeste";"2017";"Expansão";"Luz Para Todos";"22968733,39";"134393951,66"
"2026-06-26 13:43:48.523000000";"Equatorial PI";"06840748000189";"Concessão";"PI";"Nordeste";"2017";"Melhoria";"";"16601404,82";"27740591,50"
"2026-06-26 13:43:48.523000000";"Equatorial PI";"06840748000189";"Concessão";"PI";"Nordeste";"2018";"Expansão";"";"11457556,45";"44515228,03"
"2026-06-26 13:43:48.523000000";"Equatorial PI";"06840748000189";"Concessão";"PI";"Nordeste";"2018";"Expansão";"Luz Para Todos";"7006055,12";"32801799,96"
"2026-06-26 13:43:48.523000000";"Equatorial PI";"06840748000189";"Concessão";"PI";"Nordeste";"2018";"Melhoria";"";"19868322,59";"5860677,82"
"2026-06-26 13:43:48.523000000";"Equatorial PI";"06840748000189";"Concessão";"PI";"Nordeste";"2018";"Renovação";"";"2713129,95";",00"
"2026-06-26 13:43:48.523000000";"Equatorial PI";"06840748000189";"Concessão";"PI";"Nordeste";"2019";"Expansão";"";"93123282,55";"88787757,41"
"2026-06-26 13:43:48.523000000";"Equatorial PI";"06840748000189";"Concessão";"PI";"Nordeste";"2019";"Expansão";"Luz Para Todos";"117550663,25";"54695651,08"
"2026-06-26 13:43:48.523000000";"Equatorial PI";"06840748000189";"Concessão";"PI";"Nordeste";"2019";"Expansão";"Obra com Participação Financeira";"6441693,37";"4957291,54"
"2026-06-26 13:43:48.523000000";"Equatorial PI";"06840748000189";"Concessão";"PI";"Nordeste";"2019";"Expansão";"Planejamento Setorial";"7424672,03";"9661120,87"
"2026-06-26 13:43:48.523000000";"Equatorial PI";"06840748000189";"Concessão";"PI";"Nordeste";"2019";"Melhoria";"";"105641393,68";"51659167,89"
"2026-06-26 13:43:48.523000000";"Equatorial PI";"06840748000189";"Concessão";"PI";"Nordeste";"2019";"Renovação";"";"85950542,56";"33019530,70"
"2026-06-26 13:43:48.523000000";"Equatorial PI";"06840748000189";"Concessão";"PI";"Nordeste";"2020";"Expansão";"";"77579366,50";"115569737,63"
"2026-06-26 13:43:48.523000000";"Equatorial PI";"06840748000189";"Concessão";"PI";"Nordeste";"2020";"Expansão";"Luz Para Todos";"57984198,90";"170458553,42"
"2026-06-26 13:43:48.523000000";"Equatorial PI";"06840748000189";"Concessão";"PI";"Nordeste";"2020";"Expansão";"Obra com Participação Financeira";"3462203,42";"3826702,78"
"2026-06-26 13:43:48.523000000";"Equatorial PI";"06840748000189";"Concessão";"PI";"Nordeste";"2020";"Expansão";"Planejamento Setorial";"14531469,37";"42463414,17"
"2026-06-26 13:43:48.523000000";"Equatorial PI";"06840748000189";"Concessão";"PI";"Nordeste";"2020";"Melhoria";"";"51519147,82";"82016523,94"
"2026-06-26 13:43:48.523000000";"Equatorial PI";"06840748000189";"Concessão";"PI";"Nordeste";"2020";"Renovação";"";"13524076,61";"76611186,80"
"2026-06-26 13:43:48.523000000";"Equatorial PI";"06840748000189";"Concessão";"PI";"Nordeste";"2021";"Expansão";"";"74608185,12";"119357524,37"
"2026-06-26 13:43:48.523000000";"Equatorial PI";"06840748000189";"Concessão";"PI";"Nordeste";"2021";"Expansão";"Luz Para Todos";"20857771,24";"174484963,64"
"2026-06-26 13:43:48.523000000";"Equatorial PI";"06840748000189";"Concessão";"PI";"Nordeste";"2021";"Expansão";"Obra com Participação Financeira";"7499556,62";"10298849,14"
"2026-06-26 13:43:48.523000000";"Equatorial PI";"06840748000189";"Concessão";"PI";"Nordeste";"2021";"Expansão";"Planejamento Setorial";"8135124,52";"9980706,85"
"2026-06-26 13:43:48.523000000";"Equatorial PI";"06840748000189";"Concessão";"PI";"Nordeste";"2021";"Melhoria";"";"92454199,33";"135208050,61"
"2026-06-26 13:43:48.523000000";"Equatorial PI";"06840748000189";"Concessão";"PI";"Nordeste";"2021";"Renovação";"";"72409368,89";"109654332,27"
"2026-06-26 13:43:48.523000000";"Equatorial PI";"06840748000189";"Concessão";"PI";"Nordeste";"2021";"Renovação";"Planejamento Setorial";",00";"12876761,72"
"2026-06-26 13:43:48.523000000";"Equatorial PI";"06840748000189";"Concessão";"PI";"Nordeste";"2022";"Expansão";"";"106988138,77";"187074206,95"
"2026-06-26 13:43:48.523000000";"Equatorial PI";"06840748000189";"Concessão";"PI";"Nordeste";"2022";"Expansão";"Luz Para Todos";"105110691,96";"520308694,90"
"2026-06-26 13:43:48.523000000";"Equatorial PI";"06840748000189";"Concessão";"PI";"Nordeste";"2022";"Expansão";"Obra com Participação Financeira";"11352440,89";"8358300,76"
"2026-06-26 13:43:48.523000000";"Equatorial PI";"06840748000189";"Concessão";"PI";"Nordeste";"2022";"Expansão";"Planejamento Setorial";"53423424,93";"52693539,84"
"2026-06-26 13:43:48.523000000";"Equatorial PI";"06840748000189";"Concessão";"PI";"Nordeste";"2022";"Melhoria";"";"136469531,01";"130532048,85"
"2026-06-26 13:43:48.523000000";"Equatorial PI";"06840748000189";"Concessão";"PI";"Nordeste";"2022";"Renovação";"";"75382891,26";"76544413,36"
"2026-06-26 13:43:48.523000000";"Equatorial PI";"06840748000189";"Concessão";"PI";"Nordeste";"2023";"Expansão";"";"210807441,63";"182238070,25"
"2026-06-26 13:43:48.523000000";"Equatorial PI";"06840748000189";"Concessão";"PI";"Nordeste";"2023";"Expansão";"Luz Para Todos";"309736907,30";"283185544,67"
"2026-06-26 13:43:48.523000000";"Equatorial PI";"06840748000189";"Concessão";"PI";"Nordeste";"2023";"Expansão";"Obra com Participação Financeira";"55677285,20";"28262964,42"
"2026-06-26 13:43:48.523000000";"Equatorial PI";"06840748000189";"Concessão";"PI";"Nordeste";"2023";"Expansão";"Planejamento Setorial";"17654656,82";"71158767,50"
"2026-06-26 13:43:48.523000000";"Equatorial PI";"06840748000189";"Concessão";"PI";"Nordeste";"2023";"Melhoria";"";"151397517,39";"130651562,88"
"2026-06-26 13:43:48.523000000";"Equatorial PI";"06840748000189";"Concessão";"PI";"Nordeste";"2023";"Renovação";"";"153839844,66";"124508310,72"
"2026-06-26 13:43:48.523000000";"Equatorial PI";"06840748000189";"Concessão";"PI";"Nordeste";"2024";"Expansão";"";"166858260,93";"168079836,05"
"2026-06-26 13:43:48.523000000";"Equatorial PI";"06840748000189";"Concessão";"PI";"Nordeste";"2024";"Expansão";"Luz Para Todos";"101439852,62";"256206064,00"
"2026-06-26 13:43:48.523000000";"Equatorial PI";"06840748000189";"Concessão";"PI";"Nordeste";"2024";"Expansão";"Obra com Participação Financeira";"56278408,00";"46841963,15"
"2026-06-26 13:43:48.523000000";"Equatorial PI";"06840748000189";"Concessão";"PI";"Nordeste";"2024";"Expansão";"Planejamento Setorial";"53238424,70";"58397891,59"
"2026-06-26 13:43:48.523000000";"Equatorial PI";"06840748000189";"Concessão";"PI";"Nordeste";"2024";"Melhoria";"";"125533103,31";"125174684,49"
"2026-06-26 13:43:48.523000000";"Equatorial PI";"06840748000189";"Concessão";"PI";"Nordeste";"2024";"Renovação";"";"73197740,24";"102232478,38"
"2026-06-26 13:43:48.523000000";"Equatorial PI";"06840748000189";"Concessão";"PI";"Nordeste";"2025";"Expansão";"";"154795045,64";"230089383,99"
"2026-06-26 13:43:48.523000000";"Equatorial PI";"06840748000189";"Concessão";"PI";"Nordeste";"2025";"Expansão";"Luz Para Todos";"243125511,55";"385846236,07"
"2026-06-26 13:43:48.523000000";"Equatorial PI";"06840748000189";"Concessão";"PI";"Nordeste";"2025";"Expansão";"Obra com Participação Financeira";"65774766,83";"58346518,54"
"2026-06-26 13:43:48.523000000";"Equatorial PI";"06840748000189";"Concessão";"PI";"Nordeste";"2025";"Expansão";"Planejamento Setorial";"612240,86";"3186354,57"
"2026-06-26 13:43:48.523000000";"Equatorial PI";"06840748000189";"Concessão";"PI";"Nordeste";"2025";"Melhoria";"";"160790019,16";"170971077,07"
"2026-06-26 13:43:48.523000000";"Equatorial PI";"06840748000189";"Concessão";"PI";"Nordeste";"2025";"Renovação";"";"114974315,49";"135168439,75"
"2026-06-26 13:43:48.523000000";"Equatorial PI";"06840748000189";"Concessão";"PI";"Nordeste";"2026";"Expansão";"";",00";"374903279,35"
"2026-06-26 13:43:48.523000000";"Equatorial PI";"06840748000189";"Concessão";"PI";"Nordeste";"2026";"Expansão";"Luz Para Todos";",00";"331861980,29"
"2026-06-26 13:43:48.523000000";"Equatorial PI";"06840748000189";"Concessão";"PI";"Nordeste";"2026";"Expansão";"Obra com Participação Financeira";",00";"45025218,62"
"2026-06-26 13:43:48.523000000";"Equatorial PI";"06840748000189";"Concessão";"PI";"Nordeste";"2026";"Expansão";"Planejamento Setorial";",00";"2149512,70"
"2026-06-26 13:43:48.523000000";"Equatorial PI";"06840748000189";"Concessão";"PI";"Nordeste";"2026";"Melhoria";"";",00";"140068697,50"
"2026-06-26 13:43:48.523000000";"Equatorial PI";"06840748000189";"Concessão";"PI";"Nordeste";"2026";"Renovação";"";",00";"93542874,27"
"2026-06-26 13:43:48.523000000";"Equatorial PI";"06840748000189";"Concessão";"PI";"Nordeste";"2027";"Expansão";"";",00";"661301142,69"
"2026-06-26 13:43:48.523000000";"Equatorial PI";"06840748000189";"Concessão";"PI";"Nordeste";"2027";"Expansão";"Luz Para Todos";",00";"85549981,09"
"2026-06-26 13:43:48.523000000";"Equatorial PI";"06840748000189";"Concessão";"PI";"Nordeste";"2027";"Expansão";"Obra com Participação Financeira";",00";"54741424,70"
"2026-06-26 13:43:48.523000000";"Equatorial PI";"06840748000189";"Concessão";"PI";"Nordeste";"2027";"Melhoria";"";",00";"149281218,87"
"2026-06-26 13:43:48.523000000";"Equatorial PI";"06840748000189";"Concessão";"PI";"Nordeste";"2027";"Renovação";"";",00";"76991179,82"
"2026-06-26 13:43:48.523000000";"Equatorial PI";"06840748000189";"Concessão";"PI";"Nordeste";"2028";"Expansão";"";",00";"584948653,93"
"2026-06-26 13:43:48.523000000";"Equatorial PI";"06840748000189";"Concessão";"PI";"Nordeste";"2028";"Expansão";"Luz Para Todos";",00";"367305134,49"
"2026-06-26 13:43:48.523000000";"Equatorial PI";"06840748000189";"Concessão";"PI";"Nordeste";"2028";"Expansão";"Obra com Participação Financeira";",00";"54741424,70"
"2026-06-26 13:43:48.523000000";"Equatorial PI";"06840748000189";"Concessão";"PI";"Nordeste";"2028";"Melhoria";"";",00";"182109733,08"
"2026-06-26 13:43:48.523000000";"Equatorial PI";"06840748000189";"Concessão";"PI";"Nordeste";"2028";"Renovação";"";",00";"97494508,98"
"2026-06-26 13:43:48.523000000";"Equatorial PI";"06840748000189";"Concessão";"PI";"Nordeste";"2029";"Expansão";"";",00";"576136028,91"
"2026-06-26 13:43:48.523000000";"Equatorial PI";"06840748000189";"Concessão";"PI";"Nordeste";"2029";"Expansão";"Luz Para Todos";",00";"60439209,00"
"2026-06-26 13:43:48.523000000";"Equatorial PI";"06840748000189";"Concessão";"PI";"Nordeste";"2029";"Expansão";"Obra com Participação Financeira";",00";"54052955,08"
"2026-06-26 13:43:48.523000000";"Equatorial PI";"06840748000189";"Concessão";"PI";"Nordeste";"2029";"Melhoria";"";",00";"133587954,13"
"2026-06-26 13:43:48.523000000";"Equatorial PI";"06840748000189";"Concessão";"PI";"Nordeste";"2029";"Renovação";"";",00";"77201652,51"
"2026-06-26 13:43:48.523000000";"Equatorial PI";"06840748000189";"Concessão";"PI";"Nordeste";"2030";"Expansão";"";",00";"458199588,49"
"2026-06-26 13:43:48.523000000";"Equatorial PI";"06840748000189";"Concessão";"PI";"Nordeste";"2030";"Expansão";"Luz Para Todos";",00";"60439209,00"
"2026-06-26 13:43:48.523000000";"Equatorial PI";"06840748000189";"Concessão";"PI";"Nordeste";"2030";"Expansão";"Obra com Participação Financeira";",00";"54052955,08"
"2026-06-26 13:43:48.523000000";"Equatorial PI";"06840748000189";"Concessão";"PI";"Nordeste";"2030";"Melhoria";"";",00";"124785105,23"
"2026-06-26 13:43:48.523000000";"Equatorial PI";"06840748000189";"Concessão";"PI";"Nordeste";"2030";"Renovação";"";",00";"73110437,89"
"2026-06-26 13:43:48.523000000";"Forcel";"79850574000109";"Concessão";"PR";"Sul";"2016";"Expansão";"";",00";"10205,00"
"2026-06-26 13:43:48.523000000";"Forcel";"79850574000109";"Concessão";"PR";"Sul";"2016";"Melhoria";"";",00";"586500,00"
"2026-06-26 13:43:48.523000000";"Forcel";"79850574000109";"Concessão";"PR";"Sul";"2017";"Expansão";"";",00";"181242,50"
"2026-06-26 13:43:48.523000000";"Forcel";"79850574000109";"Concessão";"PR";"Sul";"2017";"Melhoria";"";",00";"452300,00"
"2026-06-26 13:43:48.523000000";"Forcel";"79850574000109";"Concessão";"PR";"Sul";"2020";"Expansão";"";",00";"207462,50"
"2026-06-26 13:43:48.523000000";"Forcel";"79850574000109";"Concessão";"PR";"Sul";"2020";"Melhoria";"";",00";"214400,00"
"2026-06-26 13:43:48.523000000";"Forcel";"79850574000109";"Concessão";"PR";"Sul";"2021";"Expansão";"";",00";"207462,50"
"2026-06-26 13:43:48.523000000";"Forcel";"79850574000109";"Concessão";"PR";"Sul";"2021";"Melhoria";"";",00";"225300,00"
"2026-06-26 13:43:48.523000000";"Forcel";"79850574000109";"Concessão";"PR";"Sul";"2022";"Expansão";"";",00";"207462,50"
"2026-06-26 13:43:48.523000000";"Forcel";"79850574000109";"Concessão";"PR";"Sul";"2022";"Melhoria";"";",00";"225300,00"
"2026-06-26 13:43:48.523000000";"Forcel";"79850574000109";"Concessão";"PR";"Sul";"2024";"Expansão";"";",00";"230212,50"
"2026-06-26 13:43:48.523000000";"Forcel";"79850574000109";"Concessão";"PR";"Sul";"2024";"Melhoria";"";",00";"281399,99"
"2026-06-26 13:43:48.523000000";"Forcel";"79850574000109";"Concessão";"PR";"Sul";"2025";"Expansão";"";",00";"230212,50"
"2026-06-26 13:43:48.523000000";"Forcel";"79850574000109";"Concessão";"PR";"Sul";"2025";"Melhoria";"";",00";"308099,99"
"2026-06-26 13:43:48.523000000";"Forcel";"79850574000109";"Concessão";"PR";"Sul";"2026";"Expansão";"Planejamento Setorial";",00";"26031596,83"
"2026-06-26 13:43:48.523000000";"Forcel";"79850574000109";"Concessão";"PR";"Sul";"2027";"Expansão";"Planejamento Setorial";",00";"595917,50"
"2026-06-26 13:43:48.523000000";"Forcel";"79850574000109";"Concessão";"PR";"Sul";"2028";"Expansão";"Planejamento Setorial";",00";"620015,00"
"2026-06-26 13:43:48.523000000";"Forcel";"79850574000109";"Concessão";"PR";"Sul";"2029";"Expansão";"";",00";"672398,44"
"2026-06-26 13:43:48.523000000";"Forcel";"79850574000109";"Concessão";"PR";"Sul";"2030";"Expansão";"Planejamento Setorial";",00";"696843,55"
"2026-06-26 13:43:48.523000000";"Hidropan";"91982348000187";"Concessão";"RS";"Sul";"2016";"Expansão";"";"1278697,22";"1944673,51"
"2026-06-26 13:43:48.523000000";"Hidropan";"91982348000187";"Concessão";"RS";"Sul";"2016";"Expansão";"Obra com Participação Financeira";"30201,12";"353285,39"
"2026-06-26 13:43:48.523000000";"Hidropan";"91982348000187";"Concessão";"RS";"Sul";"2016";"Melhoria";"";"533308,53";"405607,89"
"2026-06-26 13:43:48.523000000";"Hidropan";"91982348000187";"Concessão";"RS";"Sul";"2016";"Renovação";"";"210119,38";"40770,24"
"2026-06-26 13:43:48.523000000";"Hidropan";"91982348000187";"Concessão";"RS";"Sul";"2017";"Expansão";"";"522878,46";"377287,18"
"2026-06-26 13:43:48.523000000";"Hidropan";"91982348000187";"Concessão";"RS";"Sul";"2017";"Expansão";"Obra com Participação Financeira";"258707,78";"99282,79"
"2026-06-26 13:43:48.523000000";"Hidropan";"91982348000187";"Concessão";"RS";"Sul";"2017";"Melhoria";"";"223772,60";"269878,71"
"2026-06-26 13:43:48.523000000";"Hidropan";"91982348000187";"Concessão";"RS";"Sul";"2017";"Renovação";"";"173587,33";"54266,22"
"2026-06-26 13:43:48.523000000";"Hidropan";"91982348000187";"Concessão";"RS";"Sul";"2018";"Expansão";"";"385108,52";"430848,81"
"2026-06-26 13:43:48.523000000";"Hidropan";"91982348000187";"Concessão";"RS";"Sul";"2018";"Expansão";"Obra com Participação Financeira";"105923,48";"205308,14"
"2026-06-26 13:43:48.523000000";"Hidropan";"91982348000187";"Concessão";"RS";"Sul";"2018";"Melhoria";"";"176100,34";"132352,49"
"2026-06-26 13:43:48.523000000";"Hidropan";"91982348000187";"Concessão";"RS";"Sul";"2018";"Renovação";"";"247853,32";"92235,26"
"2026-06-26 13:43:48.523000000";"Hidropan";"91982348000187";"Concessão";"RS";"Sul";"2019";"Expansão";"";"504048,31";"518769,40"
"2026-06-26 13:43:48.523000000";"Hidropan";"91982348000187";"Concessão";"RS";"Sul";"2019";"Expansão";"Obra com Participação Financeira";"133311,15";"3505,39"
"2026-06-26 13:43:48.523000000";"Hidropan";"91982348000187";"Concessão";"RS";"Sul";"2019";"Melhoria";"";"181239,75";"687105,72"
"2026-06-26 13:43:48.523000000";"Hidropan";"91982348000187";"Concessão";"RS";"Sul";"2019";"Renovação";"";"204634,86";"93875,49"
"2026-06-26 13:43:48.523000000";"Hidropan";"91982348000187";"Concessão";"RS";"Sul";"2020";"Expansão";"";"470940,82";"367194,45"
"2026-06-26 13:43:48.523000000";"Hidropan";"91982348000187";"Concessão";"RS";"Sul";"2020";"Expansão";"Obra com Participação Financeira";"4394,63";"147308,12"
"2026-06-26 13:43:48.523000000";"Hidropan";"91982348000187";"Concessão";"RS";"Sul";"2020";"Melhoria";"";"773668,62";"590015,80"
"2026-06-26 13:43:48.523000000";"Hidropan";"91982348000187";"Concessão";"RS";"Sul";"2020";"Melhoria";"Obra com Participação Financeira";",00";"5870,59"
"2026-06-26 13:43:48.523000000";"Hidropan";"91982348000187";"Concessão";"RS";"Sul";"2020";"Renovação";"";"219701,04";"77776,96"
"2026-06-26 13:43:48.523000000";"Hidropan";"91982348000187";"Concessão";"RS";"Sul";"2021";"Expansão";"";"1668332,63";"3693748,57"
"2026-06-26 13:43:48.523000000";"Hidropan";"91982348000187";"Concessão";"RS";"Sul";"2021";"Expansão";"Obra com Participação Financeira";"37568,66";"27169,07"
"2026-06-26 13:43:48.523000000";"Hidropan";"91982348000187";"Concessão";"RS";"Sul";"2021";"Melhoria";"";"203174,90";"121477,14"
"2026-06-26 13:43:48.523000000";"Hidropan";"91982348000187";"Concessão";"RS";"Sul";"2021";"Melhoria";"Obra com Participação Financeira";"3370,45";"2374,47"
"2026-06-26 13:43:48.523000000";"Hidropan";"91982348000187";"Concessão";"RS";"Sul";"2021";"Renovação";"";"127164,15";"96340,61"
"2026-06-26 13:43:48.523000000";"Hidropan";"91982348000187";"Concessão";"RS";"Sul";"2022";"Expansão";"";"5458964,76";"5126732,79"
"2026-06-26 13:43:48.523000000";"Hidropan";"91982348000187";"Concessão";"RS";"Sul";"2022";"Expansão";"Obra com Participação Financeira";"36267,22";"47003,84"
"2026-06-26 13:43:48.523000000";"Hidropan";"91982348000187";"Concessão";"RS";"Sul";"2022";"Melhoria";"";"252687,00";"123504,70"
"2026-06-26 13:43:48.523000000";"Hidropan";"91982348000187";"Concessão";"RS";"Sul";"2022";"Melhoria";"Obra com Participação Financeira";"124342,64";"156256,96"
"2026-06-26 13:43:48.523000000";"Hidropan";"91982348000187";"Concessão";"RS";"Sul";"2022";"Renovação";"";"502313,69";"59508,40"
"2026-06-26 13:43:48.523000000";"Hidropan";"91982348000187";"Concessão";"RS";"Sul";"2023";"Expansão";"";"754523,87";"1021725,98"
"2026-06-26 13:43:48.523000000";"Hidropan";"91982348000187";"Concessão";"RS";"Sul";"2023";"Expansão";"Obra com Participação Financeira";"35222,01";"116800,73"
"2026-06-26 13:43:48.523000000";"Hidropan";"91982348000187";"Concessão";"RS";"Sul";"2023";"Melhoria";"";"379593,36";"190663,38"
"2026-06-26 13:43:48.523000000";"Hidropan";"91982348000187";"Concessão";"RS";"Sul";"2023";"Renovação";"";"606082,97";"70350,14"
"2026-06-26 13:43:48.523000000";"Hidropan";"91982348000187";"Concessão";"RS";"Sul";"2024";"Expansão";"";"627001,39";"1008023,73"
"2026-06-26 13:43:48.523000000";"Hidropan";"91982348000187";"Concessão";"RS";"Sul";"2024";"Expansão";"Obra com Participação Financeira";"381468,11";"111074,76"
"2026-06-26 13:43:48.523000000";"Hidropan";"91982348000187";"Concessão";"RS";"Sul";"2024";"Melhoria";"";"160176,33";"202282,17"
"2026-06-26 13:43:48.523000000";"Hidropan";"91982348000187";"Concessão";"RS";"Sul";"2024";"Renovação";"";"1066000,30";"57560,55"
"2026-06-26 13:43:48.523000000";"Hidropan";"91982348000187";"Concessão";"RS";"Sul";"2025";"Expansão";"";"1125778,96";"1732135,24"
"2026-06-26 13:43:48.523000000";"Hidropan";"91982348000187";"Concessão";"RS";"Sul";"2025";"Expansão";"Obra com Participação Financeira";"327043,22";"76252,05"
"2026-06-26 13:43:48.523000000";"Hidropan";"91982348000187";"Concessão";"RS";"Sul";"2025";"Melhoria";"";"93990,32";"106683,30"
"2026-06-26 13:43:48.523000000";"Hidropan";"91982348000187";"Concessão";"RS";"Sul";"2025";"Renovação";"";"804713,03";",00"
"2026-06-26 13:43:48.523000000";"Hidropan";"91982348000187";"Concessão";"RS";"Sul";"2026";"Expansão";"";",00";"1652408,15"
"2026-06-26 13:43:48.523000000";"Hidropan";"91982348000187";"Concessão";"RS";"Sul";"2026";"Expansão";"Obra com Participação Financeira";",00";"516229,06"
"2026-06-26 13:43:48.523000000";"Hidropan";"91982348000187";"Concessão";"RS";"Sul";"2026";"Melhoria";"";",00";"212775,54"
"2026-06-26 13:43:48.523000000";"Hidropan";"91982348000187";"Concessão";"RS";"Sul";"2026";"Renovação";"";",00";"208323,47"
"2026-06-26 13:43:48.523000000";"Hidropan";"91982348000187";"Concessão";"RS";"Sul";"2027";"Expansão";"";",00";"497509,48"
"2026-06-26 13:43:48.523000000";"Hidropan";"91982348000187";"Concessão";"RS";"Sul";"2028";"Expansão";"";",00";"538233,11"
"2026-06-26 13:43:48.523000000";"Hidropan";"91982348000187";"Concessão";"RS";"Sul";"2029";"Expansão";"";",00";"438996,00"
"2026-06-26 13:43:48.523000000";"Hidropan";"91982348000187";"Concessão";"RS";"Sul";"2030";"Expansão";"";",00";"438996,00"
"2026-06-26 13:43:48.523000000";"João Cesa";"86301124000122";"Concessão";"SC";"Sul";"2016";"Expansão";"";"134314,93";"119980,80"
"2026-06-26 13:43:48.523000000";"João Cesa";"86301124000122";"Concessão";"SC";"Sul";"2016";"Renovação";"";"22961,65";"960,00"
"2026-06-26 13:43:48.523000000";"João Cesa";"86301124000122";"Concessão";"SC";"Sul";"2017";"Expansão";"";"88584,66";"87413,77"
"2026-06-26 13:43:48.523000000";"João Cesa";"86301124000122";"Concessão";"SC";"Sul";"2017";"Melhoria";"";"11554,55";"60531,69"
"2026-06-26 13:43:48.523000000";"João Cesa";"86301124000122";"Concessão";"SC";"Sul";"2017";"Renovação";"";"1443,07";",00"
"2026-06-26 13:43:48.523000000";"João Cesa";"86301124000122";"Concessão";"SC";"Sul";"2018";"Expansão";"";"167332,39";"105216,78"
"2026-06-26 13:43:48.523000000";"João Cesa";"86301124000122";"Concessão";"SC";"Sul";"2018";"Melhoria";"";"8213,72";"3200,00"
"2026-06-26 13:43:48.523000000";"João Cesa";"86301124000122";"Concessão";"SC";"Sul";"2018";"Renovação";"";"12871,67";"542,38"
"2026-06-26 13:43:48.523000000";"João Cesa";"86301124000122";"Concessão";"SC";"Sul";"2019";"Expansão";"";"173550,92";"151767,33"
"2026-06-26 13:43:48.523000000";"João Cesa";"86301124000122";"Concessão";"SC";"Sul";"2019";"Melhoria";"";"45357,08";"24884,48"
"2026-06-26 13:43:48.523000000";"João Cesa";"86301124000122";"Concessão";"SC";"Sul";"2019";"Renovação";"";"20061,44";"22463,22"
"2026-06-26 13:43:48.523000000";"João Cesa";"86301124000122";"Concessão";"SC";"Sul";"2020";"Expansão";"";"270926,78";"223583,14"
"2026-06-26 13:43:48.523000000";"João Cesa";"86301124000122";"Concessão";"SC";"Sul";"2020";"Melhoria";"";"26576,04";"17791,28"
"2026-06-26 13:43:48.523000000";"João Cesa";"86301124000122";"Concessão";"SC";"Sul";"2020";"Renovação";"";"4166,59";"1960,75"
"2026-06-26 13:43:48.523000000";"João Cesa";"86301124000122";"Concessão";"SC";"Sul";"2021";"Expansão";"";"151654,42";"89698,02"
"2026-06-26 13:43:48.523000000";"João Cesa";"86301124000122";"Concessão";"SC";"Sul";"2021";"Melhoria";"";"244551,20";"255020,51"
"2026-06-26 13:43:48.523000000";"João Cesa";"86301124000122";"Concessão";"SC";"Sul";"2021";"Renovação";"";"15417,30";"2983,92"
"2026-06-26 13:43:48.523000000";"João Cesa";"86301124000122";"Concessão";"SC";"Sul";"2022";"Expansão";"";"203449,07";"124632,03"
"2026-06-26 13:43:48.523000000";"João Cesa";"86301124000122";"Concessão";"SC";"Sul";"2022";"Melhoria";"";"70994,27";"154875,71"
"2026-06-26 13:43:48.523000000";"João Cesa";"86301124000122";"Concessão";"SC";"Sul";"2022";"Renovação";"";"87563,47";"52967,42"
"2026-06-26 13:43:48.523000000";"João Cesa";"86301124000122";"Concessão";"SC";"Sul";"2023";"Expansão";"";"77730,60";"70595,20"
"2026-06-26 13:43:48.523000000";"João Cesa";"86301124000122";"Concessão";"SC";"Sul";"2023";"Melhoria";"";"151755,95";"129447,34"
"2026-06-26 13:43:48.523000000";"João Cesa";"86301124000122";"Concessão";"SC";"Sul";"2023";"Renovação";"";"60706,56";"23000,00"
"2026-06-26 13:43:48.523000000";"João Cesa";"86301124000122";"Concessão";"SC";"Sul";"2024";"Expansão";"";"204157,77";"240381,83"
"2026-06-26 13:43:48.523000000";"João Cesa";"86301124000122";"Concessão";"SC";"Sul";"2024";"Melhoria";"";"108993,23";"108513,28"
"2026-06-26 13:43:48.523000000";"João Cesa";"86301124000122";"Concessão";"SC";"Sul";"2024";"Renovação";"";"83073,79";"37400,00"
"2026-06-26 13:43:48.523000000";"João Cesa";"86301124000122";"Concessão";"SC";"Sul";"2025";"Expansão";"";"176375,34";"157990,64"
"2026-06-26 13:43:48.523000000";"João Cesa";"86301124000122";"Concessão";"SC";"Sul";"2025";"Melhoria";"";"149978,84";"197468,82"
"2026-06-26 13:43:48.523000000";"João Cesa";"86301124000122";"Concessão";"SC";"Sul";"2025";"Renovação";"";"108814,64";"57800,00"
"2026-06-26 13:43:48.523000000";"João Cesa";"86301124000122";"Concessão";"SC";"Sul";"2026";"Expansão";"";",00";"198559,50"
"2026-06-26 13:43:48.523000000";"João Cesa";"86301124000122";"Concessão";"SC";"Sul";"2026";"Melhoria";"";",00";"64617,52"
"2026-06-26 13:43:48.523000000";"João Cesa";"86301124000122";"Concessão";"SC";"Sul";"2026";"Renovação";"";",00";"32325,90"
"2026-06-26 13:43:48.523000000";"João Cesa";"86301124000122";"Concessão";"SC";"Sul";"2027";"Expansão";"";",00";"144627,52"
"2026-06-26 13:43:48.523000000";"João Cesa";"86301124000122";"Concessão";"SC";"Sul";"2027";"Melhoria";"";",00";"171616,08"
"2026-06-26 13:43:48.523000000";"João Cesa";"86301124000122";"Concessão";"SC";"Sul";"2028";"Expansão";"";",00";"107376,52"
"2026-06-26 13:43:48.523000000";"João Cesa";"86301124000122";"Concessão";"SC";"Sul";"2028";"Melhoria";"";",00";"202054,08"
"2026-06-26 13:43:48.523000000";"João Cesa";"86301124000122";"Concessão";"SC";"Sul";"2029";"Expansão";"";",00";"108939,30"
"2026-06-26 13:43:48.523000000";"João Cesa";"86301124000122";"Concessão";"SC";"Sul";"2029";"Melhoria";"";",00";"202334,60"
"2026-06-26 13:43:48.523000000";"João Cesa";"86301124000122";"Concessão";"SC";"Sul";"2030";"Expansão";"";",00";"165057,72"
"2026-06-26 13:43:48.523000000";"João Cesa";"86301124000122";"Concessão";"SC";"Sul";"2030";"Melhoria";"";",00";"144321,56"
"2026-06-26 13:43:48.523000000";"Light";"60444437000146";"Concessão";"RJ";"Sudeste";"2016";"Expansão";"";"241688247,59";"223654953,75"
"2026-06-26 13:43:48.523000000";"Light";"60444437000146";"Concessão";"RJ";"Sudeste";"2016";"Expansão";"Obra com Participação Financeira";"15069427,04";"9999999,30"
"2026-06-26 13:43:48.523000000";"Light";"60444437000146";"Concessão";"RJ";"Sudeste";"2016";"Melhoria";"";"95929967,04";"69619180,10"
"2026-06-26 13:43:48.523000000";"Light";"60444437000146";"Concessão";"RJ";"Sudeste";"2016";"Renovação";"";"83802044,82";"72609844,41"
"2026-06-26 13:43:48.523000000";"Light";"60444437000146";"Concessão";"RJ";"Sudeste";"2017";"Expansão";"";"185148685,86";"176571938,38"
"2026-06-26 13:43:48.523000000";"Light";"60444437000146";"Concessão";"RJ";"Sudeste";"2017";"Expansão";"Obra com Participação Financeira";"6414425,37";"6699996,99"
"2026-06-26 13:43:48.523000000";"Light";"60444437000146";"Concessão";"RJ";"Sudeste";"2017";"Expansão";"Planejamento Setorial";"7163926,95";"4320750,00"
"2026-06-26 13:43:48.523000000";"Light";"60444437000146";"Concessão";"RJ";"Sudeste";"2017";"Melhoria";"";"187233281,75";"188005065,55"
"2026-06-26 13:43:48.523000000";"Light";"60444437000146";"Concessão";"RJ";"Sudeste";"2017";"Renovação";"";"66885850,81";"76234398,48"
"2026-06-26 13:43:48.523000000";"Light";"60444437000146";"Concessão";"RJ";"Sudeste";"2018";"Expansão";"";"25166605,18";"21607192,23"
"2026-06-26 13:43:48.523000000";"Light";"60444437000146";"Concessão";"RJ";"Sudeste";"2018";"Expansão";"Obra com Participação Financeira";"3924152,06";"5968682,86"
"2026-06-26 13:43:48.523000000";"Light";"60444437000146";"Concessão";"RJ";"Sudeste";"2018";"Expansão";"Planejamento Setorial";"125074012,56";"154286010,09"
"2026-06-26 13:43:48.523000000";"Light";"60444437000146";"Concessão";"RJ";"Sudeste";"2018";"Melhoria";"";"73893026,00";"52096118,83"
"2026-06-26 13:43:48.523000000";"Light";"60444437000146";"Concessão";"RJ";"Sudeste";"2018";"Melhoria";"Planejamento Setorial";"149665795,73";"154346477,72"
"2026-06-26 13:43:48.523000000";"Light";"60444437000146";"Concessão";"RJ";"Sudeste";"2018";"Renovação";"";"143580842,93";"173641866,41"
"2026-06-26 13:43:48.523000000";"Light";"60444437000146";"Concessão";"RJ";"Sudeste";"2018";"Renovação";"Planejamento Setorial";"75417155,63";"70755476,38"
"2026-06-26 13:43:48.523000000";"Light";"60444437000146";"Concessão";"RJ";"Sudeste";"2019";"Expansão";"";"151127926,38";"185740344,90"
"2026-06-26 13:43:48.523000000";"Light";"60444437000146";"Concessão";"RJ";"Sudeste";"2019";"Expansão";"Obra com Participação Financeira";"6377934,09";"12226260,63"
"2026-06-26 13:43:48.523000000";"Light";"60444437000146";"Concessão";"RJ";"Sudeste";"2019";"Melhoria";"";"189733095,27";"181634657,01"
"2026-06-26 13:43:48.523000000";"Light";"60444437000146";"Concessão";"RJ";"Sudeste";"2019";"Melhoria";"Planejamento Setorial";"2009967,22";"1741000,00"
"2026-06-26 13:43:48.523000000";"Light";"60444437000146";"Concessão";"RJ";"Sudeste";"2019";"Renovação";"";"261221320,78";"261527111,05"
"2026-06-26 13:43:48.523000000";"Light";"60444437000146";"Concessão";"RJ";"Sudeste";"2020";"Expansão";"";"170052835,68";"266203916,73"
"2026-06-26 13:43:48.523000000";"Light";"60444437000146";"Concessão";"RJ";"Sudeste";"2020";"Expansão";"Obra com Participação Financeira";"4344675,07";"8687001,28"
"2026-06-26 13:43:48.523000000";"Light";"60444437000146";"Concessão";"RJ";"Sudeste";"2020";"Expansão";"Planejamento Setorial";"30433907,00";"29425314,00"
"2026-06-26 13:43:48.523000000";"Light";"60444437000146";"Concessão";"RJ";"Sudeste";"2020";"Melhoria";"";"117500039,54";"164979670,06"
"2026-06-26 13:43:48.523000000";"Light";"60444437000146";"Concessão";"RJ";"Sudeste";"2020";"Melhoria";"Planejamento Setorial";"2365363,00";"2494128,00"
"2026-06-26 13:43:48.523000000";"Light";"60444437000146";"Concessão";"RJ";"Sudeste";"2020";"Renovação";"";"222809035,73";"297037778,82"
"2026-06-26 13:43:48.523000000";"Light";"60444437000146";"Concessão";"RJ";"Sudeste";"2020";"Renovação";"Planejamento Setorial";"2050518,97";"3914000,00"
"2026-06-26 13:43:48.523000000";"Light";"60444437000146";"Concessão";"RJ";"Sudeste";"2021";"Expansão";"";"435069230,00";"284099275,35"
"2026-06-26 13:43:48.523000000";"Light";"60444437000146";"Concessão";"RJ";"Sudeste";"2021";"Expansão";"Obra com Participação Financeira";"4560365,41";"4853275,56"
"2026-06-26 13:43:48.523000000";"Light";"60444437000146";"Concessão";"RJ";"Sudeste";"2021";"Expansão";"Planejamento Setorial";"390634,17";",00"
"2026-06-26 13:43:48.523000000";"Light";"60444437000146";"Concessão";"RJ";"Sudeste";"2021";"Melhoria";"";"189374361,83";"144071991,50"
"2026-06-26 13:43:48.523000000";"Light";"60444437000146";"Concessão";"RJ";"Sudeste";"2021";"Melhoria";"Planejamento Setorial";",00";"70000,00"
"2026-06-26 13:43:48.523000000";"Light";"60444437000146";"Concessão";"RJ";"Sudeste";"2021";"Renovação";"";"372513719,85";"379936650,85"
"2026-06-26 13:43:48.523000000";"Light";"60444437000146";"Concessão";"RJ";"Sudeste";"2021";"Renovação";"Planejamento Setorial";"30572838,97";"36242751,09"
"2026-06-26 13:43:48.523000000";"Light";"60444437000146";"Concessão";"RJ";"Sudeste";"2022";"Expansão";"";"397045882,00";"268876340,40"
"2026-06-26 13:43:48.523000000";"Light";"60444437000146";"Concessão";"RJ";"Sudeste";"2022";"Expansão";"Obra com Participação Financeira";"4560365,41";"2673348,06"
"2026-06-26 13:43:48.523000000";"Light";"60444437000146";"Concessão";"RJ";"Sudeste";"2022";"Expansão";"Planejamento Setorial";"13899802,63";"17350000,01"
"2026-06-26 13:43:48.523000000";"Light";"60444437000146";"Concessão";"RJ";"Sudeste";"2022";"Melhoria";"";"99780812,71";"126385594,35"
"2026-06-26 13:43:48.523000000";"Light";"60444437000146";"Concessão";"RJ";"Sudeste";"2022";"Renovação";"";"447391276,16";"487169505,01"
"2026-06-26 13:43:48.523000000";"Light";"60444437000146";"Concessão";"RJ";"Sudeste";"2022";"Renovação";"Planejamento Setorial";"2024459,97";"2565900,66"
"2026-06-26 13:43:48.523000000";"Light";"60444437000146";"Concessão";"RJ";"Sudeste";"2023";"Expansão";"";"100876904,44";"209681749,31"
"2026-06-26 13:43:48.523000000";"Light";"60444437000146";"Concessão";"RJ";"Sudeste";"2023";"Expansão";"Obra com Participação Financeira";"11566734,60";"6519730,86"
"2026-06-26 13:43:48.523000000";"Light";"60444437000146";"Concessão";"RJ";"Sudeste";"2023";"Melhoria";"";"204683624,20";"240215228,32"
"2026-06-26 13:43:48.523000000";"Light";"60444437000146";"Concessão";"RJ";"Sudeste";"2023";"Melhoria";"Planejamento Setorial";"95026567,42";"117434102,19"
"2026-06-26 13:43:48.523000000";"Light";"60444437000146";"Concessão";"RJ";"Sudeste";"2023";"Renovação";"";"90282494,50";"101006907,20"
"2026-06-26 13:43:48.523000000";"Light";"60444437000146";"Concessão";"RJ";"Sudeste";"2024";"Expansão";"";"291852205,62";"241830385,11"
"2026-06-26 13:43:48.523000000";"Light";"60444437000146";"Concessão";"RJ";"Sudeste";"2024";"Expansão";"Obra com Participação Financeira";"42064099,17";"28209985,32"
"2026-06-26 13:43:48.523000000";"Light";"60444437000146";"Concessão";"RJ";"Sudeste";"2024";"Melhoria";"";"112067531,47";"113520833,77"
"2026-06-26 13:43:48.523000000";"Light";"60444437000146";"Concessão";"RJ";"Sudeste";"2024";"Renovação";"";"344219764,78";"608014920,84"
"2026-06-26 13:43:48.523000000";"Light";"60444437000146";"Concessão";"RJ";"Sudeste";"2025";"Expansão";"";"217391982,81";"291804485,48"
"2026-06-26 13:43:48.523000000";"Light";"60444437000146";"Concessão";"RJ";"Sudeste";"2025";"Expansão";"Obra com Participação Financeira";"16530821,68";"22116245,42"
"2026-06-26 13:43:48.523000000";"Light";"60444437000146";"Concessão";"RJ";"Sudeste";"2025";"Melhoria";"";"280397082,64";"484537871,08"
"2026-06-26 13:43:48.523000000";"Light";"60444437000146";"Concessão";"RJ";"Sudeste";"2025";"Renovação";"";"435189943,76";"692504413,87"
"2026-06-26 13:43:48.523000000";"Light";"60444437000146";"Concessão";"RJ";"Sudeste";"2026";"Expansão";"";",00";"415766584,31"
"2026-06-26 13:43:48.523000000";"Light";"60444437000146";"Concessão";"RJ";"Sudeste";"2026";"Expansão";"Obra com Participação Financeira";",00";"14717926,71"
"2026-06-26 13:43:48.523000000";"Light";"60444437000146";"Concessão";"RJ";"Sudeste";"2026";"Melhoria";"";",00";"615390130,64"
"2026-06-26 13:43:48.523000000";"Light";"60444437000146";"Concessão";"RJ";"Sudeste";"2026";"Melhoria";"Planejamento Setorial";",00";"5887641,49"
"2026-06-26 13:43:48.523000000";"Light";"60444437000146";"Concessão";"RJ";"Sudeste";"2026";"Renovação";"";",00";"653934016,67"
"2026-06-26 13:43:48.523000000";"Light";"60444437000146";"Concessão";"RJ";"Sudeste";"2027";"Expansão";"";",00";"560283847,16"
"2026-06-26 13:43:48.523000000";"Light";"60444437000146";"Concessão";"RJ";"Sudeste";"2027";"Expansão";"Obra com Participação Financeira";",00";"14725637,00"
"2026-06-26 13:43:48.523000000";"Light";"60444437000146";"Concessão";"RJ";"Sudeste";"2027";"Melhoria";"";",00";"511235372,80"
"2026-06-26 13:43:48.523000000";"Light";"60444437000146";"Concessão";"RJ";"Sudeste";"2027";"Melhoria";"Planejamento Setorial";",00";"71114513,24"
"2026-06-26 13:43:48.523000000";"Light";"60444437000146";"Concessão";"RJ";"Sudeste";"2027";"Renovação";"";",00";"628656664,34"
"2026-06-26 13:43:48.523000000";"Light";"60444437000146";"Concessão";"RJ";"Sudeste";"2028";"Expansão";"";",00";"853138466,23"
"2026-06-26 13:43:48.523000000";"Light";"60444437000146";"Concessão";"RJ";"Sudeste";"2028";"Expansão";"Obra com Participação Financeira";",00";"15415827,77"
"2026-06-26 13:43:48.523000000";"Light";"60444437000146";"Concessão";"RJ";"Sudeste";"2028";"Melhoria";"";",00";"506505812,70"
"2026-06-26 13:43:48.523000000";"Light";"60444437000146";"Concessão";"RJ";"Sudeste";"2028";"Melhoria";"Obra com Participação Financeira";",00";"10214133,09"
"2026-06-26 13:43:48.523000000";"Light";"60444437000146";"Concessão";"RJ";"Sudeste";"2028";"Renovação";"";",00";"601758016,63"
"2026-06-26 13:43:48.523000000";"Light";"60444437000146";"Concessão";"RJ";"Sudeste";"2029";"Expansão";"";",00";"370816328,23"
"2026-06-26 13:43:48.523000000";"Light";"60444437000146";"Concessão";"RJ";"Sudeste";"2029";"Expansão";"Obra com Participação Financeira";",00";"16167066,58"
"2026-06-26 13:43:48.523000000";"Light";"60444437000146";"Concessão";"RJ";"Sudeste";"2029";"Melhoria";"";",00";"559655890,42"
"2026-06-26 13:43:48.523000000";"Light";"60444437000146";"Concessão";"RJ";"Sudeste";"2029";"Melhoria";"Planejamento Setorial";",00";"39795059,88"
"2026-06-26 13:43:48.523000000";"Light";"60444437000146";"Concessão";"RJ";"Sudeste";"2029";"Renovação";"";",00";"1108578858,20"
"2026-06-26 13:43:48.523000000";"Light";"60444437000146";"Concessão";"RJ";"Sudeste";"2030";"Expansão";"";",00";"621796740,50"
"2026-06-26 13:43:48.523000000";"Light";"60444437000146";"Concessão";"RJ";"Sudeste";"2030";"Expansão";"Obra com Participação Financeira";",00";"16167422,08"
"2026-06-26 13:43:48.523000000";"Light";"60444437000146";"Concessão";"RJ";"Sudeste";"2030";"Melhoria";"";",00";"537225794,26"
"2026-06-26 13:43:48.523000000";"Light";"60444437000146";"Concessão";"RJ";"Sudeste";"2030";"Renovação";"";",00";"1207942642,83"
"2026-06-26 13:43:48.523000000";"Mux Energia";"97578090000134";"Concessão";"RS";"Sul";"2016";"Expansão";"";"283966,18";"187170,00"
"2026-06-26 13:43:48.523000000";"Mux Energia";"97578090000134";"Concessão";"RS";"Sul";"2016";"Expansão";"Obra com Participação Financeira";"112000,00";"60000,00"
"2026-06-26 13:43:48.523000000";"Mux Energia";"97578090000134";"Concessão";"RS";"Sul";"2016";"Melhoria";"";"226604,00";"284450,00"
"2026-06-26 13:43:48.523000000";"Mux Energia";"97578090000134";"Concessão";"RS";"Sul";"2016";"Renovação";"";"54565,00";"107000,00"
"2026-06-26 13:43:48.523000000";"Mux Energia";"97578090000134";"Concessão";"RS";"Sul";"2017";"Expansão";"";"287579,89";"381690,00"
"2026-06-26 13:43:48.523000000";"Mux Energia";"97578090000134";"Concessão";"RS";"Sul";"2017";"Expansão";"Obra com Participação Financeira";",00";"60000,00"
"2026-06-26 13:43:48.523000000";"Mux Energia";"97578090000134";"Concessão";"RS";"Sul";"2017";"Melhoria";"";"293091,89";"285000,00"
"2026-06-26 13:43:48.523000000";"Mux Energia";"97578090000134";"Concessão";"RS";"Sul";"2017";"Renovação";"";"67517,25";"70532,00"
"2026-06-26 13:43:48.523000000";"Mux Energia";"97578090000134";"Concessão";"RS";"Sul";"2018";"Expansão";"";"253187,26";"277409,32"
"2026-06-26 13:43:48.523000000";"Mux Energia";"97578090000134";"Concessão";"RS";"Sul";"2018";"Melhoria";"";"60723,94";"64743,00"
"2026-06-26 13:43:48.523000000";"Mux Energia";"97578090000134";"Concessão";"RS";"Sul";"2018";"Renovação";"";"112791,17";"97087,78"
"2026-06-26 13:43:48.523000000";"Mux Energia";"97578090000134";"Concessão";"RS";"Sul";"2019";"Expansão";"";"224750,24";"287350,31"
"2026-06-26 13:43:48.523000000";"Mux Energia";"97578090000134";"Concessão";"RS";"Sul";"2019";"Melhoria";"";"65197,00";"72134,88"
"2026-06-26 13:43:48.523000000";"Mux Energia";"97578090000134";"Concessão";"RS";"Sul";"2019";"Renovação";"";"249990,41";"153959,88"
"2026-06-26 13:43:48.523000000";"Mux Energia";"97578090000134";"Concessão";"RS";"Sul";"2020";"Expansão";"";"197779,74";"271980,16"
"2026-06-26 13:43:48.523000000";"Mux Energia";"97578090000134";"Concessão";"RS";"Sul";"2020";"Melhoria";"";"43468,09";"41567,81"
"2026-06-26 13:43:48.523000000";"Mux Energia";"97578090000134";"Concessão";"RS";"Sul";"2020";"Renovação";"";"165412,85";"254062,34"
"2026-06-26 13:43:48.523000000";"Mux Energia";"97578090000134";"Concessão";"RS";"Sul";"2021";"Expansão";"";"395670,43";"419724,84"
"2026-06-26 13:43:48.523000000";"Mux Energia";"97578090000134";"Concessão";"RS";"Sul";"2021";"Melhoria";"";"145874,28";"126168,00"
"2026-06-26 13:43:48.523000000";"Mux Energia";"97578090000134";"Concessão";"RS";"Sul";"2021";"Renovação";"";"169611,36";"159073,80"
"2026-06-26 13:43:48.523000000";"Mux Energia";"97578090000134";"Concessão";"RS";"Sul";"2022";"Expansão";"";"450557,27";"307711,20"
"2026-06-26 13:43:48.523000000";"Mux Energia";"97578090000134";"Concessão";"RS";"Sul";"2022";"Melhoria";"";"351683,29";"321036,00"
"2026-06-26 13:43:48.523000000";"Mux Energia";"97578090000134";"Concessão";"RS";"Sul";"2022";"Renovação";"";"203727,50";"75705,50"
"2026-06-26 13:43:48.523000000";"Mux Energia";"97578090000134";"Concessão";"RS";"Sul";"2023";"Expansão";"";"305004,23";"501178,30"
"2026-06-26 13:43:48.523000000";"Mux Energia";"97578090000134";"Concessão";"RS";"Sul";"2023";"Expansão";"Luz Para Todos";"2505,42";",00"
"2026-06-26 13:43:48.523000000";"Mux Energia";"97578090000134";"Concessão";"RS";"Sul";"2023";"Expansão";"Planejamento Setorial";"25503,07";",00"
"2026-06-26 13:43:48.523000000";"Mux Energia";"97578090000134";"Concessão";"RS";"Sul";"2023";"Melhoria";"";"225692,97";"509093,49"
"2026-06-26 13:43:48.523000000";"Mux Energia";"97578090000134";"Concessão";"RS";"Sul";"2023";"Melhoria";"Planejamento Setorial";"13718,13";",00"
"2026-06-26 13:43:48.523000000";"Mux Energia";"97578090000134";"Concessão";"RS";"Sul";"2023";"Renovação";"";"65681,66";"71700,00"
"2026-06-26 13:43:48.523000000";"Mux Energia";"97578090000134";"Concessão";"RS";"Sul";"2023";"Renovação";"Planejamento Setorial";"2208,37";",00"
"2026-06-26 13:43:48.523000000";"Mux Energia";"97578090000134";"Concessão";"RS";"Sul";"2024";"Expansão";"";"64431,19";"156000,00"
"2026-06-26 13:43:48.523000000";"Mux Energia";"97578090000134";"Concessão";"RS";"Sul";"2024";"Expansão";"Planejamento Setorial";"210194,44";"280368,26"
"2026-06-26 13:43:48.523000000";"Mux Energia";"97578090000134";"Concessão";"RS";"Sul";"2024";"Melhoria";"";"177040,65";"358350,75"
"2026-06-26 13:43:48.523000000";"Mux Energia";"97578090000134";"Concessão";"RS";"Sul";"2024";"Melhoria";"Planejamento Setorial";"456821,53";"210449,11"
"2026-06-26 13:43:48.523000000";"Mux Energia";"97578090000134";"Concessão";"RS";"Sul";"2024";"Renovação";"";"4672,89";"11700,00"
"2026-06-26 13:43:48.523000000";"Mux Energia";"97578090000134";"Concessão";"RS";"Sul";"2025";"Expansão";"";"371213,34";"3142742,94"
"2026-06-26 13:43:48.523000000";"Mux Energia";"97578090000134";"Concessão";"RS";"Sul";"2025";"Melhoria";"";"210681,10";"267300,53"
"2026-06-26 13:43:48.523000000";"Mux Energia";"97578090000134";"Concessão";"RS";"Sul";"2025";"Renovação";"";"998397,36";"836620,17"
"2026-06-26 13:43:48.523000000";"Mux Energia";"97578090000134";"Concessão";"RS";"Sul";"2026";"Expansão";"";",00";"2214994,98"
"2026-06-26 13:43:48.523000000";"Mux Energia";"97578090000134";"Concessão";"RS";"Sul";"2026";"Melhoria";"";",00";"750284,97"
"2026-06-26 13:43:48.523000000";"Mux Energia";"97578090000134";"Concessão";"RS";"Sul";"2026";"Renovação";"";",00";"12000,00"
"2026-06-26 13:43:48.523000000";"Mux Energia";"97578090000134";"Concessão";"RS";"Sul";"2027";"Expansão";"";",00";"3237994,88"
"2026-06-26 13:43:48.523000000";"Mux Energia";"97578090000134";"Concessão";"RS";"Sul";"2027";"Melhoria";"";",00";"1523462,98"
"2026-06-26 13:43:48.523000000";"Mux Energia";"97578090000134";"Concessão";"RS";"Sul";"2027";"Renovação";"";",00";"12000,00"
"2026-06-26 13:43:48.523000000";"Mux Energia";"97578090000134";"Concessão";"RS";"Sul";"2028";"Expansão";"";",00";"1123735,06"
"2026-06-26 13:43:48.523000000";"Mux Energia";"97578090000134";"Concessão";"RS";"Sul";"2028";"Melhoria";"";",00";"401392,00"
"2026-06-26 13:43:48.523000000";"Mux Energia";"97578090000134";"Concessão";"RS";"Sul";"2028";"Renovação";"";",00";"12000,00"
"2026-06-26 13:43:48.523000000";"Mux Energia";"97578090000134";"Concessão";"RS";"Sul";"2029";"Expansão";"";",00";"252408,42"
"2026-06-26 13:43:48.523000000";"Mux Energia";"97578090000134";"Concessão";"RS";"Sul";"2029";"Melhoria";"";",00";"3220769,00"
"2026-06-26 13:43:48.523000000";"Mux Energia";"97578090000134";"Concessão";"RS";"Sul";"2029";"Renovação";"";",00";"12000,00"
"2026-06-26 13:43:48.523000000";"Mux Energia";"97578090000134";"Concessão";"RS";"Sul";"2030";"Expansão";"";",00";"252408,42"
"2026-06-26 13:43:48.523000000";"Mux Energia";"97578090000134";"Concessão";"RS";"Sul";"2030";"Melhoria";"";",00";"2792390,00"
"2026-06-26 13:43:48.523000000";"Mux Energia";"97578090000134";"Concessão";"RS";"Sul";"2030";"Renovação";"";",00";"12000,00"
"2026-06-26 13:43:48.523000000";"Neoenergia Brasília";"07522669000192";"Concessão";"DF";"Centro Oeste";"2016";"Expansão";"";"30439814,14";"57572735,00"
"2026-06-26 13:43:48.523000000";"Neoenergia Brasília";"07522669000192";"Concessão";"DF";"Centro Oeste";"2016";"Expansão";"Obra com Participação Financeira";",00";"2363534,26"
"2026-06-26 13:43:48.523000000";"Neoenergia Brasília";"07522669000192";"Concessão";"DF";"Centro Oeste";"2016";"Melhoria";"";"770764,80";"31849935,11"
"2026-06-26 13:43:48.523000000";"Neoenergia Brasília";"07522669000192";"Concessão";"DF";"Centro Oeste";"2016";"Renovação";"";"2735040,11";"15997836,01"
"2026-06-26 13:43:48.523000000";"Neoenergia Brasília";"07522669000192";"Concessão";"DF";"Centro Oeste";"2017";"Expansão";"";"59725076,53";"60774355,19"
"2026-06-26 13:43:48.523000000";"Neoenergia Brasília";"07522669000192";"Concessão";"DF";"Centro Oeste";"2017";"Expansão";"Obra com Participação Financeira";"176141,82";"2508169,07"
"2026-06-26 13:43:48.523000000";"Neoenergia Brasília";"07522669000192";"Concessão";"DF";"Centro Oeste";"2017";"Melhoria";"";",06";"49283889,21"
"2026-06-26 13:43:48.523000000";"Neoenergia Brasília";"07522669000192";"Concessão";"DF";"Centro Oeste";"2017";"Renovação";"";"5319293,38";"17680842,79"
"2026-06-26 13:43:48.523000000";"Neoenergia Brasília";"07522669000192";"Concessão";"DF";"Centro Oeste";"2018";"Expansão";"";"66971678,59";"55999934,43"
"2026-06-26 13:43:48.523000000";"Neoenergia Brasília";"07522669000192";"Concessão";"DF";"Centro Oeste";"2018";"Expansão";"Obra com Participação Financeira";",06";"502800,00"
"2026-06-26 13:43:48.523000000";"Neoenergia Brasília";"07522669000192";"Concessão";"DF";"Centro Oeste";"2018";"Renovação";"";",05";"13070000,00"
"2026-06-26 13:43:48.523000000";"Neoenergia Brasília";"07522669000192";"Concessão";"DF";"Centro Oeste";"2019";"Expansão";"";"10979720,93";"37637336,99"
"2026-06-26 13:43:48.523000000";"Neoenergia Brasília";"07522669000192";"Concessão";"DF";"Centro Oeste";"2019";"Expansão";"Obra com Participação Financeira";"1044934,05";"310555,36"
"2026-06-26 13:43:48.523000000";"Neoenergia Brasília";"07522669000192";"Concessão";"DF";"Centro Oeste";"2019";"Expansão";"Planejamento Setorial";",00";"14151948,42"
"2026-06-26 13:43:48.523000000";"Neoenergia Brasília";"07522669000192";"Concessão";"DF";"Centro Oeste";"2019";"Renovação";"";"197160,00";"29748069,24"
"2026-06-26 13:43:48.523000000";"Neoenergia Brasília";"07522669000192";"Concessão";"DF";"Centro Oeste";"2020";"Expansão";"";"3272942,64";"49252746,04"
"2026-06-26 13:43:48.523000000";"Neoenergia Brasília";"07522669000192";"Concessão";"DF";"Centro Oeste";"2020";"Expansão";"Obra com Participação Financeira";",00";"282787,85"
"2026-06-26 13:43:48.523000000";"Neoenergia Brasília";"07522669000192";"Concessão";"DF";"Centro Oeste";"2020";"Renovação";"";",00";"25813108,67"
"2026-06-26 13:43:48.523000000";"Neoenergia Brasília";"07522669000192";"Concessão";"DF";"Centro Oeste";"2021";"Expansão";"";"46680796,00";"74353500,00"
"2026-06-26 13:43:48.523000000";"Neoenergia Brasília";"07522669000192";"Concessão";"DF";"Centro Oeste";"2021";"Melhoria";"";"8474462,97";"8613560,96"
"2026-06-26 13:43:48.523000000";"Neoenergia Brasília";"07522669000192";"Concessão";"DF";"Centro Oeste";"2021";"Renovação";"";"53947808,38";"59236000,00"
"2026-06-26 13:43:48.523000000";"Neoenergia Brasília";"07522669000192";"Concessão";"DF";"Centro Oeste";"2022";"Expansão";"";"101852702,16";"117455587,76"
"2026-06-26 13:43:48.523000000";"Neoenergia Brasília";"07522669000192";"Concessão";"DF";"Centro Oeste";"2022";"Melhoria";"";"15045363,14";"14330000,00"
"2026-06-26 13:43:48.523000000";"Neoenergia Brasília";"07522669000192";"Concessão";"DF";"Centro Oeste";"2022";"Renovação";"";"122463269,35";"81455000,00"
"2026-06-26 13:43:48.523000000";"Neoenergia Brasília";"07522669000192";"Concessão";"DF";"Centro Oeste";"2023";"Expansão";"";"112321509,19";"110915777,99"
"2026-06-26 13:43:48.523000000";"Neoenergia Brasília";"07522669000192";"Concessão";"DF";"Centro Oeste";"2023";"Melhoria";"";"15177000,00";"12136294,63"
"2026-06-26 13:43:48.523000000";"Neoenergia Brasília";"07522669000192";"Concessão";"DF";"Centro Oeste";"2023";"Renovação";"";"93249000,00";"74142748,99"
"2026-06-26 13:43:48.523000000";"Neoenergia Brasília";"07522669000192";"Concessão";"DF";"Centro Oeste";"2024";"Expansão";"";"102815526,76";"114086837,71"
"2026-06-26 13:43:48.523000000";"Neoenergia Brasília";"07522669000192";"Concessão";"DF";"Centro Oeste";"2024";"Melhoria";"";"28685339,44";"26630214,34"
"2026-06-26 13:43:48.523000000";"Neoenergia Brasília";"07522669000192";"Concessão";"DF";"Centro Oeste";"2024";"Renovação";"";"71192390,44";"87485733,06"
"2026-06-26 13:43:48.523000000";"Neoenergia Brasília";"07522669000192";"Concessão";"DF";"Centro Oeste";"2025";"Expansão";"";"124219655,31";"173971538,69"
"2026-06-26 13:43:48.523000000";"Neoenergia Brasília";"07522669000192";"Concessão";"DF";"Centro Oeste";"2025";"Melhoria";"";"36508820,99";"31877330,24"
"2026-06-26 13:43:48.523000000";"Neoenergia Brasília";"07522669000192";"Concessão";"DF";"Centro Oeste";"2025";"Renovação";"";"113566227,01";"119807770,24"
"2026-06-26 13:43:48.523000000";"Neoenergia Brasília";"07522669000192";"Concessão";"DF";"Centro Oeste";"2026";"Expansão";"";",00";"125907549,05"
"2026-06-26 13:43:48.523000000";"Neoenergia Brasília";"07522669000192";"Concessão";"DF";"Centro Oeste";"2026";"Melhoria";"";",00";"18608616,13"
"2026-06-26 13:43:48.523000000";"Neoenergia Brasília";"07522669000192";"Concessão";"DF";"Centro Oeste";"2026";"Renovação";"";",00";"58694719,36"
"2026-06-26 13:43:48.523000000";"Neoenergia Brasília";"07522669000192";"Concessão";"DF";"Centro Oeste";"2027";"Expansão";"";",00";"99290482,95"
"2026-06-26 13:43:48.523000000";"Neoenergia Brasília";"07522669000192";"Concessão";"DF";"Centro Oeste";"2027";"Melhoria";"";",00";"14793070,58"
"2026-06-26 13:43:48.523000000";"Neoenergia Brasília";"07522669000192";"Concessão";"DF";"Centro Oeste";"2027";"Renovação";"";",00";"76922277,44"
"2026-06-26 13:43:48.523000000";"Neoenergia Brasília";"07522669000192";"Concessão";"DF";"Centro Oeste";"2028";"Expansão";"";",00";"140031845,50"
"2026-06-26 13:43:48.523000000";"Neoenergia Brasília";"07522669000192";"Concessão";"DF";"Centro Oeste";"2028";"Melhoria";"";",00";"17430368,18"
"2026-06-26 13:43:48.523000000";"Neoenergia Brasília";"07522669000192";"Concessão";"DF";"Centro Oeste";"2028";"Renovação";"";",00";"72879425,60"
"2026-06-26 13:43:48.523000000";"Neoenergia Brasília";"07522669000192";"Concessão";"DF";"Centro Oeste";"2029";"Expansão";"";",00";"102923486,11"
"2026-06-26 13:43:48.523000000";"Neoenergia Brasília";"07522669000192";"Concessão";"DF";"Centro Oeste";"2029";"Melhoria";"";",00";"17021362,80"
"2026-06-26 13:43:48.523000000";"Neoenergia Brasília";"07522669000192";"Concessão";"DF";"Centro Oeste";"2029";"Renovação";"";",00";"88275024,16"
"2026-06-26 13:43:48.523000000";"Neoenergia Brasília";"07522669000192";"Concessão";"DF";"Centro Oeste";"2030";"Expansão";"";",00";"163387939,51"
"2026-06-26 13:43:48.523000000";"Neoenergia Brasília";"07522669000192";"Concessão";"DF";"Centro Oeste";"2030";"Melhoria";"";",00";"17665417,07"
"2026-06-26 13:43:48.523000000";"Neoenergia Brasília";"07522669000192";"Concessão";"DF";"Centro Oeste";"2030";"Renovação";"";",00";"117383417,42"
"2026-06-26 13:43:48.523000000";"Neoenergia Coelba";"15139629000194";"Concessão";"BA";"Nordeste";"2016";"Expansão";"";"91396829,30";"498019402,08"
"2026-06-26 13:43:48.523000000";"Neoenergia Coelba";"15139629000194";"Concessão";"BA";"Nordeste";"2016";"Expansão";"Luz Para Todos";",00";"277587220,83"
"2026-06-26 13:43:48.523000000";"Neoenergia Coelba";"15139629000194";"Concessão";"BA";"Nordeste";"2016";"Expansão";"Obra com Participação Financeira";"4057642,75";"26971121,50"
"2026-06-26 13:43:48.523000000";"Neoenergia Coelba";"15139629000194";"Concessão";"BA";"Nordeste";"2016";"Expansão";"Planejamento Setorial";",00";"15098063,63"
"2026-06-26 13:43:48.523000000";"Neoenergia Coelba";"15139629000194";"Concessão";"BA";"Nordeste";"2016";"Melhoria";"";"624605,90";"183258975,64"
"2026-06-26 13:43:48.523000000";"Neoenergia Coelba";"15139629000194";"Concessão";"BA";"Nordeste";"2016";"Renovação";"";",00";"138436253,48"
"2026-06-26 13:43:48.523000000";"Neoenergia Coelba";"15139629000194";"Concessão";"BA";"Nordeste";"2017";"Expansão";"";"589556978,76";"674821810,69"
"2026-06-26 13:43:48.523000000";"Neoenergia Coelba";"15139629000194";"Concessão";"BA";"Nordeste";"2017";"Expansão";"Luz Para Todos";"485299103,00";"524999999,70"
"2026-06-26 13:43:48.523000000";"Neoenergia Coelba";"15139629000194";"Concessão";"BA";"Nordeste";"2017";"Expansão";"Obra com Participação Financeira";"3831442,49";"1444531,79"
"2026-06-26 13:43:48.523000000";"Neoenergia Coelba";"15139629000194";"Concessão";"BA";"Nordeste";"2017";"Expansão";"Planejamento Setorial";"12887887,44";"13275010,55"
"2026-06-26 13:43:48.523000000";"Neoenergia Coelba";"15139629000194";"Concessão";"BA";"Nordeste";"2017";"Melhoria";"";"180291648,10";"266909164,79"
"2026-06-26 13:43:48.523000000";"Neoenergia Coelba";"15139629000194";"Concessão";"BA";"Nordeste";"2017";"Renovação";"";"263036878,12";"141134941,98"
"2026-06-26 13:43:48.523000000";"Neoenergia Coelba";"15139629000194";"Concessão";"BA";"Nordeste";"2018";"Expansão";"";"1069580428,15";"780946970,76"
"2026-06-26 13:43:48.523000000";"Neoenergia Coelba";"15139629000194";"Concessão";"BA";"Nordeste";"2018";"Expansão";"Luz Para Todos";"421159858,97";"500000000,12"
"2026-06-26 13:43:48.523000000";"Neoenergia Coelba";"15139629000194";"Concessão";"BA";"Nordeste";"2018";"Expansão";"Obra com Participação Financeira";"369224,89";"23522679,57"
"2026-06-26 13:43:48.523000000";"Neoenergia Coelba";"15139629000194";"Concessão";"BA";"Nordeste";"2018";"Expansão";"Planejamento Setorial";"25465496,00";"23013996,00"
"2026-06-26 13:43:48.523000000";"Neoenergia Coelba";"15139629000194";"Concessão";"BA";"Nordeste";"2018";"Melhoria";"";"292299331,71";"199914821,81"
"2026-06-26 13:43:48.523000000";"Neoenergia Coelba";"15139629000194";"Concessão";"BA";"Nordeste";"2018";"Renovação";"";"213291714,70";"274318625,20"
"2026-06-26 13:43:48.523000000";"Neoenergia Coelba";"15139629000194";"Concessão";"BA";"Nordeste";"2019";"Expansão";"";"605522526,64";"752001310,99"
"2026-06-26 13:43:48.523000000";"Neoenergia Coelba";"15139629000194";"Concessão";"BA";"Nordeste";"2019";"Expansão";"Luz Para Todos";"568099602,96";"574592286,76"
"2026-06-26 13:43:48.523000000";"Neoenergia Coelba";"15139629000194";"Concessão";"BA";"Nordeste";"2019";"Expansão";"Obra com Participação Financeira";"278359,06";"24094728,83"
"2026-06-26 13:43:48.523000000";"Neoenergia Coelba";"15139629000194";"Concessão";"BA";"Nordeste";"2019";"Melhoria";"";"278751943,44";"312854881,65"
"2026-06-26 13:43:48.523000000";"Neoenergia Coelba";"15139629000194";"Concessão";"BA";"Nordeste";"2019";"Renovação";"";"280027517,26";"206490984,20"
"2026-06-26 13:43:48.523000000";"Neoenergia Coelba";"15139629000194";"Concessão";"BA";"Nordeste";"2020";"Expansão";"";"666913018,65";"981986601,27"
"2026-06-26 13:43:48.523000000";"Neoenergia Coelba";"15139629000194";"Concessão";"BA";"Nordeste";"2020";"Expansão";"Luz Para Todos";"417643391,46";"560585700,00"
"2026-06-26 13:43:48.523000000";"Neoenergia Coelba";"15139629000194";"Concessão";"BA";"Nordeste";"2020";"Melhoria";"";"240190546,28";"292136827,03"
"2026-06-26 13:43:48.523000000";"Neoenergia Coelba";"15139629000194";"Concessão";"BA";"Nordeste";"2020";"Melhoria";"Luz Para Todos";"46404821,27";"62287300,00"
"2026-06-26 13:43:48.523000000";"Neoenergia Coelba";"15139629000194";"Concessão";"BA";"Nordeste";"2020";"Renovação";"";"236288526,23";"168808476,36"
"2026-06-26 13:43:48.523000000";"Neoenergia Coelba";"15139629000194";"Concessão";"BA";"Nordeste";"2021";"Expansão";"";"987816972,40";"922087814,48"
"2026-06-26 13:43:48.523000000";"Neoenergia Coelba";"15139629000194";"Concessão";"BA";"Nordeste";"2021";"Expansão";"Luz Para Todos";"525591549,42";"618153891,20"
"2026-06-26 13:43:48.523000000";"Neoenergia Coelba";"15139629000194";"Concessão";"BA";"Nordeste";"2021";"Melhoria";"";"241997473,92";"251841091,13"
"2026-06-26 13:43:48.523000000";"Neoenergia Coelba";"15139629000194";"Concessão";"BA";"Nordeste";"2021";"Melhoria";"Luz Para Todos";"58399061,05";"68683765,69"
"2026-06-26 13:43:48.523000000";"Neoenergia Coelba";"15139629000194";"Concessão";"BA";"Nordeste";"2021";"Renovação";"";"264505020,99";"203168583,39"
"2026-06-26 13:43:48.523000000";"Neoenergia Coelba";"15139629000194";"Concessão";"BA";"Nordeste";"2022";"Expansão";"";"1078170328,29";"1018194304,21"
"2026-06-26 13:43:48.523000000";"Neoenergia Coelba";"15139629000194";"Concessão";"BA";"Nordeste";"2022";"Expansão";"Luz Para Todos";"616930366,76";"836273044,04"
"2026-06-26 13:43:48.523000000";"Neoenergia Coelba";"15139629000194";"Concessão";"BA";"Nordeste";"2022";"Expansão";"Planejamento Setorial";"136018866,75";"117575014,08"
"2026-06-26 13:43:48.523000000";"Neoenergia Coelba";"15139629000194";"Concessão";"BA";"Nordeste";"2022";"Melhoria";"";"371231449,48";"249565696,05"
"2026-06-26 13:43:48.523000000";"Neoenergia Coelba";"15139629000194";"Concessão";"BA";"Nordeste";"2022";"Melhoria";"Luz Para Todos";"68547818,53";"92919227,12"
"2026-06-26 13:43:48.523000000";"Neoenergia Coelba";"15139629000194";"Concessão";"BA";"Nordeste";"2022";"Renovação";"";"361044435,86";"332406099,42"
"2026-06-26 13:43:48.523000000";"Neoenergia Coelba";"15139629000194";"Concessão";"BA";"Nordeste";"2023";"Expansão";"";"1212554688,78";"1172029176,86"
"2026-06-26 13:43:48.523000000";"Neoenergia Coelba";"15139629000194";"Concessão";"BA";"Nordeste";"2023";"Expansão";"Luz Para Todos";"330185701,00";"418520522,80"
"2026-06-26 13:43:48.523000000";"Neoenergia Coelba";"15139629000194";"Concessão";"BA";"Nordeste";"2023";"Expansão";"Planejamento Setorial";"157042903,69";"153170638,76"
"2026-06-26 13:43:48.523000000";"Neoenergia Coelba";"15139629000194";"Concessão";"BA";"Nordeste";"2023";"Melhoria";"";"180556692,00";"232896012,57"
"2026-06-26 13:43:48.523000000";"Neoenergia Coelba";"15139629000194";"Concessão";"BA";"Nordeste";"2023";"Melhoria";"Luz Para Todos";"36687300,00";"46502280,31"
"2026-06-26 13:43:48.523000000";"Neoenergia Coelba";"15139629000194";"Concessão";"BA";"Nordeste";"2023";"Renovação";"";"368398125,00";"276601221,48"
"2026-06-26 13:43:48.523000000";"Neoenergia Coelba";"15139629000194";"Concessão";"BA";"Nordeste";"2024";"Expansão";"";"1829500815,82";"1933158691,44"
"2026-06-26 13:43:48.523000000";"Neoenergia Coelba";"15139629000194";"Concessão";"BA";"Nordeste";"2024";"Expansão";"Luz Para Todos";"288109148,00";"242060400,00"
"2026-06-26 13:43:48.523000000";"Neoenergia Coelba";"15139629000194";"Concessão";"BA";"Nordeste";"2024";"Expansão";"Planejamento Setorial";"8849818,36";"12804317,64"
"2026-06-26 13:43:48.523000000";"Neoenergia Coelba";"15139629000194";"Concessão";"BA";"Nordeste";"2024";"Melhoria";"";"174801530,00";"128758802,52"
"2026-06-26 13:43:48.523000000";"Neoenergia Coelba";"15139629000194";"Concessão";"BA";"Nordeste";"2024";"Melhoria";"Luz Para Todos";"32012128,00";"26895600,00"
"2026-06-26 13:43:48.523000000";"Neoenergia Coelba";"15139629000194";"Concessão";"BA";"Nordeste";"2024";"Renovação";"";"455591593,00";"368322690,24"
"2026-06-26 13:43:48.523000000";"Neoenergia Coelba";"15139629000194";"Concessão";"BA";"Nordeste";"2025";"Expansão";"";"2123137340,68";"2388447384,17"
"2026-06-26 13:43:48.523000000";"Neoenergia Coelba";"15139629000194";"Concessão";"BA";"Nordeste";"2025";"Expansão";"Luz Para Todos";"303316993,49";"265013157,67"
"2026-06-26 13:43:48.523000000";"Neoenergia Coelba";"15139629000194";"Concessão";"BA";"Nordeste";"2025";"Expansão";"Planejamento Setorial";"94889541,04";"97993042,90"
"2026-06-26 13:43:48.523000000";"Neoenergia Coelba";"15139629000194";"Concessão";"BA";"Nordeste";"2025";"Melhoria";"";"253361441,81";"310107968,22"
"2026-06-26 13:43:48.523000000";"Neoenergia Coelba";"15139629000194";"Concessão";"BA";"Nordeste";"2025";"Melhoria";"Luz Para Todos";"33701888,17";"29445906,41"
"2026-06-26 13:43:48.523000000";"Neoenergia Coelba";"15139629000194";"Concessão";"BA";"Nordeste";"2025";"Renovação";"";"489848483,98";"452002169,95"
"2026-06-26 13:43:48.523000000";"Neoenergia Coelba";"15139629000194";"Concessão";"BA";"Nordeste";"2026";"Expansão";"";",00";"3266149110,96"
"2026-06-26 13:43:48.523000000";"Neoenergia Coelba";"15139629000194";"Concessão";"BA";"Nordeste";"2026";"Expansão";"Luz Para Todos";",00";"261889874,60"
"2026-06-26 13:43:48.523000000";"Neoenergia Coelba";"15139629000194";"Concessão";"BA";"Nordeste";"2026";"Melhoria";"";",00";"215239472,24"
"2026-06-26 13:43:48.523000000";"Neoenergia Coelba";"15139629000194";"Concessão";"BA";"Nordeste";"2026";"Melhoria";"Luz Para Todos";",00";"29098874,96"
"2026-06-26 13:43:48.523000000";"Neoenergia Coelba";"15139629000194";"Concessão";"BA";"Nordeste";"2026";"Renovação";"";",00";"340970646,83"
"2026-06-26 13:43:48.523000000";"Neoenergia Coelba";"15139629000194";"Concessão";"BA";"Nordeste";"2027";"Expansão";"";",00";"2050226930,28"
"2026-06-26 13:43:48.523000000";"Neoenergia Coelba";"15139629000194";"Concessão";"BA";"Nordeste";"2027";"Expansão";"Luz Para Todos";",00";"294747195,54"
"2026-06-26 13:43:48.523000000";"Neoenergia Coelba";"15139629000194";"Concessão";"BA";"Nordeste";"2027";"Expansão";"Planejamento Setorial";",00";"91860342,75"
"2026-06-26 13:43:48.523000000";"Neoenergia Coelba";"15139629000194";"Concessão";"BA";"Nordeste";"2027";"Melhoria";"";",00";"222568623,30"
"2026-06-26 13:43:48.523000000";"Neoenergia Coelba";"15139629000194";"Concessão";"BA";"Nordeste";"2027";"Melhoria";"Luz Para Todos";",00";"32749688,39"
"2026-06-26 13:43:48.523000000";"Neoenergia Coelba";"15139629000194";"Concessão";"BA";"Nordeste";"2027";"Renovação";"";",00";"454033587,97"
"2026-06-26 13:43:48.523000000";"Neoenergia Coelba";"15139629000194";"Concessão";"BA";"Nordeste";"2028";"Expansão";"";",00";"2411477344,78"
"2026-06-26 13:43:48.523000000";"Neoenergia Coelba";"15139629000194";"Concessão";"BA";"Nordeste";"2028";"Expansão";"Luz Para Todos";",00";"418604631,81"
"2026-06-26 13:43:48.523000000";"Neoenergia Coelba";"15139629000194";"Concessão";"BA";"Nordeste";"2028";"Melhoria";"";",00";"319992880,17"
"2026-06-26 13:43:48.523000000";"Neoenergia Coelba";"15139629000194";"Concessão";"BA";"Nordeste";"2028";"Melhoria";"Luz Para Todos";",00";"46511625,76"
"2026-06-26 13:43:48.523000000";"Neoenergia Coelba";"15139629000194";"Concessão";"BA";"Nordeste";"2028";"Renovação";"";",00";"479992605,51"
"2026-06-26 13:43:48.523000000";"Neoenergia Coelba";"15139629000194";"Concessão";"BA";"Nordeste";"2029";"Expansão";"";",00";"2160880022,24"
"2026-06-26 13:43:48.523000000";"Neoenergia Coelba";"15139629000194";"Concessão";"BA";"Nordeste";"2029";"Melhoria";"";",00";"305837375,30"
"2026-06-26 13:43:48.523000000";"Neoenergia Coelba";"15139629000194";"Concessão";"BA";"Nordeste";"2029";"Renovação";"";",00";"444583235,18"
"2026-06-26 13:43:48.523000000";"Neoenergia Coelba";"15139629000194";"Concessão";"BA";"Nordeste";"2030";"Expansão";"";",00";"1982628961,60"
"2026-06-26 13:43:48.523000000";"Neoenergia Coelba";"15139629000194";"Concessão";"BA";"Nordeste";"2030";"Melhoria";"";",00";"424240900,09"
"2026-06-26 13:43:48.523000000";"Neoenergia Coelba";"15139629000194";"Concessão";"BA";"Nordeste";"2030";"Renovação";"";",00";"501249233,46"
"2026-06-26 13:43:48.523000000";"Neoenergia Cosern";"08324196000181";"Concessão";"RN";"Nordeste";"2016";"Expansão";"";"135429013,57";",00"
"2026-06-26 13:43:48.523000000";"Neoenergia Cosern";"08324196000181";"Concessão";"RN";"Nordeste";"2016";"Expansão";"Obra com Participação Financeira";"17817218,12";",00"
"2026-06-26 13:43:48.523000000";"Neoenergia Cosern";"08324196000181";"Concessão";"RN";"Nordeste";"2016";"Melhoria";"";"27028602,20";",00"
"2026-06-26 13:43:48.523000000";"Neoenergia Cosern";"08324196000181";"Concessão";"RN";"Nordeste";"2016";"Renovação";"";"40291119,00";",00"
"2026-06-26 13:43:48.523000000";"Neoenergia Cosern";"08324196000181";"Concessão";"RN";"Nordeste";"2017";"Expansão";"";"172532099,79";"162389251,90"
"2026-06-26 13:43:48.523000000";"Neoenergia Cosern";"08324196000181";"Concessão";"RN";"Nordeste";"2017";"Melhoria";"";"31274923,08";"20261152,96"
"2026-06-26 13:43:48.523000000";"Neoenergia Cosern";"08324196000181";"Concessão";"RN";"Nordeste";"2017";"Renovação";"";"51245933,49";"51056476,58"
"2026-06-26 13:43:48.523000000";"Neoenergia Cosern";"08324196000181";"Concessão";"RN";"Nordeste";"2018";"Expansão";"";"162671905,87";"187215721,44"
"2026-06-26 13:43:48.523000000";"Neoenergia Cosern";"08324196000181";"Concessão";"RN";"Nordeste";"2018";"Expansão";"Obra com Participação Financeira";"5824124,69";"4881269,22"
"2026-06-26 13:43:48.523000000";"Neoenergia Cosern";"08324196000181";"Concessão";"RN";"Nordeste";"2018";"Melhoria";"";"55808353,62";"34180380,42"
"2026-06-26 13:43:48.523000000";"Neoenergia Cosern";"08324196000181";"Concessão";"RN";"Nordeste";"2018";"Renovação";"";"32841613,87";"36065462,84"
"2026-06-26 13:43:48.523000000";"Neoenergia Cosern";"08324196000181";"Concessão";"RN";"Nordeste";"2019";"Expansão";"";"184061704,69";"171534278,11"
"2026-06-26 13:43:48.523000000";"Neoenergia Cosern";"08324196000181";"Concessão";"RN";"Nordeste";"2019";"Melhoria";"";"57409547,92";"55492501,95"
"2026-06-26 13:43:48.523000000";"Neoenergia Cosern";"08324196000181";"Concessão";"RN";"Nordeste";"2019";"Renovação";"";"41744362,21";"29322037,75"
"2026-06-26 13:43:48.523000000";"Neoenergia Cosern";"08324196000181";"Concessão";"RN";"Nordeste";"2020";"Expansão";"";"211398818,57";"232621948,86"
"2026-06-26 13:43:48.523000000";"Neoenergia Cosern";"08324196000181";"Concessão";"RN";"Nordeste";"2020";"Melhoria";"";"58848253,96";"60973078,58"
"2026-06-26 13:43:48.523000000";"Neoenergia Cosern";"08324196000181";"Concessão";"RN";"Nordeste";"2020";"Renovação";"";"42183084,03";"40297469,54"
"2026-06-26 13:43:48.523000000";"Neoenergia Cosern";"08324196000181";"Concessão";"RN";"Nordeste";"2021";"Expansão";"";"242106396,91";"212946299,88"
"2026-06-26 13:43:48.523000000";"Neoenergia Cosern";"08324196000181";"Concessão";"RN";"Nordeste";"2021";"Melhoria";"";"55265900,39";"59498749,68"
"2026-06-26 13:43:48.523000000";"Neoenergia Cosern";"08324196000181";"Concessão";"RN";"Nordeste";"2021";"Renovação";"";"54583469,00";"50172202,45"
"2026-06-26 13:43:48.523000000";"Neoenergia Cosern";"08324196000181";"Concessão";"RN";"Nordeste";"2022";"Expansão";"";"268322734,77";"265422155,76"
"2026-06-26 13:43:48.523000000";"Neoenergia Cosern";"08324196000181";"Concessão";"RN";"Nordeste";"2022";"Expansão";"Obra com Participação Financeira";",00";"15225244,49"
"2026-06-26 13:43:48.523000000";"Neoenergia Cosern";"08324196000181";"Concessão";"RN";"Nordeste";"2022";"Melhoria";"";"86799875,00";"78115891,12"
"2026-06-26 13:43:48.523000000";"Neoenergia Cosern";"08324196000181";"Concessão";"RN";"Nordeste";"2022";"Renovação";"";"82786007,00";"54934950,28"
"2026-06-26 13:43:48.523000000";"Neoenergia Cosern";"08324196000181";"Concessão";"RN";"Nordeste";"2023";"Expansão";"";"279264471,00";"269227736,43"
"2026-06-26 13:43:48.523000000";"Neoenergia Cosern";"08324196000181";"Concessão";"RN";"Nordeste";"2023";"Expansão";"Planejamento Setorial";"1230970,00";"1261912,58"
"2026-06-26 13:43:48.523000000";"Neoenergia Cosern";"08324196000181";"Concessão";"RN";"Nordeste";"2023";"Melhoria";"";"38875402,00";"82658530,91"
"2026-06-26 13:43:48.523000000";"Neoenergia Cosern";"08324196000181";"Concessão";"RN";"Nordeste";"2023";"Renovação";"";"90587595,00";"42850010,44"
"2026-06-26 13:43:48.523000000";"Neoenergia Cosern";"08324196000181";"Concessão";"RN";"Nordeste";"2024";"Expansão";"";"261163983,16";"264518571,88"
"2026-06-26 13:43:48.523000000";"Neoenergia Cosern";"08324196000181";"Concessão";"RN";"Nordeste";"2024";"Expansão";"Obra com Participação Financeira";",00";"24397940,50"
"2026-06-26 13:43:48.523000000";"Neoenergia Cosern";"08324196000181";"Concessão";"RN";"Nordeste";"2024";"Expansão";"Planejamento Setorial";"1912634,00";"2808260,63"
"2026-06-26 13:43:48.523000000";"Neoenergia Cosern";"08324196000181";"Concessão";"RN";"Nordeste";"2024";"Melhoria";"";"41208759,35";"37673696,66"
"2026-06-26 13:43:48.523000000";"Neoenergia Cosern";"08324196000181";"Concessão";"RN";"Nordeste";"2024";"Renovação";"";"92008200,42";"87833709,58"
"2026-06-26 13:43:48.523000000";"Neoenergia Cosern";"08324196000181";"Concessão";"RN";"Nordeste";"2025";"Expansão";"";"366805298,03";"309431792,30"
"2026-06-26 13:43:48.523000000";"Neoenergia Cosern";"08324196000181";"Concessão";"RN";"Nordeste";"2025";"Expansão";"Obra com Participação Financeira";"24397940,46";",00"
"2026-06-26 13:43:48.523000000";"Neoenergia Cosern";"08324196000181";"Concessão";"RN";"Nordeste";"2025";"Expansão";"Planejamento Setorial";"5081167,08";"4817066,48"
"2026-06-26 13:43:48.523000000";"Neoenergia Cosern";"08324196000181";"Concessão";"RN";"Nordeste";"2025";"Melhoria";"";"65233957,38";"57707102,66"
"2026-06-26 13:43:48.523000000";"Neoenergia Cosern";"08324196000181";"Concessão";"RN";"Nordeste";"2025";"Renovação";"";"76286750,01";"100421429,84"
"2026-06-26 13:43:48.523000000";"Neoenergia Cosern";"08324196000181";"Concessão";"RN";"Nordeste";"2026";"Expansão";"";",00";"251657381,43"
"2026-06-26 13:43:48.523000000";"Neoenergia Cosern";"08324196000181";"Concessão";"RN";"Nordeste";"2026";"Melhoria";"";",00";"102367389,46"
"2026-06-26 13:43:48.523000000";"Neoenergia Cosern";"08324196000181";"Concessão";"RN";"Nordeste";"2026";"Renovação";"";",00";"86805716,14"
"2026-06-26 13:43:48.523000000";"Neoenergia Cosern";"08324196000181";"Concessão";"RN";"Nordeste";"2027";"Expansão";"";",00";"315403877,27"
"2026-06-26 13:43:48.523000000";"Neoenergia Cosern";"08324196000181";"Concessão";"RN";"Nordeste";"2027";"Expansão";"Obra com Participação Financeira";",00";"140297193,82"
"2026-06-26 13:43:48.523000000";"Neoenergia Cosern";"08324196000181";"Concessão";"RN";"Nordeste";"2027";"Expansão";"Planejamento Setorial";",00";"5300873,16"
"2026-06-26 13:43:48.523000000";"Neoenergia Cosern";"08324196000181";"Concessão";"RN";"Nordeste";"2027";"Melhoria";"";",00";"109091972,82"
"2026-06-26 13:43:48.523000000";"Neoenergia Cosern";"08324196000181";"Concessão";"RN";"Nordeste";"2027";"Renovação";"";",00";"117470587,69"
"2026-06-26 13:43:48.523000000";"Neoenergia Cosern";"08324196000181";"Concessão";"RN";"Nordeste";"2028";"Expansão";"";",00";"301337777,18"
"2026-06-26 13:43:48.523000000";"Neoenergia Cosern";"08324196000181";"Concessão";"RN";"Nordeste";"2028";"Expansão";"Planejamento Setorial";",00";"1743734,89"
"2026-06-26 13:43:48.523000000";"Neoenergia Cosern";"08324196000181";"Concessão";"RN";"Nordeste";"2028";"Melhoria";"";",00";"92160233,25"
"2026-06-26 13:43:48.523000000";"Neoenergia Cosern";"08324196000181";"Concessão";"RN";"Nordeste";"2028";"Renovação";"";",00";"96534706,72"
"2026-06-26 13:43:48.523000000";"Neoenergia Cosern";"08324196000181";"Concessão";"RN";"Nordeste";"2029";"Expansão";"";",00";"306281394,19"
"2026-06-26 13:43:48.523000000";"Neoenergia Cosern";"08324196000181";"Concessão";"RN";"Nordeste";"2029";"Expansão";"Planejamento Setorial";",00";"584369,03"
"2026-06-26 13:43:48.523000000";"Neoenergia Cosern";"08324196000181";"Concessão";"RN";"Nordeste";"2029";"Melhoria";"";",00";"120892379,66"
"2026-06-26 13:43:48.523000000";"Neoenergia Cosern";"08324196000181";"Concessão";"RN";"Nordeste";"2029";"Renovação";"";",00";"97673700,66"
"2026-06-26 13:43:48.523000000";"Neoenergia Cosern";"08324196000181";"Concessão";"RN";"Nordeste";"2030";"Expansão";"";",00";"314269891,61"
"2026-06-26 13:43:48.523000000";"Neoenergia Cosern";"08324196000181";"Concessão";"RN";"Nordeste";"2030";"Melhoria";"";",00";"129212675,34"
"2026-06-26 13:43:48.523000000";"Neoenergia Cosern";"08324196000181";"Concessão";"RN";"Nordeste";"2030";"Renovação";"";",00";"98116010,75"
"2026-06-26 13:43:48.523000000";"Neoenergia Elektro";"02328280000197";"Concessão";"SP";"Sudeste";"2016";"Expansão";"";"186474074,23";"213101612,82"
"2026-06-26 13:43:48.523000000";"Neoenergia Elektro";"02328280000197";"Concessão";"SP";"Sudeste";"2016";"Expansão";"Obra com Participação Financeira";"4791761,75";"6350177,55"
"2026-06-26 13:43:48.523000000";"Neoenergia Elektro";"02328280000197";"Concessão";"SP";"Sudeste";"2016";"Expansão";"Planejamento Setorial";"18039179,54";"8445999,97"
"2026-06-26 13:43:48.523000000";"Neoenergia Elektro";"02328280000197";"Concessão";"SP";"Sudeste";"2016";"Melhoria";"";"32252580,44";"21812265,74"
"2026-06-26 13:43:48.523000000";"Neoenergia Elektro";"02328280000197";"Concessão";"SP";"Sudeste";"2016";"Renovação";"";"69635353,87";"73759518,91"
"2026-06-26 13:43:48.523000000";"Neoenergia Elektro";"02328280000197";"Concessão";"SP";"Sudeste";"2017";"Expansão";"";"203293242,41";"207786293,35"
"2026-06-26 13:43:48.523000000";"Neoenergia Elektro";"02328280000197";"Concessão";"SP";"Sudeste";"2017";"Expansão";"Obra com Participação Financeira";"4067877,66";"9267215,23"
"2026-06-26 13:43:48.523000000";"Neoenergia Elektro";"02328280000197";"Concessão";"SP";"Sudeste";"2017";"Melhoria";"";"8509756240,42";"80308821,20"
"2026-06-26 13:43:48.523000000";"Neoenergia Elektro";"02328280000197";"Concessão";"SP";"Sudeste";"2017";"Renovação";"";"74820602,89";"66606247,54"
"2026-06-26 13:43:48.523000000";"Neoenergia Elektro";"02328280000197";"Concessão";"SP";"Sudeste";"2018";"Expansão";"";",00";"116210623,27"
"2026-06-26 13:43:48.523000000";"Neoenergia Elektro";"02328280000197";"Concessão";"SP";"Sudeste";"2018";"Expansão";"Obra com Participação Financeira";",00";"4766365,00"
"2026-06-26 13:43:48.523000000";"Neoenergia Elektro";"02328280000197";"Concessão";"SP";"Sudeste";"2018";"Expansão";"Planejamento Setorial";",00";"224726804,67"
"2026-06-26 13:43:48.523000000";"Neoenergia Elektro";"02328280000197";"Concessão";"SP";"Sudeste";"2018";"Melhoria";"";",00";"18874702,38"
"2026-06-26 13:43:48.523000000";"Neoenergia Elektro";"02328280000197";"Concessão";"SP";"Sudeste";"2018";"Melhoria";"Planejamento Setorial";",00";"154911499,20"
"2026-06-26 13:43:48.523000000";"Neoenergia Elektro";"02328280000197";"Concessão";"SP";"Sudeste";"2018";"Renovação";"";",00";"39653972,00"
"2026-06-26 13:43:48.523000000";"Neoenergia Elektro";"02328280000197";"Concessão";"SP";"Sudeste";"2018";"Renovação";"Planejamento Setorial";",00";"45162377,01"
"2026-06-26 13:43:48.523000000";"Neoenergia Elektro";"02328280000197";"Concessão";"SP";"Sudeste";"2019";"Expansão";"";"46777265,33";"43904503,43"
"2026-06-26 13:43:48.523000000";"Neoenergia Elektro";"02328280000197";"Concessão";"SP";"Sudeste";"2019";"Expansão";"Obra com Participação Financeira";"7007859,98";"7017840,26"
"2026-06-26 13:43:48.523000000";"Neoenergia Elektro";"02328280000197";"Concessão";"SP";"Sudeste";"2019";"Expansão";"Planejamento Setorial";"204220899,37";"247482367,36"
"2026-06-26 13:43:48.523000000";"Neoenergia Elektro";"02328280000197";"Concessão";"SP";"Sudeste";"2019";"Melhoria";"";"21566681,16";"10885330,51"
"2026-06-26 13:43:48.523000000";"Neoenergia Elektro";"02328280000197";"Concessão";"SP";"Sudeste";"2019";"Melhoria";"Planejamento Setorial";"89527151,85";"104367222,60"
"2026-06-26 13:43:48.523000000";"Neoenergia Elektro";"02328280000197";"Concessão";"SP";"Sudeste";"2019";"Renovação";"";"70357021,81";"98079800,11"
"2026-06-26 13:43:48.523000000";"Neoenergia Elektro";"02328280000197";"Concessão";"SP";"Sudeste";"2019";"Renovação";"Planejamento Setorial";"34461436,26";"72290939,78"
"2026-06-26 13:43:48.523000000";"Neoenergia Elektro";"02328280000197";"Concessão";"SP";"Sudeste";"2020";"Expansão";"";"318019944,47";"312885142,91"
"2026-06-26 13:43:48.523000000";"Neoenergia Elektro";"02328280000197";"Concessão";"SP";"Sudeste";"2020";"Melhoria";"";"89996746,00";"119178531,63"
"2026-06-26 13:43:48.523000000";"Neoenergia Elektro";"02328280000197";"Concessão";"SP";"Sudeste";"2020";"Renovação";"";"152038745,00";"117046535,43"
"2026-06-26 13:43:48.523000000";"Neoenergia Elektro";"02328280000197";"Concessão";"SP";"Sudeste";"2021";"Expansão";"";"356890703,30";"379182388,45"
"2026-06-26 13:43:48.523000000";"Neoenergia Elektro";"02328280000197";"Concessão";"SP";"Sudeste";"2021";"Melhoria";"";"77360630,00";"82724988,87"
"2026-06-26 13:43:48.523000000";"Neoenergia Elektro";"02328280000197";"Concessão";"SP";"Sudeste";"2021";"Renovação";"";"169998879,00";"134053940,62"
"2026-06-26 13:43:48.523000000";"Neoenergia Elektro";"02328280000197";"Concessão";"SP";"Sudeste";"2022";"Expansão";"";"463826193,44";"473922671,62"
"2026-06-26 13:43:48.523000000";"Neoenergia Elektro";"02328280000197";"Concessão";"SP";"Sudeste";"2022";"Melhoria";"";"138586892,00";"119607624,31"
"2026-06-26 13:43:48.523000000";"Neoenergia Elektro";"02328280000197";"Concessão";"SP";"Sudeste";"2022";"Renovação";"";"192026377,00";"174589609,46"
"2026-06-26 13:43:48.523000000";"Neoenergia Elektro";"02328280000197";"Concessão";"SP";"Sudeste";"2023";"Expansão";"";"487886337,88";"544436349,46"
"2026-06-26 13:43:48.523000000";"Neoenergia Elektro";"02328280000197";"Concessão";"SP";"Sudeste";"2023";"Melhoria";"";"93951050,56";"112484427,32"
"2026-06-26 13:43:48.523000000";"Neoenergia Elektro";"02328280000197";"Concessão";"SP";"Sudeste";"2023";"Renovação";"";"221860420,03";"202183709,04"
"2026-06-26 13:43:48.523000000";"Neoenergia Elektro";"02328280000197";"Concessão";"SP";"Sudeste";"2024";"Expansão";"";"542217897,80";"479385141,42"
"2026-06-26 13:43:48.523000000";"Neoenergia Elektro";"02328280000197";"Concessão";"SP";"Sudeste";"2024";"Melhoria";"";"108676687,29";"84358779,42"
"2026-06-26 13:43:48.523000000";"Neoenergia Elektro";"02328280000197";"Concessão";"SP";"Sudeste";"2024";"Renovação";"";"204525790,50";"197886350,98"
"2026-06-26 13:43:48.523000000";"Neoenergia Elektro";"02328280000197";"Concessão";"SP";"Sudeste";"2025";"Expansão";"";"803074396,70";"724386012,78"
"2026-06-26 13:43:48.523000000";"Neoenergia Elektro";"02328280000197";"Concessão";"SP";"Sudeste";"2025";"Melhoria";"";"75209204,75";"113040558,54"
"2026-06-26 13:43:48.523000000";"Neoenergia Elektro";"02328280000197";"Concessão";"SP";"Sudeste";"2025";"Renovação";"";"200823667,24";"236724118,37"
"2026-06-26 13:43:48.523000000";"Neoenergia Elektro";"02328280000197";"Concessão";"SP";"Sudeste";"2026";"Expansão";"";",00";"699464493,85"
"2026-06-26 13:43:48.523000000";"Neoenergia Elektro";"02328280000197";"Concessão";"SP";"Sudeste";"2026";"Melhoria";"";",00";"79907556,06"
"2026-06-26 13:43:48.523000000";"Neoenergia Elektro";"02328280000197";"Concessão";"SP";"Sudeste";"2026";"Renovação";"";",00";"215253544,56"
"2026-06-26 13:43:48.523000000";"Neoenergia Elektro";"02328280000197";"Concessão";"SP";"Sudeste";"2027";"Expansão";"";",00";"826922649,46"
"2026-06-26 13:43:48.523000000";"Neoenergia Elektro";"02328280000197";"Concessão";"SP";"Sudeste";"2027";"Melhoria";"";",00";"158576029,48"
"2026-06-26 13:43:48.523000000";"Neoenergia Elektro";"02328280000197";"Concessão";"SP";"Sudeste";"2027";"Renovação";"";",00";"282289854,45"
"2026-06-26 13:43:48.523000000";"Neoenergia Elektro";"02328280000197";"Concessão";"SP";"Sudeste";"2028";"Expansão";"";",00";"566341316,69"
"2026-06-26 13:43:48.523000000";"Neoenergia Elektro";"02328280000197";"Concessão";"SP";"Sudeste";"2028";"Melhoria";"";",00";"117603878,78"
"2026-06-26 13:43:48.523000000";"Neoenergia Elektro";"02328280000197";"Concessão";"SP";"Sudeste";"2028";"Renovação";"";",00";"239883022,37"
"2026-06-26 13:43:48.523000000";"Neoenergia Elektro";"02328280000197";"Concessão";"SP";"Sudeste";"2029";"Expansão";"";",00";"762444489,94"
"2026-06-26 13:43:48.523000000";"Neoenergia Elektro";"02328280000197";"Concessão";"SP";"Sudeste";"2029";"Melhoria";"";",00";"142774451,21"
"2026-06-26 13:43:48.523000000";"Neoenergia Elektro";"02328280000197";"Concessão";"SP";"Sudeste";"2029";"Renovação";"";",00";"216235302,52"
"2026-06-26 13:43:48.523000000";"Neoenergia Elektro";"02328280000197";"Concessão";"SP";"Sudeste";"2030";"Expansão";"";",00";"540418803,95"
"2026-06-26 13:43:48.523000000";"Neoenergia Elektro";"02328280000197";"Concessão";"SP";"Sudeste";"2030";"Melhoria";"";",00";"139457225,32"
"2026-06-26 13:43:48.523000000";"Neoenergia Elektro";"02328280000197";"Concessão";"SP";"Sudeste";"2030";"Renovação";"";",00";"233206307,49"
"2026-06-26 13:43:48.523000000";"Neoenergia Pernambuc";"10835932000108";"Concessão";"PE";"Nordeste";"2016";"Expansão";"";"331214623,51";"365166910,88"
"2026-06-26 13:43:48.523000000";"Neoenergia Pernambuc";"10835932000108";"Concessão";"PE";"Nordeste";"2016";"Expansão";"Obra com Participação Financeira";"484752,04";",00"
"2026-06-26 13:43:48.523000000";"Neoenergia Pernambuc";"10835932000108";"Concessão";"PE";"Nordeste";"2016";"Melhoria";"";"90502385,06";"92090239,08"
"2026-06-26 13:43:48.523000000";"Neoenergia Pernambuc";"10835932000108";"Concessão";"PE";"Nordeste";"2016";"Renovação";"";"54253497,03";"95740773,00"
"2026-06-26 13:43:48.523000000";"Neoenergia Pernambuc";"10835932000108";"Concessão";"PE";"Nordeste";"2017";"Expansão";"";"404766703,84";"340551354,37"
"2026-06-26 13:43:48.523000000";"Neoenergia Pernambuc";"10835932000108";"Concessão";"PE";"Nordeste";"2017";"Melhoria";"";"70355834,90";"73998583,29"
"2026-06-26 13:43:48.523000000";"Neoenergia Pernambuc";"10835932000108";"Concessão";"PE";"Nordeste";"2017";"Renovação";"";"80930855,42";"91422942,94"
"2026-06-26 13:43:48.523000000";"Neoenergia Pernambuc";"10835932000108";"Concessão";"PE";"Nordeste";"2018";"Expansão";"";"447452389,65";"489098663,81"
"2026-06-26 13:43:48.523000000";"Neoenergia Pernambuc";"10835932000108";"Concessão";"PE";"Nordeste";"2018";"Expansão";"Planejamento Setorial";"1591198,58";"5005000,00"
"2026-06-26 13:43:48.523000000";"Neoenergia Pernambuc";"10835932000108";"Concessão";"PE";"Nordeste";"2018";"Melhoria";"";"124952722,04";"150258537,41"
"2026-06-26 13:43:48.523000000";"Neoenergia Pernambuc";"10835932000108";"Concessão";"PE";"Nordeste";"2018";"Renovação";"";"47219771,88";"52573791,75"
"2026-06-26 13:43:48.523000000";"Neoenergia Pernambuc";"10835932000108";"Concessão";"PE";"Nordeste";"2019";"Expansão";"";"410229704,18";"423292270,84"
"2026-06-26 13:43:48.523000000";"Neoenergia Pernambuc";"10835932000108";"Concessão";"PE";"Nordeste";"2019";"Expansão";"Planejamento Setorial";"2970670,51";"2640000,00"
"2026-06-26 13:43:48.523000000";"Neoenergia Pernambuc";"10835932000108";"Concessão";"PE";"Nordeste";"2019";"Melhoria";"";"94043478,34";"89185520,02"
"2026-06-26 13:43:48.523000000";"Neoenergia Pernambuc";"10835932000108";"Concessão";"PE";"Nordeste";"2019";"Renovação";"";"48993092,92";"36355729,55"
"2026-06-26 13:43:48.523000000";"Neoenergia Pernambuc";"10835932000108";"Concessão";"PE";"Nordeste";"2020";"Expansão";"";"478256017,28";"482744967,84"
"2026-06-26 13:43:48.523000000";"Neoenergia Pernambuc";"10835932000108";"Concessão";"PE";"Nordeste";"2020";"Melhoria";"";"158838011,29";"100001628,06"
"2026-06-26 13:43:48.523000000";"Neoenergia Pernambuc";"10835932000108";"Concessão";"PE";"Nordeste";"2020";"Renovação";"";"73294502,61";"51788041,99"
"2026-06-26 13:43:48.523000000";"Neoenergia Pernambuc";"10835932000108";"Concessão";"PE";"Nordeste";"2021";"Expansão";"";"459422413,12";"459615803,17"
"2026-06-26 13:43:48.523000000";"Neoenergia Pernambuc";"10835932000108";"Concessão";"PE";"Nordeste";"2021";"Melhoria";"";"121049720,80";"62719473,09"
"2026-06-26 13:43:48.523000000";"Neoenergia Pernambuc";"10835932000108";"Concessão";"PE";"Nordeste";"2021";"Renovação";"";"44779340,65";"30136016,87"
"2026-06-26 13:43:48.523000000";"Neoenergia Pernambuc";"10835932000108";"Concessão";"PE";"Nordeste";"2022";"Expansão";"";"502788660,15";"654168042,12"
"2026-06-26 13:43:48.523000000";"Neoenergia Pernambuc";"10835932000108";"Concessão";"PE";"Nordeste";"2022";"Melhoria";"";"151229448,47";"111317252,61"
"2026-06-26 13:43:48.523000000";"Neoenergia Pernambuc";"10835932000108";"Concessão";"PE";"Nordeste";"2022";"Renovação";"";"60052642,87";"54537719,20"
"2026-06-26 13:43:48.523000000";"Neoenergia Pernambuc";"10835932000108";"Concessão";"PE";"Nordeste";"2023";"Expansão";"";"545866945,80";"598168395,27"
"2026-06-26 13:43:48.523000000";"Neoenergia Pernambuc";"10835932000108";"Concessão";"PE";"Nordeste";"2023";"Melhoria";"";"126177167,42";"149614518,90"
"2026-06-26 13:43:48.523000000";"Neoenergia Pernambuc";"10835932000108";"Concessão";"PE";"Nordeste";"2023";"Renovação";"";"40624557,42";"61407954,04"
"2026-06-26 13:43:48.523000000";"Neoenergia Pernambuc";"10835932000108";"Concessão";"PE";"Nordeste";"2024";"Expansão";"";"633890929,17";"659325098,04"
"2026-06-26 13:43:48.523000000";"Neoenergia Pernambuc";"10835932000108";"Concessão";"PE";"Nordeste";"2024";"Melhoria";"";"207278138,48";"124009118,25"
"2026-06-26 13:43:48.523000000";"Neoenergia Pernambuc";"10835932000108";"Concessão";"PE";"Nordeste";"2024";"Renovação";"";"84932362,91";"55975106,66"
"2026-06-26 13:43:48.523000000";"Neoenergia Pernambuc";"10835932000108";"Concessão";"PE";"Nordeste";"2025";"Expansão";"";"689566704,55";"608872740,69"
"2026-06-26 13:43:48.523000000";"Neoenergia Pernambuc";"10835932000108";"Concessão";"PE";"Nordeste";"2025";"Melhoria";"";"149825659,15";"152403315,74"
"2026-06-26 13:43:48.523000000";"Neoenergia Pernambuc";"10835932000108";"Concessão";"PE";"Nordeste";"2025";"Renovação";"";"43783624,95";"67524030,97"
"2026-06-26 13:43:48.523000000";"Neoenergia Pernambuc";"10835932000108";"Concessão";"PE";"Nordeste";"2026";"Expansão";"";",00";"629875128,51"
"2026-06-26 13:43:48.523000000";"Neoenergia Pernambuc";"10835932000108";"Concessão";"PE";"Nordeste";"2026";"Melhoria";"";",00";"244257926,64"
"2026-06-26 13:43:48.523000000";"Neoenergia Pernambuc";"10835932000108";"Concessão";"PE";"Nordeste";"2026";"Renovação";"";",00";"92799760,22"
"2026-06-26 13:43:48.523000000";"Neoenergia Pernambuc";"10835932000108";"Concessão";"PE";"Nordeste";"2027";"Expansão";"";",00";"663176957,12"
"2026-06-26 13:43:48.523000000";"Neoenergia Pernambuc";"10835932000108";"Concessão";"PE";"Nordeste";"2027";"Melhoria";"";",00";"313932605,86"
"2026-06-26 13:43:48.523000000";"Neoenergia Pernambuc";"10835932000108";"Concessão";"PE";"Nordeste";"2027";"Renovação";"";",00";"103384774,02"
"2026-06-26 13:43:48.523000000";"Neoenergia Pernambuc";"10835932000108";"Concessão";"PE";"Nordeste";"2028";"Expansão";"";",00";"705904164,99"
"2026-06-26 13:43:48.523000000";"Neoenergia Pernambuc";"10835932000108";"Concessão";"PE";"Nordeste";"2028";"Melhoria";"";",00";"261064088,79"
"2026-06-26 13:43:48.523000000";"Neoenergia Pernambuc";"10835932000108";"Concessão";"PE";"Nordeste";"2028";"Renovação";"";",00";"90507418,34"
"2026-06-26 13:43:48.523000000";"Neoenergia Pernambuc";"10835932000108";"Concessão";"PE";"Nordeste";"2029";"Expansão";"";",00";"429395414,63"
"2026-06-26 13:43:48.523000000";"Neoenergia Pernambuc";"10835932000108";"Concessão";"PE";"Nordeste";"2029";"Melhoria";"";",00";"411546070,49"
"2026-06-26 13:43:48.523000000";"Neoenergia Pernambuc";"10835932000108";"Concessão";"PE";"Nordeste";"2029";"Renovação";"";",00";"115760111,95"
"2026-06-26 13:43:48.523000000";"Neoenergia Pernambuc";"10835932000108";"Concessão";"PE";"Nordeste";"2030";"Expansão";"";",00";"721118596,83"
"2026-06-26 13:43:48.523000000";"Neoenergia Pernambuc";"10835932000108";"Concessão";"PE";"Nordeste";"2030";"Melhoria";"";",00";"229734097,82"
"2026-06-26 13:43:48.523000000";"Neoenergia Pernambuc";"10835932000108";"Concessão";"PE";"Nordeste";"2030";"Renovação";"";",00";"81609423,30"
"2026-06-26 13:43:48.523000000";"Nova Palma";"89889604000144";"Concessão";"RS";"Sul";"2016";"Expansão";"";"89105,95";"68247,00"
"2026-06-26 13:43:48.523000000";"Nova Palma";"89889604000144";"Concessão";"RS";"Sul";"2016";"Expansão";"Obra com Participação Financeira";"132157,66";"151000,00"
"2026-06-26 13:43:48.523000000";"Nova Palma";"89889604000144";"Concessão";"RS";"Sul";"2016";"Expansão";"Planejamento Setorial";"744554,50";"949982,90"
"2026-06-26 13:43:48.523000000";"Nova Palma";"89889604000144";"Concessão";"RS";"Sul";"2016";"Melhoria";"";"28784,84";"34313,50"
"2026-06-26 13:43:48.523000000";"Nova Palma";"89889604000144";"Concessão";"RS";"Sul";"2016";"Melhoria";"Planejamento Setorial";"346276,56";"476000,00"
"2026-06-26 13:43:48.523000000";"Nova Palma";"89889604000144";"Concessão";"RS";"Sul";"2016";"Renovação";"";"739706,42";"669546,00"
"2026-06-26 13:43:48.523000000";"Nova Palma";"89889604000144";"Concessão";"RS";"Sul";"2017";"Expansão";"";"34470,45";"89850,00"
"2026-06-26 13:43:48.523000000";"Nova Palma";"89889604000144";"Concessão";"RS";"Sul";"2017";"Expansão";"Obra com Participação Financeira";"28212,71";"46859,00"
"2026-06-26 13:43:48.523000000";"Nova Palma";"89889604000144";"Concessão";"RS";"Sul";"2017";"Expansão";"Planejamento Setorial";"241123,79";"416059,00"
"2026-06-26 13:43:48.523000000";"Nova Palma";"89889604000144";"Concessão";"RS";"Sul";"2017";"Melhoria";"";"57202,59";"47565,00"
"2026-06-26 13:43:48.523000000";"Nova Palma";"89889604000144";"Concessão";"RS";"Sul";"2017";"Melhoria";"Planejamento Setorial";"1293,68";"8500,00"
"2026-06-26 13:43:48.523000000";"Nova Palma";"89889604000144";"Concessão";"RS";"Sul";"2017";"Renovação";"";"589383,32";"531135,00"
"2026-06-26 13:43:48.523000000";"Nova Palma";"89889604000144";"Concessão";"RS";"Sul";"2017";"Renovação";"Planejamento Setorial";"267803,32";"306943,00"
"2026-06-26 13:43:48.523000000";"Nova Palma";"89889604000144";"Concessão";"RS";"Sul";"2018";"Expansão";"";"38729,71";"36300,00"
"2026-06-26 13:43:48.523000000";"Nova Palma";"89889604000144";"Concessão";"RS";"Sul";"2018";"Expansão";"Obra com Participação Financeira";",00";"46859,00"
"2026-06-26 13:43:48.523000000";"Nova Palma";"89889604000144";"Concessão";"RS";"Sul";"2018";"Expansão";"Planejamento Setorial";"497004,98";"469600,00"
"2026-06-26 13:43:48.523000000";"Nova Palma";"89889604000144";"Concessão";"RS";"Sul";"2018";"Melhoria";"";"30973,29";"25415,50"
"2026-06-26 13:43:48.523000000";"Nova Palma";"89889604000144";"Concessão";"RS";"Sul";"2018";"Melhoria";"Planejamento Setorial";"75807,04";"256745,70"
"2026-06-26 13:43:48.523000000";"Nova Palma";"89889604000144";"Concessão";"RS";"Sul";"2018";"Renovação";"";"559827,18";"531135,00"
"2026-06-26 13:43:48.523000000";"Nova Palma";"89889604000144";"Concessão";"RS";"Sul";"2018";"Renovação";"Planejamento Setorial";"185925,65";"321547,20"
"2026-06-26 13:43:48.523000000";"Nova Palma";"89889604000144";"Concessão";"RS";"Sul";"2019";"Expansão";"";"111332,84";"37949,50"
"2026-06-26 13:43:48.523000000";"Nova Palma";"89889604000144";"Concessão";"RS";"Sul";"2019";"Expansão";"Planejamento Setorial";"271839,31";"806781,40"
"2026-06-26 13:43:48.523000000";"Nova Palma";"89889604000144";"Concessão";"RS";"Sul";"2019";"Melhoria";"";"3633,63";"24005,00"
"2026-06-26 13:43:48.523000000";"Nova Palma";"89889604000144";"Concessão";"RS";"Sul";"2019";"Melhoria";"Planejamento Setorial";"106492,45";"117181,35"
"2026-06-26 13:43:48.523000000";"Nova Palma";"89889604000144";"Concessão";"RS";"Sul";"2019";"Renovação";"";"502887,13";"591394,00"
"2026-06-26 13:43:48.523000000";"Nova Palma";"89889604000144";"Concessão";"RS";"Sul";"2019";"Renovação";"Planejamento Setorial";"350244,62";"215038,00"
"2026-06-26 13:43:48.523000000";"Nova Palma";"89889604000144";"Concessão";"RS";"Sul";"2020";"Expansão";"";"112417,62";"101482,00"
"2026-06-26 13:43:48.523000000";"Nova Palma";"89889604000144";"Concessão";"RS";"Sul";"2020";"Expansão";"Planejamento Setorial";"342641,74";"857733,50"
"2026-06-26 13:43:48.523000000";"Nova Palma";"89889604000144";"Concessão";"RS";"Sul";"2020";"Melhoria";"";"40915,34";"15555,00"
"2026-06-26 13:43:48.523000000";"Nova Palma";"89889604000144";"Concessão";"RS";"Sul";"2020";"Melhoria";"Planejamento Setorial";"61387,42";"44620,60"
"2026-06-26 13:43:48.523000000";"Nova Palma";"89889604000144";"Concessão";"RS";"Sul";"2020";"Renovação";"Planejamento Setorial";"1193888,41";"278266,00"
"2026-06-26 13:43:48.523000000";"Nova Palma";"89889604000144";"Concessão";"RS";"Sul";"2021";"Expansão";"";"638357,95";"563336,00"
"2026-06-26 13:43:48.523000000";"Nova Palma";"89889604000144";"Concessão";"RS";"Sul";"2021";"Expansão";"Obra com Participação Financeira";"325747,16";",00"
"2026-06-26 13:43:48.523000000";"Nova Palma";"89889604000144";"Concessão";"RS";"Sul";"2021";"Expansão";"Planejamento Setorial";"341723,55";"6780599,91"
"2026-06-26 13:43:48.523000000";"Nova Palma";"89889604000144";"Concessão";"RS";"Sul";"2021";"Melhoria";"";"31680,01";"66167,00"
"2026-06-26 13:43:48.523000000";"Nova Palma";"89889604000144";"Concessão";"RS";"Sul";"2021";"Renovação";"";"1046368,30";"1156090,00"
"2026-06-26 13:43:48.523000000";"Nova Palma";"89889604000144";"Concessão";"RS";"Sul";"2022";"Expansão";"";"625791,69";"623673,00"
"2026-06-26 13:43:48.523000000";"Nova Palma";"89889604000144";"Concessão";"RS";"Sul";"2022";"Expansão";"Obra com Participação Financeira";"333276,65";"297783,00"
"2026-06-26 13:43:48.523000000";"Nova Palma";"89889604000144";"Concessão";"RS";"Sul";"2022";"Expansão";"Planejamento Setorial";"4865129,00";"4568633,00"
"2026-06-26 13:43:48.523000000";"Nova Palma";"89889604000144";"Concessão";"RS";"Sul";"2022";"Melhoria";"";"177364,87";"44459,50"
"2026-06-26 13:43:48.523000000";"Nova Palma";"89889604000144";"Concessão";"RS";"Sul";"2022";"Melhoria";"Planejamento Setorial";"43880,01";"38400,00"
"2026-06-26 13:43:48.523000000";"Nova Palma";"89889604000144";"Concessão";"RS";"Sul";"2022";"Renovação";"";"1316223,47";"1170813,00"
"2026-06-26 13:43:48.523000000";"Nova Palma";"89889604000144";"Concessão";"RS";"Sul";"2023";"Expansão";"";"655601,79";"575242,00"
"2026-06-26 13:43:48.523000000";"Nova Palma";"89889604000144";"Concessão";"RS";"Sul";"2023";"Expansão";"Obra com Participação Financeira";"581924,69";"660942,00"
"2026-06-26 13:43:48.523000000";"Nova Palma";"89889604000144";"Concessão";"RS";"Sul";"2023";"Expansão";"Planejamento Setorial";"930363,43";"1309473,00"
"2026-06-26 13:43:48.523000000";"Nova Palma";"89889604000144";"Concessão";"RS";"Sul";"2023";"Melhoria";"";"69258,87";"97708,00"
"2026-06-26 13:43:48.523000000";"Nova Palma";"89889604000144";"Concessão";"RS";"Sul";"2023";"Melhoria";"Planejamento Setorial";"169612,05";",00"
"2026-06-26 13:43:48.523000000";"Nova Palma";"89889604000144";"Concessão";"RS";"Sul";"2023";"Renovação";"";"1040812,00";"1217877,00"
"2026-06-26 13:43:48.523000000";"Nova Palma";"89889604000144";"Concessão";"RS";"Sul";"2023";"Renovação";"Planejamento Setorial";",00";"80000,00"
"2026-06-26 13:43:48.523000000";"Nova Palma";"89889604000144";"Concessão";"RS";"Sul";"2024";"Expansão";"";"537569,57";"732850,00"
"2026-06-26 13:43:48.523000000";"Nova Palma";"89889604000144";"Concessão";"RS";"Sul";"2024";"Expansão";"Obra com Participação Financeira";"352196,79";"551202,00"
"2026-06-26 13:43:48.523000000";"Nova Palma";"89889604000144";"Concessão";"RS";"Sul";"2024";"Expansão";"Planejamento Setorial";"1097862,24";"1177625,00"
"2026-06-26 13:43:48.523000000";"Nova Palma";"89889604000144";"Concessão";"RS";"Sul";"2024";"Melhoria";"";"215838,01";"82572,00"
"2026-06-26 13:43:48.523000000";"Nova Palma";"89889604000144";"Concessão";"RS";"Sul";"2024";"Melhoria";"Planejamento Setorial";"153709,37";",00"
"2026-06-26 13:43:48.523000000";"Nova Palma";"89889604000144";"Concessão";"RS";"Sul";"2024";"Renovação";"";"1846695,95";"1619820,00"
"2026-06-26 13:43:48.523000000";"Nova Palma";"89889604000144";"Concessão";"RS";"Sul";"2024";"Renovação";"Planejamento Setorial";",00";"22709,00"
"2026-06-26 13:43:48.523000000";"Nova Palma";"89889604000144";"Concessão";"RS";"Sul";"2025";"Expansão";"";"938705,03";"801666,00"
"2026-06-26 13:43:48.523000000";"Nova Palma";"89889604000144";"Concessão";"RS";"Sul";"2025";"Expansão";"Obra com Participação Financeira";"447708,45";"433322,00"
"2026-06-26 13:43:48.523000000";"Nova Palma";"89889604000144";"Concessão";"RS";"Sul";"2025";"Expansão";"Planejamento Setorial";"543023,63";"638632,52"
"2026-06-26 13:43:48.523000000";"Nova Palma";"89889604000144";"Concessão";"RS";"Sul";"2025";"Melhoria";"";"111045,64";"83177,00"
"2026-06-26 13:43:48.523000000";"Nova Palma";"89889604000144";"Concessão";"RS";"Sul";"2025";"Melhoria";"Planejamento Setorial";"116571,94";",00"
"2026-06-26 13:43:48.523000000";"Nova Palma";"89889604000144";"Concessão";"RS";"Sul";"2025";"Renovação";"";"975698,59";"1261101,00"
"2026-06-26 13:43:48.523000000";"Nova Palma";"89889604000144";"Concessão";"RS";"Sul";"2025";"Renovação";"Planejamento Setorial";",00";"22709,00"
"2026-06-26 13:43:48.523000000";"Nova Palma";"89889604000144";"Concessão";"RS";"Sul";"2026";"Expansão";"";",00";"856617,00"
"2026-06-26 13:43:48.523000000";"Nova Palma";"89889604000144";"Concessão";"RS";"Sul";"2026";"Expansão";"Obra com Participação Financeira";",00";"672322,00"
"2026-06-26 13:43:48.523000000";"Nova Palma";"89889604000144";"Concessão";"RS";"Sul";"2026";"Expansão";"Planejamento Setorial";",00";"750730,00"
"2026-06-26 13:43:48.523000000";"Nova Palma";"89889604000144";"Concessão";"RS";"Sul";"2026";"Melhoria";"";",00";"85245,00"
"2026-06-26 13:43:48.523000000";"Nova Palma";"89889604000144";"Concessão";"RS";"Sul";"2026";"Renovação";"";",00";"1047251,00"
"2026-06-26 13:43:48.523000000";"Nova Palma";"89889604000144";"Concessão";"RS";"Sul";"2026";"Renovação";"Planejamento Setorial";",00";"83169,00"
"2026-06-26 13:43:48.523000000";"Nova Palma";"89889604000144";"Concessão";"RS";"Sul";"2027";"Expansão";"";",00";"1173651,00"
"2026-06-26 13:43:48.523000000";"Nova Palma";"89889604000144";"Concessão";"RS";"Sul";"2027";"Expansão";"Obra com Participação Financeira";",00";"243500,00"
"2026-06-26 13:43:48.523000000";"Nova Palma";"89889604000144";"Concessão";"RS";"Sul";"2027";"Melhoria";"";",00";"107113,00"
"2026-06-26 13:43:48.523000000";"Nova Palma";"89889604000144";"Concessão";"RS";"Sul";"2027";"Renovação";"";",00";"1492101,00"
"2026-06-26 13:43:48.523000000";"Nova Palma";"89889604000144";"Concessão";"RS";"Sul";"2028";"Expansão";"";",00";"1218151,00"
"2026-06-26 13:43:48.523000000";"Nova Palma";"89889604000144";"Concessão";"RS";"Sul";"2028";"Expansão";"Obra com Participação Financeira";",00";"243500,00"
"2026-06-26 13:43:48.523000000";"Nova Palma";"89889604000144";"Concessão";"RS";"Sul";"2028";"Melhoria";"";",00";"107113,00"
"2026-06-26 13:43:48.523000000";"Nova Palma";"89889604000144";"Concessão";"RS";"Sul";"2028";"Renovação";"";",00";"1492101,00"
"2026-06-26 13:43:48.523000000";"Nova Palma";"89889604000144";"Concessão";"RS";"Sul";"2029";"Expansão";"";",00";"1173651,00"
"2026-06-26 13:43:48.523000000";"Nova Palma";"89889604000144";"Concessão";"RS";"Sul";"2029";"Expansão";"Obra com Participação Financeira";",00";"265000,00"
"2026-06-26 13:43:48.523000000";"Nova Palma";"89889604000144";"Concessão";"RS";"Sul";"2029";"Melhoria";"";",00";"107113,00"
"2026-06-26 13:43:48.523000000";"Nova Palma";"89889604000144";"Concessão";"RS";"Sul";"2029";"Renovação";"";",00";"1492101,00"
"2026-06-26 13:43:48.523000000";"Nova Palma";"89889604000144";"Concessão";"RS";"Sul";"2030";"Expansão";"";",00";"1173651,00"
"2026-06-26 13:43:48.523000000";"Nova Palma";"89889604000144";"Concessão";"RS";"Sul";"2030";"Expansão";"Obra com Participação Financeira";",00";"243500,00"
"2026-06-26 13:43:48.523000000";"Nova Palma";"89889604000144";"Concessão";"RS";"Sul";"2030";"Melhoria";"";",00";"107113,00"
"2026-06-26 13:43:48.523000000";"Nova Palma";"89889604000144";"Concessão";"RS";"Sul";"2030";"Renovação";"";",00";"1470301,00"
"2026-06-26 13:43:48.523000000";"RGE";"02016439000138";"Concessão";"RS";"Sul";"2016";"Expansão";"";"55508429,20";"61618723,59"
"2026-06-26 13:43:48.523000000";"RGE";"02016439000138";"Concessão";"RS";"Sul";"2016";"Expansão";"Obra com Participação Financeira";"103688366,08";"82453119,06"
"2026-06-26 13:43:48.523000000";"RGE";"02016439000138";"Concessão";"RS";"Sul";"2016";"Melhoria";"";"118535668,47";"66865834,36"
"2026-06-26 13:43:48.523000000";"RGE";"02016439000138";"Concessão";"RS";"Sul";"2016";"Renovação";"";"2038384,47";"45923734,64"
"2026-06-26 13:43:48.523000000";"RGE";"02016439000138";"Concessão";"RS";"Sul";"2017";"Expansão";"";"193420890,06";"57326099,20"
"2026-06-26 13:43:48.523000000";"RGE";"02016439000138";"Concessão";"RS";"Sul";"2017";"Expansão";"Obra com Participação Financeira";"82237272,00";"94441465,32"
"2026-06-26 13:43:48.523000000";"RGE";"02016439000138";"Concessão";"RS";"Sul";"2017";"Melhoria";"";"178809318,00";"141678385,69"
"2026-06-26 13:43:48.523000000";"RGE";"02016439000138";"Concessão";"RS";"Sul";"2017";"Renovação";"";"13031752,00";"16008905,62"
"2026-06-26 13:43:48.523000000";"RGE";"02016439000138";"Concessão";"RS";"Sul";"2018";"Expansão";"";",00";"19330418,31"
"2026-06-26 13:43:48.523000000";"RGE";"02016439000138";"Concessão";"RS";"Sul";"2018";"Expansão";"Obra com Participação Financeira";",00";"77581737,89"
"2026-06-26 13:43:48.523000000";"RGE";"02016439000138";"Concessão";"RS";"Sul";"2018";"Expansão";"Planejamento Setorial";",00";"1500000,00"
"2026-06-26 13:43:48.523000000";"RGE";"02016439000138";"Concessão";"RS";"Sul";"2018";"Melhoria";"";",00";"189881126,95"
"2026-06-26 13:43:48.523000000";"RGE";"02016439000138";"Concessão";"RS";"Sul";"2018";"Renovação";"";",00";"3152939,85"
"2026-06-26 13:43:48.523000000";"RGE";"02016440000162";"Concessão";"RS";"Sul";"2016";"Expansão";"";"103907227,32";"94575022,79"
"2026-06-26 13:43:48.523000000";"RGE";"02016440000162";"Concessão";"RS";"Sul";"2016";"Expansão";"Obra com Participação Financeira";"21152059,41";"7419617,38"
"2026-06-26 13:43:48.523000000";"RGE";"02016440000162";"Concessão";"RS";"Sul";"2016";"Expansão";"Planejamento Setorial";",00";"2897313,06"
"2026-06-26 13:43:48.523000000";"RGE";"02016440000162";"Concessão";"RS";"Sul";"2016";"Melhoria";"";"110920058,80";"81993516,22"
"2026-06-26 13:43:48.523000000";"RGE";"02016440000162";"Concessão";"RS";"Sul";"2016";"Renovação";"";"44020077,54";"22243419,78"
"2026-06-26 13:43:48.523000000";"RGE";"02016440000162";"Concessão";"RS";"Sul";"2017";"Expansão";"";"125193085,39";"87288057,80"
"2026-06-26 13:43:48.523000000";"RGE";"02016440000162";"Concessão";"RS";"Sul";"2017";"Expansão";"Obra com Participação Financeira";"37586393,96";"5081335,24"
"2026-06-26 13:43:48.523000000";"RGE";"02016440000162";"Concessão";"RS";"Sul";"2017";"Expansão";"Planejamento Setorial";"64495582,38";"72766415,53"
"2026-06-26 13:43:48.523000000";"RGE";"02016440000162";"Concessão";"RS";"Sul";"2017";"Melhoria";"";"169403566,71";"132332255,65"
"2026-06-26 13:43:48.523000000";"RGE";"02016440000162";"Concessão";"RS";"Sul";"2017";"Renovação";"";"64182273,29";"52666398,10"
"2026-06-26 13:43:48.523000000";"RGE";"02016440000162";"Concessão";"RS";"Sul";"2018";"Expansão";"";"7659641,69";"26812607,82"
"2026-06-26 13:43:48.523000000";"RGE";"02016440000162";"Concessão";"RS";"Sul";"2018";"Expansão";"Obra com Participação Financeira";",00";"58610903,91"
"2026-06-26 13:43:48.523000000";"RGE";"02016440000162";"Concessão";"RS";"Sul";"2018";"Melhoria";"";"133468,87";"277387319,09"
"2026-06-26 13:43:48.523000000";"RGE";"02016440000162";"Concessão";"RS";"Sul";"2018";"Renovação";"";",00";"4555143,79"
"2026-06-26 13:43:48.523000000";"RGE";"02016440000162";"Concessão";"RS";"Sul";"2019";"Expansão";"";"82621289,25";"66908973,37"
"2026-06-26 13:43:48.523000000";"RGE";"02016440000162";"Concessão";"RS";"Sul";"2019";"Expansão";"Obra com Participação Financeira";"116874447,75";"125838180,24"
"2026-06-26 13:43:48.523000000";"RGE";"02016440000162";"Concessão";"RS";"Sul";"2019";"Expansão";"Planejamento Setorial";"4596160,64";"2464000,00"
"2026-06-26 13:43:48.523000000";"RGE";"02016440000162";"Concessão";"RS";"Sul";"2019";"Melhoria";"";"489277017,29";"435993148,77"
"2026-06-26 13:43:48.523000000";"RGE";"02016440000162";"Concessão";"RS";"Sul";"2019";"Melhoria";"Planejamento Setorial";",00";"400000,00"
"2026-06-26 13:43:48.523000000";"RGE";"02016440000162";"Concessão";"RS";"Sul";"2019";"Renovação";"";"3275187,75";"12423477,96"
"2026-06-26 13:43:48.523000000";"RGE";"02016440000162";"Concessão";"RS";"Sul";"2020";"Expansão";"";"82220115,87";"108684781,14"
"2026-06-26 13:43:48.523000000";"RGE";"02016440000162";"Concessão";"RS";"Sul";"2020";"Expansão";"Obra com Participação Financeira";"155241354,55";"128549089,52"
"2026-06-26 13:43:48.523000000";"RGE";"02016440000162";"Concessão";"RS";"Sul";"2020";"Expansão";"Planejamento Setorial";",00";"9888000,19"
"2026-06-26 13:43:48.523000000";"RGE";"02016440000162";"Concessão";"RS";"Sul";"2020";"Melhoria";"";"509632886,63";"488536799,83"
"2026-06-26 13:43:48.523000000";"RGE";"02016440000162";"Concessão";"RS";"Sul";"2020";"Renovação";"";"16422719,23";"47457455,58"
"2026-06-26 13:43:48.523000000";"RGE";"02016440000162";"Concessão";"RS";"Sul";"2021";"Expansão";"";"153594782,87";"205108881,48"
"2026-06-26 13:43:48.523000000";"RGE";"02016440000162";"Concessão";"RS";"Sul";"2021";"Expansão";"Obra com Participação Financeira";"208961338,70";"138283341,70"
"2026-06-26 13:43:48.523000000";"RGE";"02016440000162";"Concessão";"RS";"Sul";"2021";"Expansão";"Planejamento Setorial";"13995569,27";"10763373,70"
"2026-06-26 13:43:48.523000000";"RGE";"02016440000162";"Concessão";"RS";"Sul";"2021";"Melhoria";"";"785275592,52";"749589999,08"
"2026-06-26 13:43:48.523000000";"RGE";"02016440000162";"Concessão";"RS";"Sul";"2021";"Renovação";"";"40185257,77";"30167084,31"
"2026-06-26 13:43:48.523000000";"RGE";"02016440000162";"Concessão";"RS";"Sul";"2022";"Expansão";"";"533350458,23";"376932174,61"
"2026-06-26 13:43:48.523000000";"RGE";"02016440000162";"Concessão";"RS";"Sul";"2022";"Expansão";"Obra com Participação Financeira";"277085415,10";"195906703,52"
"2026-06-26 13:43:48.523000000";"RGE";"02016440000162";"Concessão";"RS";"Sul";"2022";"Expansão";"Planejamento Setorial";"2183914,97";"1932166,17"
"2026-06-26 13:43:48.523000000";"RGE";"02016440000162";"Concessão";"RS";"Sul";"2022";"Melhoria";"";"1018986383,88";"777247450,12"
"2026-06-26 13:43:48.523000000";"RGE";"02016440000162";"Concessão";"RS";"Sul";"2022";"Renovação";"";"82334017,51";"136743224,07"
"2026-06-26 13:43:48.523000000";"RGE";"02016440000162";"Concessão";"RS";"Sul";"2023";"Expansão";"";"23442754,30";"72684938,64"
"2026-06-26 13:43:48.523000000";"RGE";"02016440000162";"Concessão";"RS";"Sul";"2023";"Expansão";"Obra com Participação Financeira";"329128028,95";"216846733,36"
"2026-06-26 13:43:48.523000000";"RGE";"02016440000162";"Concessão";"RS";"Sul";"2023";"Melhoria";"";"780981483,13";"878874997,49"
"2026-06-26 13:43:48.523000000";"RGE";"02016440000162";"Concessão";"RS";"Sul";"2023";"Renovação";"";"34421978,57";"74567328,36"
"2026-06-26 13:43:48.523000000";"RGE";"02016440000162";"Concessão";"RS";"Sul";"2024";"Expansão";"";"90084073,87";"183600846,14"
"2026-06-26 13:43:48.523000000";"RGE";"02016440000162";"Concessão";"RS";"Sul";"2024";"Expansão";"Obra com Participação Financeira";"342672436,01";"407002986,21"
"2026-06-26 13:43:48.523000000";"RGE";"02016440000162";"Concessão";"RS";"Sul";"2024";"Melhoria";"";"916491926,23";"934042866,05"
"2026-06-26 13:43:48.523000000";"RGE";"02016440000162";"Concessão";"RS";"Sul";"2024";"Renovação";"";"45638524,70";"26684480,79"
"2026-06-26 13:43:48.523000000";"RGE";"02016440000162";"Concessão";"RS";"Sul";"2025";"Expansão";"";"354021553,04";"380242779,63"
"2026-06-26 13:43:48.523000000";"RGE";"02016440000162";"Concessão";"RS";"Sul";"2025";"Expansão";"Obra com Participação Financeira";"423616518,38";"390363675,66"
"2026-06-26 13:43:48.523000000";"RGE";"02016440000162";"Concessão";"RS";"Sul";"2025";"Expansão";"Planejamento Setorial";"461850,59";"460089,37"
"2026-06-26 13:43:48.523000000";"RGE";"02016440000162";"Concessão";"RS";"Sul";"2025";"Melhoria";"";"797243135,09";"900480247,50"
"2026-06-26 13:43:48.523000000";"RGE";"02016440000162";"Concessão";"RS";"Sul";"2025";"Renovação";"";"30912558,23";"39178548,02"
"2026-06-26 13:43:48.523000000";"RGE";"02016440000162";"Concessão";"RS";"Sul";"2026";"Expansão";"";",00";"789722795,70"
"2026-06-26 13:43:48.523000000";"RGE";"02016440000162";"Concessão";"RS";"Sul";"2026";"Expansão";"Obra com Participação Financeira";",00";"343065126,14"
"2026-06-26 13:43:48.523000000";"RGE";"02016440000162";"Concessão";"RS";"Sul";"2026";"Melhoria";"";",00";"765035638,64"
"2026-06-26 13:43:48.523000000";"RGE";"02016440000162";"Concessão";"RS";"Sul";"2026";"Renovação";"";",00";"62495021,25"
"2026-06-26 13:43:48.523000000";"RGE";"02016440000162";"Concessão";"RS";"Sul";"2027";"Expansão";"";",00";"789326887,58"
"2026-06-26 13:43:48.523000000";"RGE";"02016440000162";"Concessão";"RS";"Sul";"2027";"Expansão";"Obra com Participação Financeira";",00";"400559018,89"
"2026-06-26 13:43:48.523000000";"RGE";"02016440000162";"Concessão";"RS";"Sul";"2027";"Melhoria";"";",00";"1017307803,86"
"2026-06-26 13:43:48.523000000";"RGE";"02016440000162";"Concessão";"RS";"Sul";"2027";"Renovação";"";",00";"65264455,03"
"2026-06-26 13:43:48.523000000";"RGE";"02016440000162";"Concessão";"RS";"Sul";"2028";"Expansão";"";",00";"513517294,50"
"2026-06-26 13:43:48.523000000";"RGE";"02016440000162";"Concessão";"RS";"Sul";"2028";"Expansão";"Obra com Participação Financeira";",00";"317327715,49"
"2026-06-26 13:43:48.523000000";"RGE";"02016440000162";"Concessão";"RS";"Sul";"2028";"Melhoria";"";",00";"722176725,50"
"2026-06-26 13:43:48.523000000";"RGE";"02016440000162";"Concessão";"RS";"Sul";"2028";"Renovação";"";",00";"50866644,59"
"2026-06-26 13:43:48.523000000";"RGE";"02016440000162";"Concessão";"RS";"Sul";"2029";"Expansão";"";",00";"491134134,32"
"2026-06-26 13:43:48.523000000";"RGE";"02016440000162";"Concessão";"RS";"Sul";"2029";"Expansão";"Obra com Participação Financeira";",00";"314195055,91"
"2026-06-26 13:43:48.523000000";"RGE";"02016440000162";"Concessão";"RS";"Sul";"2029";"Melhoria";"";",00";"741361386,02"
"2026-06-26 13:43:48.523000000";"RGE";"02016440000162";"Concessão";"RS";"Sul";"2029";"Renovação";"";",00";"47879343,31"
"2026-06-26 13:43:48.523000000";"RGE";"02016440000162";"Concessão";"RS";"Sul";"2030";"Expansão";"";",00";"714642217,34"
"2026-06-26 13:43:48.523000000";"RGE";"02016440000162";"Concessão";"RS";"Sul";"2030";"Expansão";"Obra com Participação Financeira";",00";"314326052,02"
"2026-06-26 13:43:48.523000000";"RGE";"02016440000162";"Concessão";"RS";"Sul";"2030";"Melhoria";"";",00";"796123903,09"
"2026-06-26 13:43:48.523000000";"RGE";"02016440000162";"Concessão";"RS";"Sul";"2030";"Renovação";"";",00";"55525509,70"
"2026-06-26 13:43:48.523000000";"Roraima Energia";"02341470000144";"Concessão";"RR";"Norte";"2016";"Expansão";"";",00";"14549457,79"
"2026-06-26 13:43:48.523000000";"Roraima Energia";"02341470000144";"Concessão";"RR";"Norte";"2016";"Melhoria";"";",00";"5994449,83"
"2026-06-26 13:43:48.523000000";"Roraima Energia";"02341470000144";"Concessão";"RR";"Norte";"2016";"Renovação";"";",00";"707725,00"
"2026-06-26 13:43:48.523000000";"Roraima Energia";"02341470000144";"Concessão";"RR";"Norte";"2017";"Expansão";"";"16333611,78";"15790516,93"
"2026-06-26 13:43:48.523000000";"Roraima Energia";"02341470000144";"Concessão";"RR";"Norte";"2017";"Melhoria";"";"4881002,98";"4606328,39"
"2026-06-26 13:43:48.523000000";"Roraima Energia";"02341470000144";"Concessão";"RR";"Norte";"2017";"Renovação";"";"1394046,50";"676957,50"
"2026-06-26 13:43:48.523000000";"Roraima Energia";"02341470000144";"Concessão";"RR";"Norte";"2018";"Expansão";"";"2786837,00";"8971979,02"
"2026-06-26 13:43:48.523000000";"Roraima Energia";"02341470000144";"Concessão";"RR";"Norte";"2018";"Expansão";"Luz Para Todos";",00";"7038869,25"
"2026-06-26 13:43:48.523000000";"Roraima Energia";"02341470000144";"Concessão";"RR";"Norte";"2018";"Melhoria";"";"895416,00";"2347409,56"
"2026-06-26 13:43:48.523000000";"Roraima Energia";"02341470000144";"Concessão";"RR";"Norte";"2018";"Renovação";"";"108750,00";"854584,00"
"2026-06-26 13:43:48.523000000";"Roraima Energia";"02341470000144";"Concessão";"RR";"Norte";"2019";"Expansão";"";"11314975,21";"25679573,71"
"2026-06-26 13:43:48.523000000";"Roraima Energia";"02341470000144";"Concessão";"RR";"Norte";"2019";"Expansão";"Luz Para Todos";"10200000,00";"11672991,61"
"2026-06-26 13:43:48.523000000";"Roraima Energia";"02341470000144";"Concessão";"RR";"Norte";"2019";"Melhoria";"";"1972124,61";"1489849,34"
"2026-06-26 13:43:48.523000000";"Roraima Energia";"02341470000144";"Concessão";"RR";"Norte";"2019";"Renovação";"";"2016950,00";"640938,00"
"2026-06-26 13:43:48.523000000";"Roraima Energia";"02341470000144";"Concessão";"RR";"Norte";"2020";"Expansão";"";"6985277,27";"5608744,29"
"2026-06-26 13:43:48.523000000";"Roraima Energia";"02341470000144";"Concessão";"RR";"Norte";"2020";"Expansão";"Luz Para Todos";"3089519,32";"72479984,22"
"2026-06-26 13:43:48.523000000";"Roraima Energia";"02341470000144";"Concessão";"RR";"Norte";"2020";"Expansão";"Planejamento Setorial";"3052788,22";",00"
"2026-06-26 13:43:48.523000000";"Roraima Energia";"02341470000144";"Concessão";"RR";"Norte";"2020";"Melhoria";"";"1843879,61";"887588,80"
"2026-06-26 13:43:48.523000000";"Roraima Energia";"02341470000144";"Concessão";"RR";"Norte";"2020";"Renovação";"";",00";"435000,00"
"2026-06-26 13:43:48.523000000";"Roraima Energia";"02341470000144";"Concessão";"RR";"Norte";"2021";"Expansão";"";"6200000,00";"16586341,33"
"2026-06-26 13:43:48.523000000";"Roraima Energia";"02341470000144";"Concessão";"RR";"Norte";"2021";"Expansão";"Luz Para Todos";"21579955,36";"53828702,92"
"2026-06-26 13:43:48.523000000";"Roraima Energia";"02341470000144";"Concessão";"RR";"Norte";"2021";"Expansão";"Planejamento Setorial";"13211014,28";"11410962,20"
"2026-06-26 13:43:48.523000000";"Roraima Energia";"02341470000144";"Concessão";"RR";"Norte";"2021";"Melhoria";"";"7748000,00";"14896624,16"
"2026-06-26 13:43:48.523000000";"Roraima Energia";"02341470000144";"Concessão";"RR";"Norte";"2021";"Renovação";"";"4130000,00";"15175107,14"
"2026-06-26 13:43:48.523000000";"Roraima Energia";"02341470000144";"Concessão";"RR";"Norte";"2022";"Expansão";"";"30200000,00";"16031503,59"
"2026-06-26 13:43:48.523000000";"Roraima Energia";"02341470000144";"Concessão";"RR";"Norte";"2022";"Expansão";"Luz Para Todos";"42293000,00";"99617678,48"
"2026-06-26 13:43:48.523000000";"Roraima Energia";"02341470000144";"Concessão";"RR";"Norte";"2022";"Melhoria";"";"13350000,00";"13771893,49"
"2026-06-26 13:43:48.523000000";"Roraima Energia";"02341470000144";"Concessão";"RR";"Norte";"2022";"Renovação";"";"12400000,00";"13141479,55"
"2026-06-26 13:43:48.523000000";"Roraima Energia";"02341470000144";"Concessão";"RR";"Norte";"2023";"Expansão";"";"33585662,60";"33262713,04"
"2026-06-26 13:43:48.523000000";"Roraima Energia";"02341470000144";"Concessão";"RR";"Norte";"2023";"Expansão";"Luz Para Todos";"56192492,97";"94542751,98"
"2026-06-26 13:43:48.523000000";"Roraima Energia";"02341470000144";"Concessão";"RR";"Norte";"2023";"Melhoria";"";"5903719,68";"9574720,99"
"2026-06-26 13:43:48.523000000";"Roraima Energia";"02341470000144";"Concessão";"RR";"Norte";"2023";"Renovação";"";"27698147,47";"21039506,10"
"2026-06-26 13:43:48.523000000";"Roraima Energia";"02341470000144";"Concessão";"RR";"Norte";"2024";"Expansão";"";"29672772,94";"19894836,64"
"2026-06-26 13:43:48.523000000";"Roraima Energia";"02341470000144";"Concessão";"RR";"Norte";"2024";"Expansão";"Luz Para Todos";"28464825,59";"83773097,41"
"2026-06-26 13:43:48.523000000";"Roraima Energia";"02341470000144";"Concessão";"RR";"Norte";"2024";"Melhoria";"";"13359836,68";"15217054,45"
"2026-06-26 13:43:48.523000000";"Roraima Energia";"02341470000144";"Concessão";"RR";"Norte";"2024";"Renovação";"";"25860525,79";"24258954,29"
"2026-06-26 13:43:48.523000000";"Roraima Energia";"02341470000144";"Concessão";"RR";"Norte";"2025";"Expansão";"";"47700939,67";"87297719,90"
"2026-06-26 13:43:48.523000000";"Roraima Energia";"02341470000144";"Concessão";"RR";"Norte";"2025";"Expansão";"Luz Para Todos";"118558917,63";"63221508,00"
"2026-06-26 13:43:48.523000000";"Roraima Energia";"02341470000144";"Concessão";"RR";"Norte";"2025";"Melhoria";"";"4054167,84";"6491819,24"
"2026-06-26 13:43:48.523000000";"Roraima Energia";"02341470000144";"Concessão";"RR";"Norte";"2025";"Renovação";"";"30627564,53";"28387145,69"
"2026-06-26 13:43:48.523000000";"Roraima Energia";"02341470000144";"Concessão";"RR";"Norte";"2026";"Expansão";"";",00";"76158787,42"
"2026-06-26 13:43:48.523000000";"Roraima Energia";"02341470000144";"Concessão";"RR";"Norte";"2026";"Expansão";"Luz Para Todos";",00";"143170903,10"
"2026-06-26 13:43:48.523000000";"Roraima Energia";"02341470000144";"Concessão";"RR";"Norte";"2026";"Melhoria";"";",00";"4816101,65"
"2026-06-26 13:43:48.523000000";"Roraima Energia";"02341470000144";"Concessão";"RR";"Norte";"2026";"Renovação";"";",00";"27705586,97"
"2026-06-26 13:43:48.523000000";"Roraima Energia";"02341470000144";"Concessão";"RR";"Norte";"2027";"Expansão";"";",00";"191614495,15"
"2026-06-26 13:43:48.523000000";"Roraima Energia";"02341470000144";"Concessão";"RR";"Norte";"2027";"Melhoria";"";",00";"5966290,74"
"2026-06-26 13:43:48.523000000";"Roraima Energia";"02341470000144";"Concessão";"RR";"Norte";"2027";"Renovação";"";",00";"32260480,32"
"2026-06-26 13:43:48.523000000";"Roraima Energia";"02341470000144";"Concessão";"RR";"Norte";"2028";"Expansão";"";",00";"58388579,13"
"2026-06-26 13:43:48.523000000";"Roraima Energia";"02341470000144";"Concessão";"RR";"Norte";"2028";"Melhoria";"";",00";"6058978,06"
"2026-06-26 13:43:48.523000000";"Roraima Energia";"02341470000144";"Concessão";"RR";"Norte";"2028";"Renovação";"";",00";"35250702,88"
"2026-06-26 13:43:48.523000000";"Roraima Energia";"02341470000144";"Concessão";"RR";"Norte";"2029";"Expansão";"";",00";"40040576,64"
"2026-06-26 13:43:48.523000000";"Roraima Energia";"02341470000144";"Concessão";"RR";"Norte";"2029";"Melhoria";"";",00";"6369941,24"
"2026-06-26 13:43:48.523000000";"Roraima Energia";"02341470000144";"Concessão";"RR";"Norte";"2029";"Renovação";"";",00";"27159681,71"
"2026-06-26 13:43:48.523000000";"Roraima Energia";"02341470000144";"Concessão";"RR";"Norte";"2030";"Expansão";"";",00";"49150678,19"
"2026-06-26 13:43:48.523000000";"Roraima Energia";"02341470000144";"Concessão";"RR";"Norte";"2030";"Melhoria";"";",00";"6475327,96"
"2026-06-26 13:43:48.523000000";"Roraima Energia";"02341470000144";"Concessão";"RR";"Norte";"2030";"Renovação";"";",00";"27334396,05"
"2026-06-26 13:43:48.523000000";"Santa Maria";"27485069000109";"Concessão";"ES";"Sudeste";"2016";"Expansão";"";"8183532,67";"5701740,00"
"2026-06-26 13:43:48.523000000";"Santa Maria";"27485069000109";"Concessão";"ES";"Sudeste";"2016";"Expansão";"Planejamento Setorial";"1064346,17";"2996420,12"
"2026-06-26 13:43:48.523000000";"Santa Maria";"27485069000109";"Concessão";"ES";"Sudeste";"2016";"Melhoria";"";",00";"647188,00"
"2026-06-26 13:43:48.523000000";"Santa Maria";"27485069000109";"Concessão";"ES";"Sudeste";"2016";"Melhoria";"Planejamento Setorial";"1196019,95";"1385000,00"
"2026-06-26 13:43:48.523000000";"Santa Maria";"27485069000109";"Concessão";"ES";"Sudeste";"2017";"Expansão";"";",00";"4911472,00"
"2026-06-26 13:43:48.523000000";"Santa Maria";"27485069000109";"Concessão";"ES";"Sudeste";"2017";"Expansão";"Planejamento Setorial";",00";"368760,00"
"2026-06-26 13:43:48.523000000";"Santa Maria";"27485069000109";"Concessão";"ES";"Sudeste";"2017";"Melhoria";"";",00";"1407600,00"
"2026-06-26 13:43:48.523000000";"Santa Maria";"27485069000109";"Concessão";"ES";"Sudeste";"2017";"Melhoria";"Planejamento Setorial";",00";"5133320,00"
"2026-06-26 13:43:48.523000000";"Santa Maria";"27485069000109";"Concessão";"ES";"Sudeste";"2017";"Renovação";"";"168991,58";",00"
"2026-06-26 13:43:48.523000000";"Santa Maria";"27485069000109";"Concessão";"ES";"Sudeste";"2017";"Renovação";"Planejamento Setorial";",00";"198000,00"
"2026-06-26 13:43:48.523000000";"Santa Maria";"27485069000109";"Concessão";"ES";"Sudeste";"2018";"Expansão";"";",00";"5477245,00"
"2026-06-26 13:43:48.523000000";"Santa Maria";"27485069000109";"Concessão";"ES";"Sudeste";"2018";"Expansão";"Obra com Participação Financeira";",00";"2676370,00"
"2026-06-26 13:43:48.523000000";"Santa Maria";"27485069000109";"Concessão";"ES";"Sudeste";"2018";"Melhoria";"";"70544,61";"2012940,00"
"2026-06-26 13:43:48.523000000";"Santa Maria";"27485069000109";"Concessão";"ES";"Sudeste";"2018";"Renovação";"";"22669,43";"973980,00"
"2026-06-26 13:43:48.523000000";"Santa Maria";"27485069000109";"Concessão";"ES";"Sudeste";"2018";"Renovação";"Obra com Participação Financeira";",00";"716290,00"
"2026-06-26 13:43:48.523000000";"Santa Maria";"27485069000109";"Concessão";"ES";"Sudeste";"2019";"Expansão";"";"5746729,25";"2991500,00"
"2026-06-26 13:43:48.523000000";"Santa Maria";"27485069000109";"Concessão";"ES";"Sudeste";"2019";"Expansão";"Obra com Participação Financeira";"2992587,34";"2444800,00"
"2026-06-26 13:43:48.523000000";"Santa Maria";"27485069000109";"Concessão";"ES";"Sudeste";"2019";"Melhoria";"";"1498038,15";"2707460,00"
"2026-06-26 13:43:48.523000000";"Santa Maria";"27485069000109";"Concessão";"ES";"Sudeste";"2019";"Renovação";"";"684150,89";"1263420,00"
"2026-06-26 13:43:48.523000000";"Santa Maria";"27485069000109";"Concessão";"ES";"Sudeste";"2019";"Renovação";"Obra com Participação Financeira";"854170,88";"914780,00"
"2026-06-26 13:43:48.523000000";"Santa Maria";"27485069000109";"Concessão";"ES";"Sudeste";"2020";"Expansão";"";"1520549,63";"3999800,00"
"2026-06-26 13:43:48.523000000";"Santa Maria";"27485069000109";"Concessão";"ES";"Sudeste";"2020";"Expansão";"Obra com Participação Financeira";"6696891,74";"5279920,00"
"2026-06-26 13:43:48.523000000";"Santa Maria";"27485069000109";"Concessão";"ES";"Sudeste";"2020";"Melhoria";"";"1648327,97";"2811800,00"
"2026-06-26 13:43:48.523000000";"Santa Maria";"27485069000109";"Concessão";"ES";"Sudeste";"2020";"Melhoria";"Obra com Participação Financeira";"600218,48";"445480,00"
"2026-06-26 13:43:48.523000000";"Santa Maria";"27485069000109";"Concessão";"ES";"Sudeste";"2020";"Renovação";"";"969205,07";"910900,00"
"2026-06-26 13:43:48.523000000";"Santa Maria";"27485069000109";"Concessão";"ES";"Sudeste";"2020";"Renovação";"Obra com Participação Financeira";"1376929,15";"965820,00"
"2026-06-26 13:43:48.523000000";"Santa Maria";"27485069000109";"Concessão";"ES";"Sudeste";"2021";"Expansão";"";"4575762,18";"3939000,00"
"2026-06-26 13:43:48.523000000";"Santa Maria";"27485069000109";"Concessão";"ES";"Sudeste";"2021";"Expansão";"Obra com Participação Financeira";"6890232,98";"5204120,00"
"2026-06-26 13:43:48.523000000";"Santa Maria";"27485069000109";"Concessão";"ES";"Sudeste";"2021";"Melhoria";"";"912336,82";"1137000,00"
"2026-06-26 13:43:48.523000000";"Santa Maria";"27485069000109";"Concessão";"ES";"Sudeste";"2021";"Melhoria";"Obra com Participação Financeira";"894546,61";"445480,00"
"2026-06-26 13:43:48.523000000";"Santa Maria";"27485069000109";"Concessão";"ES";"Sudeste";"2021";"Renovação";"";"838425,29";"932600,00"
"2026-06-26 13:43:48.523000000";"Santa Maria";"27485069000109";"Concessão";"ES";"Sudeste";"2021";"Renovação";"Obra com Participação Financeira";"1113099,26";"965820,00"
"2026-06-26 13:43:48.523000000";"Santa Maria";"27485069000109";"Concessão";"ES";"Sudeste";"2022";"Expansão";"";"2042667,45";"1993125,00"
"2026-06-26 13:43:48.523000000";"Santa Maria";"27485069000109";"Concessão";"ES";"Sudeste";"2022";"Expansão";"Obra com Participação Financeira";"11226106,10";"6731500,00"
"2026-06-26 13:43:48.523000000";"Santa Maria";"27485069000109";"Concessão";"ES";"Sudeste";"2022";"Melhoria";"";"565468,11";"1072800,00"
"2026-06-26 13:43:48.523000000";"Santa Maria";"27485069000109";"Concessão";"ES";"Sudeste";"2022";"Melhoria";"Obra com Participação Financeira";"862685,92";"872800,00"
"2026-06-26 13:43:48.523000000";"Santa Maria";"27485069000109";"Concessão";"ES";"Sudeste";"2022";"Renovação";"";"2094741,98";"2154300,00"
"2026-06-26 13:43:48.523000000";"Santa Maria";"27485069000109";"Concessão";"ES";"Sudeste";"2023";"Expansão";"";"18614171,93";"10123625,00"
"2026-06-26 13:43:48.523000000";"Santa Maria";"27485069000109";"Concessão";"ES";"Sudeste";"2023";"Melhoria";"";"3057351,85";"4177371,00"
"2026-06-26 13:43:48.523000000";"Santa Maria";"27485069000109";"Concessão";"ES";"Sudeste";"2023";"Renovação";"";"2773535,04";"2643653,00"
"2026-06-26 13:43:48.523000000";"Santa Maria";"27485069000109";"Concessão";"ES";"Sudeste";"2024";"Expansão";"";"27036603,12";"108084600,02"
"2026-06-26 13:43:48.523000000";"Santa Maria";"27485069000109";"Concessão";"ES";"Sudeste";"2024";"Melhoria";"";"3279176,08";"6541571,00"
"2026-06-26 13:43:48.523000000";"Santa Maria";"27485069000109";"Concessão";"ES";"Sudeste";"2024";"Renovação";"";"3823094,12";"5271553,00"
"2026-06-26 13:43:48.523000000";"Santa Maria";"27485069000109";"Concessão";"ES";"Sudeste";"2025";"Expansão";"";"103174936,97";"108118394,02"
"2026-06-26 13:43:48.523000000";"Santa Maria";"27485069000109";"Concessão";"ES";"Sudeste";"2025";"Melhoria";"";"5847883,94";"5414101,00"
"2026-06-26 13:43:48.523000000";"Santa Maria";"27485069000109";"Concessão";"ES";"Sudeste";"2025";"Renovação";"";"2902367,84";"5146463,00"
"2026-06-26 13:43:48.523000000";"Santa Maria";"27485069000109";"Concessão";"ES";"Sudeste";"2026";"Expansão";"";",00";"25851876,00"
"2026-06-26 13:43:48.523000000";"Santa Maria";"27485069000109";"Concessão";"ES";"Sudeste";"2026";"Melhoria";"";",00";"9600461,60"
"2026-06-26 13:43:48.523000000";"Santa Maria";"27485069000109";"Concessão";"ES";"Sudeste";"2026";"Renovação";"";",00";"3989446,00"
"2026-06-26 13:43:48.523000000";"Santa Maria";"27485069000109";"Concessão";"ES";"Sudeste";"2027";"Expansão";"";",00";"26726049,00"
"2026-06-26 13:43:48.523000000";"Santa Maria";"27485069000109";"Concessão";"ES";"Sudeste";"2027";"Melhoria";"";",00";"10398096,50"
"2026-06-26 13:43:48.523000000";"Santa Maria";"27485069000109";"Concessão";"ES";"Sudeste";"2027";"Renovação";"";",00";"5220510,00"
"2026-06-26 13:43:48.523000000";"Santa Maria";"27485069000109";"Concessão";"ES";"Sudeste";"2028";"Expansão";"";",00";"22414894,00"
"2026-06-26 13:43:48.523000000";"Santa Maria";"27485069000109";"Concessão";"ES";"Sudeste";"2028";"Melhoria";"";",00";"6993096,50"
"2026-06-26 13:43:48.523000000";"Santa Maria";"27485069000109";"Concessão";"ES";"Sudeste";"2028";"Renovação";"";",00";"4760510,00"
"2026-06-26 13:43:48.523000000";"Santa Maria";"27485069000109";"Concessão";"ES";"Sudeste";"2029";"Expansão";"";",00";"25601510,00"
"2026-06-26 13:43:48.523000000";"Santa Maria";"27485069000109";"Concessão";"ES";"Sudeste";"2029";"Melhoria";"";",00";"6936222,23"
"2026-06-26 13:43:48.523000000";"Santa Maria";"27485069000109";"Concessão";"ES";"Sudeste";"2029";"Renovação";"";",00";"5026240,00"
"2026-06-26 13:43:48.523000000";"Santa Maria";"27485069000109";"Concessão";"ES";"Sudeste";"2030";"Expansão";"";",00";"31448180,00"
"2026-06-26 13:43:48.523000000";"Santa Maria";"27485069000109";"Concessão";"ES";"Sudeste";"2030";"Melhoria";"";",00";"7438402,23"
"2026-06-26 13:43:48.523000000";"Santa Maria";"27485069000109";"Concessão";"ES";"Sudeste";"2030";"Renovação";"";",00";"5026240,00"
"2026-06-26 13:43:48.523000000";"Sulgipe";"13255658000196";"Concessão";"SE";"Nordeste";"2016";"Expansão";"";"5509011,23";"2301659,16"
"2026-06-26 13:43:48.523000000";"Sulgipe";"13255658000196";"Concessão";"SE";"Nordeste";"2016";"Expansão";"Obra com Participação Financeira";"710506,87";"490967,54"
"2026-06-26 13:43:48.523000000";"Sulgipe";"13255658000196";"Concessão";"SE";"Nordeste";"2016";"Melhoria";"";"7875324,03";"7141325,81"
"2026-06-26 13:43:48.523000000";"Sulgipe";"13255658000196";"Concessão";"SE";"Nordeste";"2016";"Renovação";"";"1785087,92";"1097022,97"
"2026-06-26 13:43:48.523000000";"Sulgipe";"13255658000196";"Concessão";"SE";"Nordeste";"2017";"Expansão";"";"3375072,24";"5703828,87"
"2026-06-26 13:43:48.523000000";"Sulgipe";"13255658000196";"Concessão";"SE";"Nordeste";"2017";"Expansão";"Obra com Participação Financeira";"359591,10";",00"
"2026-06-26 13:43:48.523000000";"Sulgipe";"13255658000196";"Concessão";"SE";"Nordeste";"2017";"Melhoria";"";"2166032,79";"4243769,50"
"2026-06-26 13:43:48.523000000";"Sulgipe";"13255658000196";"Concessão";"SE";"Nordeste";"2017";"Renovação";"";"1592605,26";"1188688,93"
"2026-06-26 13:43:48.523000000";"Sulgipe";"13255658000196";"Concessão";"SE";"Nordeste";"2018";"Expansão";"";"3433998,45";"5710246,34"
"2026-06-26 13:43:48.523000000";"Sulgipe";"13255658000196";"Concessão";"SE";"Nordeste";"2018";"Expansão";"Obra com Participação Financeira";"289796,94";",00"
"2026-06-26 13:43:48.523000000";"Sulgipe";"13255658000196";"Concessão";"SE";"Nordeste";"2018";"Melhoria";"";"3673923,10";"4056494,69"
"2026-06-26 13:43:48.523000000";"Sulgipe";"13255658000196";"Concessão";"SE";"Nordeste";"2018";"Renovação";"";"1444026,94";"1445186,08"
"2026-06-26 13:43:48.523000000";"Sulgipe";"13255658000196";"Concessão";"SE";"Nordeste";"2019";"Expansão";"";"4506728,66";"6695847,09"
"2026-06-26 13:43:48.523000000";"Sulgipe";"13255658000196";"Concessão";"SE";"Nordeste";"2019";"Expansão";"Obra com Participação Financeira";"366377,30";"124930,27"
"2026-06-26 13:43:48.523000000";"Sulgipe";"13255658000196";"Concessão";"SE";"Nordeste";"2019";"Melhoria";"";"932383,63";"3028236,73"
"2026-06-26 13:43:48.523000000";"Sulgipe";"13255658000196";"Concessão";"SE";"Nordeste";"2019";"Renovação";"";"1235089,36";"2397329,77"
"2026-06-26 13:43:48.523000000";"Sulgipe";"13255658000196";"Concessão";"SE";"Nordeste";"2020";"Expansão";"";"9268865,25";"8408263,83"
"2026-06-26 13:43:48.523000000";"Sulgipe";"13255658000196";"Concessão";"SE";"Nordeste";"2020";"Expansão";"Obra com Participação Financeira";"405232,27";"325482,74"
"2026-06-26 13:43:48.523000000";"Sulgipe";"13255658000196";"Concessão";"SE";"Nordeste";"2020";"Melhoria";"";"5467646,74";"5501344,41"
"2026-06-26 13:43:48.523000000";"Sulgipe";"13255658000196";"Concessão";"SE";"Nordeste";"2020";"Renovação";"";"1236463,54";"3016631,85"
"2026-06-26 13:43:48.523000000";"Sulgipe";"13255658000196";"Concessão";"SE";"Nordeste";"2021";"Expansão";"";"7555292,60";"4218319,28"
"2026-06-26 13:43:48.523000000";"Sulgipe";"13255658000196";"Concessão";"SE";"Nordeste";"2021";"Expansão";"Obra com Participação Financeira";"742690,95";"393647,18"
"2026-06-26 13:43:48.523000000";"Sulgipe";"13255658000196";"Concessão";"SE";"Nordeste";"2021";"Melhoria";"";"15038540,23";"10769076,33"
"2026-06-26 13:43:48.523000000";"Sulgipe";"13255658000196";"Concessão";"SE";"Nordeste";"2021";"Renovação";"";"4830934,54";"3487402,15"
"2026-06-26 13:43:48.523000000";"Sulgipe";"13255658000196";"Concessão";"SE";"Nordeste";"2022";"Expansão";"";"4701910,63";"3934826,29"
"2026-06-26 13:43:48.523000000";"Sulgipe";"13255658000196";"Concessão";"SE";"Nordeste";"2022";"Expansão";"Obra com Participação Financeira";"745847,16";"522806,72"
"2026-06-26 13:43:48.523000000";"Sulgipe";"13255658000196";"Concessão";"SE";"Nordeste";"2022";"Melhoria";"";"3911489,55";"3829133,29"
"2026-06-26 13:43:48.523000000";"Sulgipe";"13255658000196";"Concessão";"SE";"Nordeste";"2022";"Renovação";"";"2590637,82";"1658202,20"
"2026-06-26 13:43:48.523000000";"Sulgipe";"13255658000196";"Concessão";"SE";"Nordeste";"2023";"Expansão";"";"5204344,70";"3329395,18"
"2026-06-26 13:43:48.523000000";"Sulgipe";"13255658000196";"Concessão";"SE";"Nordeste";"2023";"Expansão";"Obra com Participação Financeira";"1443215,12";"799761,52"
"2026-06-26 13:43:48.523000000";"Sulgipe";"13255658000196";"Concessão";"SE";"Nordeste";"2023";"Melhoria";"";"6059002,16";"9057081,27"
"2026-06-26 13:43:48.523000000";"Sulgipe";"13255658000196";"Concessão";"SE";"Nordeste";"2023";"Renovação";"";"3107943,34";"3532172,74"
"2026-06-26 13:43:48.523000000";"Sulgipe";"13255658000196";"Concessão";"SE";"Nordeste";"2024";"Expansão";"";"6850434,95";"23708166,25"
"2026-06-26 13:43:48.523000000";"Sulgipe";"13255658000196";"Concessão";"SE";"Nordeste";"2024";"Expansão";"Obra com Participação Financeira";"519234,89";"362726,96"
"2026-06-26 13:43:48.523000000";"Sulgipe";"13255658000196";"Concessão";"SE";"Nordeste";"2024";"Melhoria";"";"4958787,35";"9399675,06"
"2026-06-26 13:43:48.523000000";"Sulgipe";"13255658000196";"Concessão";"SE";"Nordeste";"2024";"Renovação";"";"4056555,43";"3633189,62"
"2026-06-26 13:43:48.523000000";"Sulgipe";"13255658000196";"Concessão";"SE";"Nordeste";"2025";"Expansão";"";"9033253,77";"25279123,54"
"2026-06-26 13:43:48.523000000";"Sulgipe";"13255658000196";"Concessão";"SE";"Nordeste";"2025";"Expansão";"Obra com Participação Financeira";"812925,25";"600807,12"
"2026-06-26 13:43:48.523000000";"Sulgipe";"13255658000196";"Concessão";"SE";"Nordeste";"2025";"Melhoria";"";"5178801,99";"7682674,92"
"2026-06-26 13:43:48.523000000";"Sulgipe";"13255658000196";"Concessão";"SE";"Nordeste";"2025";"Renovação";"";"3812350,54";"2818935,04"
"2026-06-26 13:43:48.523000000";"Sulgipe";"13255658000196";"Concessão";"SE";"Nordeste";"2026";"Expansão";"";",00";"32238319,71"
"2026-06-26 13:43:48.523000000";"Sulgipe";"13255658000196";"Concessão";"SE";"Nordeste";"2026";"Expansão";"Obra com Participação Financeira";",00";"647305,07"
"2026-06-26 13:43:48.523000000";"Sulgipe";"13255658000196";"Concessão";"SE";"Nordeste";"2026";"Melhoria";"";",00";"9302296,31"
"2026-06-26 13:43:48.523000000";"Sulgipe";"13255658000196";"Concessão";"SE";"Nordeste";"2026";"Renovação";"";",00";"3656516,48"
"2026-06-26 13:43:48.523000000";"Sulgipe";"13255658000196";"Concessão";"SE";"Nordeste";"2027";"Expansão";"";",00";"5577135,05"
"2026-06-26 13:43:48.523000000";"Sulgipe";"13255658000196";"Concessão";"SE";"Nordeste";"2027";"Melhoria";"";",00";"4407114,43"
"2026-06-26 13:43:48.523000000";"Sulgipe";"13255658000196";"Concessão";"SE";"Nordeste";"2027";"Renovação";"";",00";"12148256,56"
"2026-06-26 13:43:48.523000000";"Sulgipe";"13255658000196";"Concessão";"SE";"Nordeste";"2028";"Expansão";"";",00";"5577135,05"
"2026-06-26 13:43:48.523000000";"Sulgipe";"13255658000196";"Concessão";"SE";"Nordeste";"2028";"Melhoria";"";",00";"4407114,43"
"2026-06-26 13:43:48.523000000";"Sulgipe";"13255658000196";"Concessão";"SE";"Nordeste";"2028";"Renovação";"";",00";"15000708,76"
"2026-06-26 13:43:48.523000000";"Sulgipe";"13255658000196";"Concessão";"SE";"Nordeste";"2029";"Expansão";"";",00";"17466458,96"
"2026-06-26 13:43:48.523000000";"Sulgipe";"13255658000196";"Concessão";"SE";"Nordeste";"2029";"Melhoria";"";",00";"4964721,43"
"2026-06-26 13:43:48.523000000";"Sulgipe";"13255658000196";"Concessão";"SE";"Nordeste";"2029";"Renovação";"";",00";"2826436,27"
"2026-06-26 13:43:48.523000000";"Sulgipe";"13255658000196";"Concessão";"SE";"Nordeste";"2030";"Expansão";"";",00";"6134742,05"
"2026-06-26 13:43:48.523000000";"Sulgipe";"13255658000196";"Concessão";"SE";"Nordeste";"2030";"Melhoria";"";",00";"10389283,00"
"2026-06-26 13:43:48.523000000";"Sulgipe";"13255658000196";"Concessão";"SE";"Nordeste";"2030";"Renovação";"";",00";"4470436,27"
